invoice_no,contract_ref,contractor,well_name,rig,field,well_class,period_start,period_end,invoice_date,net_amount,vat_amount,invoice_total,adjustment
MDS-00001,DDS-2025-118,Meridian Downhole Services Ltd,NGP-BD-194,NG-Rig 44,Harran,Standard,01-Jan-2025,04-Jan-2025,27-Jan-2025,99820.36,14973.05,114793.41,0.00
MDS-00002,DDS-2025-118,Meridian Downhole Services Ltd,NGP-WS-141,NG-Rig 35,Wadi Sahm,Standard,01-Jan-2025,04-Jan-2025,07-Jan-2025,93275.56,13991.33,107266.89,0.00
MDS-00003,DDS-2025-118,Meridian Downhole Services Ltd,NGP-BD-088,NG-Rig 26,Burqan Deep,HPHT,04-Jan-2025,07-Jan-2025,05-Feb-2025,100727.10,15109.06,115836.16,0.00
MDS-00004,DDS-2025-118,Meridian Downhole Services Ltd,NGP-QA-070,NG-Rig 23,Burqan Deep,HPHT,04-Jan-2025,09-Jan-2025,28-Jan-2025,125783.68,18867.55,144651.23,0.00
MDS-00005,DDS-2025-118,Meridian Downhole Services Ltd,NGP-BD-018,NG-Rig 14,Qarn Alam North,Standard,05-Jan-2025,09-Jan-2025,21-Jan-2025,101986.72,15298.01,117284.73,0.00
MDS-00006,DDS-2025-118,Meridian Downhole Services Ltd,NGP-BD-194,NG-Rig 44,Harran,Standard,05-Jan-2025,07-Jan-2025,15-Jan-2025,42269.46,6340.42,48609.88,0.00
MDS-00007,DDS-2025-118,Meridian Downhole Services Ltd,NGP-WS-141,NG-Rig 35,Wadi Sahm,Standard,05-Jan-2025,09-Jan-2025,30-Jan-2025,72895.25,10934.29,83829.54,0.00
MDS-00008,DDS-2025-118,Meridian Downhole Services Ltd,NGP-WS-211,NG-Rig 47,Harran,Standard,05-Jan-2025,08-Jan-2025,26-Jan-2025,92746.46,13911.97,106658.43,0.00
MDS-00009,DDS-2025-118,Meridian Downhole Services Ltd,NGP-WS-106,NG-Rig 30,Harran,Standard,06-Jan-2025,11-Jan-2025,04-Feb-2025,125289.30,18793.40,144082.70,0.00
MDS-00010,DDS-2025-118,Meridian Downhole Services Ltd,NGP-HA-052,NG-Rig 21,Harran,Extended Reach,07-Jan-2025,11-Jan-2025,15-Jan-2025,119335.94,17900.39,137236.33,0.00
MDS-00011,DDS-2025-118,Meridian Downhole Services Ltd,NGP-BD-088,NG-Rig 26,Burqan Deep,HPHT,08-Jan-2025,10-Jan-2025,05-Feb-2025,47222.83,7083.42,54306.25,0.00
MDS-00012,DDS-2025-118,Meridian Downhole Services Ltd,NGP-BD-194,NG-Rig 44,Harran,Standard,08-Jan-2025,11-Jan-2025,18-Jan-2025,61251.58,9187.74,70439.32,0.00
MDS-00013,DDS-2025-118,Meridian Downhole Services Ltd,NGP-HA-035,NG-Rig 17,Burqan Deep,Extended Reach,08-Jan-2025,11-Jan-2025,31-Jan-2025,94482.41,14172.36,108654.77,0.00
MDS-00014,DDS-2025-118,Meridian Downhole Services Ltd,NGP-HA-159,NG-Rig 38,Qarn Alam North,Extended Reach,08-Jan-2025,10-Jan-2025,04-Feb-2025,80207.13,12031.07,92238.20,0.00
MDS-00015,DDS-2025-118,Meridian Downhole Services Ltd,NGP-WS-211,NG-Rig 47,Harran,Standard,09-Jan-2025,11-Jan-2025,09-Feb-2025,42269.46,6340.42,48609.88,0.00
MDS-00016,DDS-2025-118,Meridian Downhole Services Ltd,NGP-BD-018,NG-Rig 14,Qarn Alam North,Standard,10-Jan-2025,14-Jan-2025,01-Feb-2025,83823.15,12573.47,96396.62,0.00
MDS-00017,DDS-2025-118,Meridian Downhole Services Ltd,NGP-QA-070,NG-Rig 23,Burqan Deep,HPHT,10-Jan-2025,12-Jan-2025,27-Jan-2025,44776.68,6716.50,51493.18,0.00
MDS-00018,DDS-2025-118,Meridian Downhole Services Ltd,NGP-WS-141,NG-Rig 35,Wadi Sahm,Standard,10-Jan-2025,13-Jan-2025,16-Jan-2025,1332632.44,199894.87,1532527.31,0.00
MDS-00019,DDS-2025-118,Meridian Downhole Services Ltd,NGP-BD-088,NG-Rig 26,Burqan Deep,HPHT,11-Jan-2025,13-Jan-2025,07-Feb-2025,54561.28,8184.19,62745.47,0.00
MDS-00020,DDS-2025-118,Meridian Downhole Services Ltd,NGP-HA-124,NG-Rig 32,Qarn Alam North,Extended Reach,11-Jan-2025,16-Jan-2025,10-Feb-2025,123562.07,18534.31,142096.38,0.00
MDS-00021,DDS-2025-118,Meridian Downhole Services Ltd,NGP-HA-159,NG-Rig 38,Qarn Alam North,Extended Reach,11-Jan-2025,15-Jan-2025,06-Feb-2025,77645.25,11646.79,89292.04,0.00
MDS-00022,DDS-2025-118,Meridian Downhole Services Ltd,NGP-BD-194,NG-Rig 44,Harran,Standard,12-Jan-2025,17-Jan-2025,09-Feb-2025,179456.66,26918.50,206375.16,0.00
MDS-00023,DDS-2025-118,Meridian Downhole Services Ltd,NGP-HA-035,NG-Rig 17,Burqan Deep,Extended Reach,12-Jan-2025,15-Jan-2025,24-Jan-2025,59356.42,8903.46,68259.88,0.00
MDS-00024,DDS-2025-118,Meridian Downhole Services Ltd,NGP-HA-052,NG-Rig 21,Harran,Extended Reach,12-Jan-2025,15-Jan-2025,21-Jan-2025,63051.62,9457.74,72509.36,0.00
MDS-00025,DDS-2025-118,Meridian Downhole Services Ltd,NGP-WS-106,NG-Rig 30,Harran,Standard,12-Jan-2025,15-Jan-2025,31-Jan-2025,89199.26,13379.89,102579.15,0.00
MDS-00026,DDS-2025-118,Meridian Downhole Services Ltd,NGP-WS-211,NG-Rig 47,Harran,Standard,12-Jan-2025,16-Jan-2025,25-Jan-2025,77043.90,11556.58,88600.48,0.00
MDS-00027,DDS-2025-118,Meridian Downhole Services Ltd,NGP-BD-177,NG-Rig 41,Burqan Deep,Standard,13-Jan-2025,15-Jan-2025,01-Feb-2025,78392.09,11758.81,90150.90,0.00
MDS-00028,DDS-2025-118,Meridian Downhole Services Ltd,NGP-QA-001,NG-Rig 11,Qarn Alam North,HPHT,13-Jan-2025,16-Jan-2025,03-Feb-2025,101618.51,15242.78,116861.29,0.00
MDS-00029,DDS-2025-118,Meridian Downhole Services Ltd,NGP-QA-070,NG-Rig 23,Burqan Deep,HPHT,13-Jan-2025,16-Jan-2025,08-Feb-2025,119388.55,17908.28,137296.83,0.00
MDS-00030,DDS-2025-118,Meridian Downhole Services Ltd,NGP-BD-088,NG-Rig 26,Burqan Deep,HPHT,14-Jan-2025,18-Jan-2025,27-Jan-2025,103945.24,15591.79,119537.03,0.00
MDS-00031,DDS-2025-118,Meridian Downhole Services Ltd,NGP-WS-141,NG-Rig 35,Wadi Sahm,Standard,14-Jan-2025,17-Jan-2025,21-Jan-2025,163950.10,24592.52,188542.62,0.00
MDS-00032,DDS-2025-118,Meridian Downhole Services Ltd,NGP-BD-018,NG-Rig 14,Qarn Alam North,Standard,15-Jan-2025,18-Jan-2025,31-Jan-2025,89393.79,13409.07,102802.86,0.00
MDS-00033,DDS-2025-118,Meridian Downhole Services Ltd,NGP-BD-177,NG-Rig 41,Burqan Deep,Standard,16-Jan-2025,21-Jan-2025,08-Feb-2025,87292.36,13093.85,100386.21,0.00
MDS-00034,DDS-2025-118,Meridian Downhole Services Ltd,NGP-HA-035,NG-Rig 17,Burqan Deep,Extended Reach,16-Jan-2025,18-Jan-2025,25-Jan-2025,56971.14,8545.67,65516.81,0.00
MDS-00035,DDS-2025-118,Meridian Downhole Services Ltd,NGP-HA-052,NG-Rig 21,Harran,Extended Reach,16-Jan-2025,19-Jan-2025,25-Jan-2025,88133.92,13220.09,101354.01,0.00
MDS-00036,DDS-2025-118,Meridian Downhole Services Ltd,NGP-HA-159,NG-Rig 38,Qarn Alam North,Extended Reach,16-Jan-2025,21-Jan-2025,12-Feb-2025,115905.41,17385.81,133291.22,0.00
MDS-00037,DDS-2025-118,Meridian Downhole Services Ltd,NGP-WS-106,NG-Rig 30,Harran,Standard,16-Jan-2025,21-Jan-2025,27-Jan-2025,204519.85,30677.98,235197.83,0.00
MDS-00038,DDS-2025-118,Meridian Downhole Services Ltd,NGP-HA-124,NG-Rig 32,Qarn Alam North,Extended Reach,17-Jan-2025,21-Jan-2025,17-Mar-2025,84800.45,12720.07,97520.52,0.00
MDS-00039,DDS-2025-118,Meridian Downhole Services Ltd,NGP-QA-001,NG-Rig 11,Qarn Alam North,HPHT,17-Jan-2025,19-Jan-2025,30-Jan-2025,44776.68,6716.50,51493.18,0.00
MDS-00040,DDS-2025-118,Meridian Downhole Services Ltd,NGP-QA-070,NG-Rig 23,Burqan Deep,HPHT,17-Jan-2025,20-Jan-2025,31-Jan-2025,171427.16,25714.07,197141.23,0.00
MDS-00041,DDS-2025-118,Meridian Downhole Services Ltd,NGP-WS-211,NG-Rig 47,Harran,Standard,17-Jan-2025,21-Jan-2025,08-Feb-2025,97611.90,14641.78,112253.68,0.00
MDS-00042,DDS-2025-118,Meridian Downhole Services Ltd,NGP-BD-194,NG-Rig 44,Harran,Standard,18-Jan-2025,22-Jan-2025,14-Feb-2025,185386.34,27807.95,213194.29,0.00
MDS-00043,DDS-2025-118,Meridian Downhole Services Ltd,NGP-WS-141,NG-Rig 35,Wadi Sahm,Standard,18-Jan-2025,21-Jan-2025,13-Feb-2025,165055.10,24758.26,189813.36,0.00
MDS-00044,DDS-2025-118,Meridian Downhole Services Ltd,NGP-BD-018,NG-Rig 14,Qarn Alam North,Standard,19-Jan-2025,23-Jan-2025,04-Feb-2025,117356.98,17603.55,134960.53,0.00
MDS-00045,DDS-2025-118,Meridian Downhole Services Ltd,NGP-BD-088,NG-Rig 26,Burqan Deep,HPHT,19-Jan-2025,22-Jan-2025,31-Jan-2025,78517.88,11777.68,90295.56,0.00
MDS-00046,DDS-2025-118,Meridian Downhole Services Ltd,NGP-HA-035,NG-Rig 17,Burqan Deep,Extended Reach,19-Jan-2025,22-Jan-2025,14-Feb-2025,80226.80,12034.02,92260.82,0.00
MDS-00047,DDS-2025-118,Meridian Downhole Services Ltd,NGP-HA-052,NG-Rig 21,Harran,Extended Reach,20-Jan-2025,25-Jan-2025,02-Feb-2025,181667.19,27250.08,208917.27,0.00
MDS-00048,DDS-2025-118,Meridian Downhole Services Ltd,NGP-QA-001,NG-Rig 11,Qarn Alam North,HPHT,20-Jan-2025,25-Jan-2025,14-Feb-2025,116322.29,17448.34,133770.63,0.00
MDS-00049,DDS-2025-118,Meridian Downhole Services Ltd,NGP-QA-070,NG-Rig 23,Burqan Deep,HPHT,21-Jan-2025,24-Jan-2025,20-Feb-2025,189558.96,28433.84,217992.80,0.00
MDS-00050,DDS-2025-118,Meridian Downhole Services Ltd,NGP-BD-177,NG-Rig 41,Burqan Deep,Standard,22-Jan-2025,24-Jan-2025,01-Feb-2025,58687.82,8803.17,67490.99,0.00
MDS-00051,DDS-2025-118,Meridian Downhole Services Ltd,NGP-HA-124,NG-Rig 32,Qarn Alam North,Extended Reach,22-Jan-2025,25-Jan-2025,23-Feb-2025,109161.08,16374.16,125535.24,0.00
MDS-00052,DDS-2025-118,Meridian Downhole Services Ltd,NGP-HA-159,NG-Rig 38,Qarn Alam North,Extended Reach,22-Jan-2025,27-Jan-2025,19-Feb-2025,158982.82,23847.42,182830.24,0.00
MDS-00053,DDS-2025-118,Meridian Downhole Services Ltd,NGP-WS-106,NG-Rig 30,Harran,Standard,22-Jan-2025,24-Jan-2025,21-Feb-2025,90191.65,13528.75,103720.40,0.00
MDS-00054,DDS-2025-118,Meridian Downhole Services Ltd,NGP-WS-141,NG-Rig 35,Wadi Sahm,Standard,22-Jan-2025,25-Jan-2025,14-Feb-2025,128246.07,19236.91,147482.98,0.00
MDS-00055,DDS-2025-118,Meridian Downhole Services Ltd,NGP-WS-211,NG-Rig 47,Harran,Standard,22-Jan-2025,25-Jan-2025,16-Feb-2025,89209.99,13381.50,102591.49,0.00
MDS-00056,DDS-2025-118,Meridian Downhole Services Ltd,NGP-BD-088,NG-Rig 26,Burqan Deep,HPHT,23-Jan-2025,26-Jan-2025,15-Feb-2025,87141.56,13071.23,100212.79,0.00
MDS-00057,DDS-2025-118,Meridian Downhole Services Ltd,NGP-BD-194,NG-Rig 44,Harran,Standard,23-Jan-2025,26-Jan-2025,14-Feb-2025,134441.82,20166.27,154608.09,0.00
MDS-00058,DDS-2025-118,Meridian Downhole Services Ltd,NGP-HA-035,NG-Rig 17,Burqan Deep,Extended Reach,23-Jan-2025,26-Jan-2025,09-Feb-2025,87448.88,13117.33,100566.21,0.00
MDS-00059,DDS-2025-118,Meridian Downhole Services Ltd,NGP-BD-018,NG-Rig 14,Qarn Alam North,Standard,24-Jan-2025,26-Jan-2025,10-Feb-2025,79315.90,11897.38,91213.28,0.00
MDS-00060,DDS-2025-118,Meridian Downhole Services Ltd,NGP-BD-177,NG-Rig 41,Burqan Deep,Standard,25-Jan-2025,27-Jan-2025,14-Feb-2025,58336.65,8750.50,67087.15,0.00
MDS-00061,DDS-2025-118,Meridian Downhole Services Ltd,NGP-QA-070,NG-Rig 23,Burqan Deep,HPHT,25-Jan-2025,28-Jan-2025,21-Feb-2025,160206.50,24030.98,184237.48,0.00
MDS-00062,DDS-2025-118,Meridian Downhole Services Ltd,NGP-WS-106,NG-Rig 30,Harran,Standard,25-Jan-2025,27-Jan-2025,11-Feb-2025,117030.42,17554.56,134584.98,0.00
MDS-00063,DDS-2025-118,Meridian Downhole Services Ltd,NGP-HA-052,NG-Rig 21,Harran,Extended Reach,26-Jan-2025,29-Jan-2025,19-Feb-2025,153204.85,22980.73,176185.58,0.00
MDS-00064,DDS-2025-118,Meridian Downhole Services Ltd,NGP-HA-124,NG-Rig 32,Qarn Alam North,Extended Reach,26-Jan-2025,30-Jan-2025,27-Feb-2025,111866.12,16779.92,128646.04,0.00
MDS-00065,DDS-2025-118,Meridian Downhole Services Ltd,NGP-QA-001,NG-Rig 11,Qarn Alam North,HPHT,26-Jan-2025,29-Jan-2025,11-Feb-2025,125982.02,18897.30,144879.32,0.00
MDS-00066,DDS-2025-118,Meridian Downhole Services Ltd,NGP-WS-141,NG-Rig 35,Wadi Sahm,Standard,26-Jan-2025,31-Jan-2025,02-Mar-2025,253286.11,37992.92,291279.03,0.00
MDS-00067,DDS-2025-118,Meridian Downhole Services Ltd,NGP-WS-211,NG-Rig 47,Harran,Standard,26-Jan-2025,29-Jan-2025,26-Feb-2025,88341.30,13251.20,101592.50,0.00
MDS-00068,DDS-2025-118,Meridian Downhole Services Ltd,NGP-BD-018,NG-Rig 14,Qarn Alam North,Standard,27-Jan-2025,30-Jan-2025,26-Feb-2025,102599.65,15389.95,117989.60,0.00
MDS-00069,DDS-2025-118,Meridian Downhole Services Ltd,NGP-BD-088,NG-Rig 26,Burqan Deep,HPHT,27-Jan-2025,31-Jan-2025,15-Feb-2025,144005.20,21600.78,165605.98,0.00
MDS-00070,DDS-2025-118,Meridian Downhole Services Ltd,NGP-BD-194,NG-Rig 44,Harran,Standard,27-Jan-2025,31-Jan-2025,02-Mar-2025,181315.37,27197.31,208512.68,0.00
MDS-00071,DDS-2025-118,Meridian Downhole Services Ltd,NGP-HA-035,NG-Rig 17,Burqan Deep,Extended Reach,27-Jan-2025,01-Feb-2025,23-Feb-2025,134810.44,20221.57,155032.01,0.00
MDS-00072,DDS-2025-118,Meridian Downhole Services Ltd,NGP-BD-177,NG-Rig 41,Burqan Deep,Standard,28-Jan-2025,02-Feb-2025,23-Feb-2025,1307552.40,196132.86,1503685.26,0.00
MDS-00073,DDS-2025-118,Meridian Downhole Services Ltd,NGP-HA-159,NG-Rig 38,Qarn Alam North,Extended Reach,28-Jan-2025,02-Feb-2025,19-Feb-2025,172923.06,25938.46,198861.52,0.00
MDS-00074,DDS-2025-118,Meridian Downhole Services Ltd,NGP-WS-106,NG-Rig 30,Harran,Standard,28-Jan-2025,01-Feb-2025,09-Feb-2025,185714.52,27857.18,213571.70,0.00
MDS-00075,DDS-2025-118,Meridian Downhole Services Ltd,NGP-QA-070,NG-Rig 23,Burqan Deep,HPHT,29-Jan-2025,02-Feb-2025,21-Feb-2025,216029.51,32404.43,248433.94,0.00
MDS-00076,DDS-2025-118,Meridian Downhole Services Ltd,NGP-HA-052,NG-Rig 21,Harran,Extended Reach,30-Jan-2025,02-Feb-2025,15-Feb-2025,163846.64,24577.00,188423.64,0.00
MDS-00077,DDS-2025-118,Meridian Downhole Services Ltd,NGP-QA-001,NG-Rig 11,Qarn Alam North,HPHT,30-Jan-2025,04-Feb-2025,27-Feb-2025,239723.30,35958.50,275681.80,0.00
MDS-00078,DDS-2025-118,Meridian Downhole Services Ltd,NGP-WS-211,NG-Rig 47,Harran,Standard,30-Jan-2025,03-Feb-2025,08-Feb-2025,118835.78,17825.37,136661.15,0.00
MDS-00079,DDS-2025-118,Meridian Downhole Services Ltd,NGP-BD-018,NG-Rig 14,Qarn Alam North,Standard,31-Jan-2025,05-Feb-2025,12-Feb-2025,143459.83,21518.97,164978.80,0.00
MDS-00080,DDS-2025-118,Meridian Downhole Services Ltd,NGP-HA-124,NG-Rig 32,Qarn Alam North,Extended Reach,31-Jan-2025,05-Feb-2025,25-Feb-2025,181386.36,27207.95,208594.31,0.00
MDS-00081,DDS-2025-118,Meridian Downhole Services Ltd,NGP-BD-088,NG-Rig 26,Burqan Deep,HPHT,01-Feb-2025,04-Feb-2025,11-Feb-2025,99164.76,14874.71,114039.47,0.00
MDS-00082,DDS-2025-118,Meridian Downhole Services Ltd,NGP-BD-194,NG-Rig 44,Harran,Standard,01-Feb-2025,01-Feb-2025,19-Feb-2025,49751.21,7462.68,57213.89,0.00
MDS-00083,DDS-2025-118,Meridian Downhole Services Ltd,NGP-WS-141,NG-Rig 35,Wadi Sahm,Standard,01-Feb-2025,05-Feb-2025,08-Feb-2025,194827.31,29224.10,224051.41,0.00
MDS-00084,DDS-2025-118,Meridian Downhole Services Ltd,NGP-HA-035,NG-Rig 17,Burqan Deep,Extended Reach,02-Feb-2025,06-Feb-2025,17-Feb-2025,139793.66,20969.05,160762.71,0.00
MDS-00085,DDS-2025-118,Meridian Downhole Services Ltd,NGP-WS-106,NG-Rig 30,Harran,Standard,02-Feb-2025,04-Feb-2025,26-Feb-2025,82177.24,12326.59,94503.83,0.00
MDS-00086,DDS-2025-118,Meridian Downhole Services Ltd,NGP-BD-177,NG-Rig 41,Burqan Deep,Standard,03-Feb-2025,08-Feb-2025,18-Feb-2025,155843.44,23376.52,179219.96,0.00
MDS-00087,DDS-2025-118,Meridian Downhole Services Ltd,NGP-HA-052,NG-Rig 21,Harran,Extended Reach,03-Feb-2025,08-Feb-2025,09-Mar-2025,227291.64,34093.75,261385.39,0.00
MDS-00088,DDS-2025-118,Meridian Downhole Services Ltd,NGP-HA-159,NG-Rig 38,Qarn Alam North,Extended Reach,03-Feb-2025,05-Feb-2025,03-Mar-2025,97646.72,14647.01,112293.73,0.00
MDS-00089,DDS-2025-118,Meridian Downhole Services Ltd,NGP-QA-070,NG-Rig 23,Burqan Deep,HPHT,03-Feb-2025,04-Feb-2025,18-Feb-2025,88484.61,13272.69,101757.30,0.00
MDS-00090,DDS-2025-118,Meridian Downhole Services Ltd,NGP-WS-195,NG-Rig 44,Burqan Deep,Standard,03-Feb-2025,05-Feb-2025,22-Feb-2025,76762.94,11514.44,88277.38,0.00
MDS-00091,DDS-2025-118,Meridian Downhole Services Ltd,NGP-WS-211,NG-Rig 47,Harran,Standard,04-Feb-2025,09-Feb-2025,21-Feb-2025,133571.86,20035.78,153607.64,0.00
MDS-00092,DDS-2025-118,Meridian Downhole Services Ltd,NGP-BD-088,NG-Rig 26,Burqan Deep,HPHT,05-Feb-2025,07-Feb-2025,19-Feb-2025,104209.26,15631.39,119840.65,0.00
MDS-00093,DDS-2025-118,Meridian Downhole Services Ltd,NGP-QA-001,NG-Rig 11,Qarn Alam North,HPHT,05-Feb-2025,07-Feb-2025,06-Mar-2025,134953.43,20243.01,155196.44,0.00
MDS-00094,DDS-2025-118,Meridian Downhole Services Ltd,NGP-WS-106,NG-Rig 30,Harran,Standard,05-Feb-2025,07-Feb-2025,09-Mar-2025,115329.74,17299.46,132629.20,0.00
MDS-00095,DDS-2025-118,Meridian Downhole Services Ltd,NGP-BD-018,NG-Rig 14,Qarn Alam North,Standard,06-Feb-2025,10-Feb-2025,23-Feb-2025,75690.40,11353.56,87043.96,0.00
MDS-00096,DDS-2025-118,Meridian Downhole Services Ltd,NGP-HA-124,NG-Rig 32,Qarn Alam North,Extended Reach,06-Feb-2025,11-Feb-2025,24-Feb-2025,166629.44,24994.42,191623.86,0.00
MDS-00097,DDS-2025-118,Meridian Downhole Services Ltd,NGP-HA-159,NG-Rig 38,Qarn Alam North,Extended Reach,06-Feb-2025,10-Feb-2025,12-Mar-2025,129958.23,19493.73,149451.96,0.00
MDS-00098,DDS-2025-118,Meridian Downhole Services Ltd,NGP-WS-195,NG-Rig 44,Burqan Deep,Standard,06-Feb-2025,09-Feb-2025,16-Feb-2025,62028.38,9304.26,71332.64,0.00
MDS-00099,DDS-2025-118,Meridian Downhole Services Ltd,NGP-BD-071,NG-Rig 23,Harran,Extended Reach,07-Feb-2025,12-Feb-2025,06-Mar-2025,123231.94,18484.79,141716.73,0.00
MDS-00100,DDS-2025-118,Meridian Downhole Services Ltd,NGP-HA-035,NG-Rig 17,Burqan Deep,Extended Reach,07-Feb-2025,09-Feb-2025,07-Mar-2025,99834.50,14975.18,114809.68,0.00
MDS-00101,DDS-2025-118,Meridian Downhole Services Ltd,NGP-HA-142,NG-Rig 35,Wadi Sahm,Standard,08-Feb-2025,13-Feb-2025,05-Mar-2025,123556.32,18533.45,142089.77,0.00
MDS-00102,DDS-2025-118,Meridian Downhole Services Ltd,NGP-QA-001,NG-Rig 11,Qarn Alam North,HPHT,08-Feb-2025,11-Feb-2025,02-Mar-2025,183553.27,27532.99,211086.26,0.00
MDS-00103,DDS-2025-118,Meridian Downhole Services Ltd,NGP-WS-106,NG-Rig 30,Harran,Standard,08-Feb-2025,10-Feb-2025,22-Feb-2025,127457.21,19118.58,146575.79,0.00
MDS-00104,DDS-2025-118,Meridian Downhole Services Ltd,NGP-BD-177,NG-Rig 41,Burqan Deep,Standard,09-Feb-2025,12-Feb-2025,16-Feb-2025,123933.15,18589.97,142523.12,0.00
MDS-00105,DDS-2025-118,Meridian Downhole Services Ltd,NGP-HA-052,NG-Rig 21,Harran,Extended Reach,09-Feb-2025,12-Feb-2025,16-Feb-2025,157006.12,23550.92,180557.04,0.00
MDS-00106,DDS-2025-118,Meridian Downhole Services Ltd,NGP-WS-089,NG-Rig 26,Burqan Deep,Extended Reach,09-Feb-2025,11-Feb-2025,04-Mar-2025,80555.86,12083.38,92639.24,0.00
MDS-00107,DDS-2025-118,Meridian Downhole Services Ltd,NGP-WS-195,NG-Rig 44,Burqan Deep,Standard,10-Feb-2025,12-Feb-2025,03-Mar-2025,37737.77,5660.67,43398.44,0.00
MDS-00108,DDS-2025-118,Meridian Downhole Services Ltd,NGP-WS-211,NG-Rig 47,Harran,Standard,10-Feb-2025,12-Feb-2025,21-Feb-2025,54694.04,8204.11,62898.15,0.00
MDS-00109,DDS-2025-118,Meridian Downhole Services Ltd,NGP-BD-018,NG-Rig 14,Qarn Alam North,Standard,11-Feb-2025,14-Feb-2025,07-Mar-2025,87225.35,13083.80,100309.15,0.00
MDS-00110,DDS-2025-118,Meridian Downhole Services Ltd,NGP-HA-159,NG-Rig 38,Qarn Alam North,Extended Reach,11-Feb-2025,12-Feb-2025,01-Mar-2025,77624.02,11643.60,89267.62,0.00
MDS-00111,DDS-2025-118,Meridian Downhole Services Ltd,NGP-HA-124,NG-Rig 32,Qarn Alam North,Extended Reach,12-Feb-2025,17-Feb-2025,12-Mar-2025,160506.54,24075.98,184582.52,0.00
MDS-00112,DDS-2025-118,Meridian Downhole Services Ltd,NGP-WS-089,NG-Rig 26,Burqan Deep,Extended Reach,12-Feb-2025,14-Feb-2025,22-Feb-2025,51032.73,7654.91,58687.64,0.00
MDS-00113,DDS-2025-118,Meridian Downhole Services Ltd,NGP-BD-071,NG-Rig 23,Harran,Extended Reach,13-Feb-2025,15-Feb-2025,22-Feb-2025,51032.73,7654.91,58687.64,0.00
MDS-00114,DDS-2025-118,Meridian Downhole Services Ltd,NGP-HA-036,NG-Rig 17,Qarn Alam North,Standard,13-Feb-2025,16-Feb-2025,22-Feb-2025,97998.44,14699.77,112698.21,0.00
MDS-00115,DDS-2025-118,Meridian Downhole Services Ltd,NGP-HA-052,NG-Rig 21,Harran,Extended Reach,13-Feb-2025,16-Feb-2025,11-Mar-2025,62268.12,9340.22,71608.34,0.00
MDS-00116,DDS-2025-118,Meridian Downhole Services Ltd,NGP-WS-195,NG-Rig 44,Burqan Deep,Standard,13-Feb-2025,15-Feb-2025,13-Mar-2025,41327.22,6199.08,47526.30,0.00
MDS-00117,DDS-2025-118,Meridian Downhole Services Ltd,NGP-WS-211,NG-Rig 47,Harran,Standard,13-Feb-2025,15-Feb-2025,21-Feb-2025,45436.98,6815.55,52252.53,0.00
MDS-00118,DDS-2025-118,Meridian Downhole Services Ltd,NGP-HA-142,NG-Rig 35,Wadi Sahm,Standard,14-Feb-2025,16-Feb-2025,07-Mar-2025,49673.25,7450.99,57124.24,0.00
MDS-00119,DDS-2025-118,Meridian Downhole Services Ltd,NGP-QA-107,NG-Rig 30,Harran,HPHT,14-Feb-2025,17-Feb-2025,07-Mar-2025,110995.15,16649.27,127644.42,0.00
MDS-00120,DDS-2025-118,Meridian Downhole Services Ltd,NGP-QA-178,NG-Rig 41,Qarn Alam North,Standard,14-Feb-2025,19-Feb-2025,13-Mar-2025,130849.39,19627.41,150476.80,0.00
MDS-00121,DDS-2025-118,Meridian Downhole Services Ltd,NGP-QA-002,NG-Rig 11,Burqan Deep,Standard,15-Feb-2025,19-Feb-2025,06-Mar-2025,112758.27,16913.74,129672.01,0.00
MDS-00122,DDS-2025-118,Meridian Downhole Services Ltd,NGP-WS-089,NG-Rig 26,Burqan Deep,Extended Reach,15-Feb-2025,20-Feb-2025,28-Feb-2025,115454.67,17318.20,132772.87,0.00
MDS-00123,DDS-2025-118,Meridian Downhole Services Ltd,NGP-BD-071,NG-Rig 23,Harran,Extended Reach,16-Feb-2025,20-Feb-2025,04-Mar-2025,115397.88,17309.68,132707.56,0.00
MDS-00124,DDS-2025-118,Meridian Downhole Services Ltd,NGP-WS-195,NG-Rig 44,Burqan Deep,Standard,16-Feb-2025,19-Feb-2025,02-Mar-2025,101499.55,15224.93,116724.48,0.00
MDS-00125,DDS-2025-118,Meridian Downhole Services Ltd,NGP-WS-211,NG-Rig 47,Harran,Standard,16-Feb-2025,19-Feb-2025,27-Feb-2025,87870.40,13180.56,101050.96,0.00
MDS-00126,DDS-2025-118,Meridian Downhole Services Ltd,NGP-HA-036,NG-Rig 17,Qarn Alam North,Standard,17-Feb-2025,19-Feb-2025,21-Mar-2025,37737.77,5660.67,43398.44,0.00
MDS-00127,DDS-2025-118,Meridian Downhole Services Ltd,NGP-HA-052,NG-Rig 21,Harran,Extended Reach,17-Feb-2025,18-Feb-2025,03-Mar-2025,59423.47,8913.52,68336.99,0.00
MDS-00128,DDS-2025-118,Meridian Downhole Services Ltd,NGP-HA-142,NG-Rig 35,Wadi Sahm,Standard,17-Feb-2025,19-Feb-2025,14-Mar-2025,48370.40,7255.56,55625.96,0.00
MDS-00129,DDS-2025-118,Meridian Downhole Services Ltd,NGP-QA-160,NG-Rig 38,Qarn Alam North,Extended Reach,17-Feb-2025,22-Feb-2025,17-Mar-2025,123721.04,18558.16,142279.20,0.00
MDS-00130,DDS-2025-118,Meridian Downhole Services Ltd,NGP-HA-124,NG-Rig 32,Qarn Alam North,Extended Reach,18-Feb-2025,22-Feb-2025,10-Mar-2025,97504.55,14625.68,112130.23,0.00
MDS-00131,DDS-2025-118,Meridian Downhole Services Ltd,NGP-QA-107,NG-Rig 30,Harran,HPHT,18-Feb-2025,20-Feb-2025,23-Feb-2025,54644.17,8196.63,62840.80,0.00
MDS-00132,DDS-2025-118,Meridian Downhole Services Ltd,NGP-HA-036,NG-Rig 17,Qarn Alam North,Standard,20-Feb-2025,24-Feb-2025,20-Mar-2025,79863.50,11979.52,91843.02,0.00
MDS-00133,DDS-2025-118,Meridian Downhole Services Ltd,NGP-HA-142,NG-Rig 35,Wadi Sahm,Standard,20-Feb-2025,25-Feb-2025,07-Mar-2025,234214.30,35132.14,269346.44,0.00
MDS-00134,DDS-2025-118,Meridian Downhole Services Ltd,NGP-QA-002,NG-Rig 11,Burqan Deep,Standard,20-Feb-2025,25-Feb-2025,20-Mar-2025,84669.60,12700.44,97370.04,0.00
MDS-00135,DDS-2025-118,Meridian Downhole Services Ltd,NGP-QA-178,NG-Rig 41,Qarn Alam North,Standard,20-Feb-2025,23-Feb-2025,27-Feb-2025,51849.37,7777.41,59626.78,0.00
MDS-00136,DDS-2025-118,Meridian Downhole Services Ltd,NGP-WS-019,NG-Rig 14,Wadi Sahm,HPHT,20-Feb-2025,23-Feb-2025,10-Mar-2025,96488.58,14473.29,110961.87,0.00
MDS-00137,DDS-2025-118,Meridian Downhole Services Ltd,NGP-WS-195,NG-Rig 44,Burqan Deep,Standard,20-Feb-2025,24-Feb-2025,24-Mar-2025,132865.55,19929.83,152795.38,0.00
MDS-00138,DDS-2025-118,Meridian Downhole Services Ltd,NGP-BD-071,NG-Rig 23,Harran,Extended Reach,21-Feb-2025,23-Feb-2025,02-Mar-2025,102760.38,15414.06,118174.44,0.00
MDS-00139,DDS-2025-118,Meridian Downhole Services Ltd,NGP-QA-053,NG-Rig 21,Burqan Deep,Standard,21-Feb-2025,24-Feb-2025,23-Mar-2025,98262.99,14739.45,113002.44,0.00
MDS-00140,DDS-2025-118,Meridian Downhole Services Ltd,NGP-QA-107,NG-Rig 30,Harran,HPHT,21-Feb-2025,23-Feb-2025,25-Mar-2025,49751.87,7462.78,57214.65,0.00
MDS-00141,DDS-2025-118,Meridian Downhole Services Ltd,NGP-WS-089,NG-Rig 26,Burqan Deep,Extended Reach,21-Feb-2025,26-Feb-2025,22-Mar-2025,116483.53,17472.53,133956.06,0.00
MDS-00142,DDS-2025-118,Meridian Downhole Services Ltd,NGP-HA-124,NG-Rig 32,Qarn Alam North,Extended Reach,23-Feb-2025,26-Feb-2025,06-Mar-2025,64922.37,9738.36,74660.73,0.00
MDS-00143,DDS-2025-118,Meridian Downhole Services Ltd,NGP-QA-160,NG-Rig 38,Qarn Alam North,Extended Reach,23-Feb-2025,27-Feb-2025,27-Mar-2025,75359.95,11303.99,86663.94,0.00
MDS-00144,DDS-2025-118,Meridian Downhole Services Ltd,NGP-WS-212,NG-Rig 47,Burqan Deep,Standard,23-Feb-2025,28-Feb-2025,16-Mar-2025,128932.34,19339.85,148272.19,0.00
MDS-00145,DDS-2025-118,Meridian Downhole Services Ltd,NGP-BD-071,NG-Rig 23,Harran,Extended Reach,24-Feb-2025,01-Mar-2025,18-Mar-2025,215659.30,32348.90,248008.20,0.00
MDS-00146,DDS-2025-118,Meridian Downhole Services Ltd,NGP-QA-107,NG-Rig 30,Harran,HPHT,24-Feb-2025,26-Feb-2025,12-Mar-2025,91414.34,13712.15,105126.49,0.00
MDS-00147,DDS-2025-118,Meridian Downhole Services Ltd,NGP-QA-178,NG-Rig 41,Qarn Alam North,Standard,24-Feb-2025,27-Feb-2025,26-Mar-2025,83410.80,12511.62,95922.42,0.00
MDS-00148,DDS-2025-118,Meridian Downhole Services Ltd,NGP-WS-019,NG-Rig 14,Wadi Sahm,HPHT,24-Feb-2025,27-Feb-2025,19-Mar-2025,63402.21,9510.33,72912.54,0.00
MDS-00149,DDS-2025-118,Meridian Downhole Services Ltd,NGP-HA-036,NG-Rig 17,Qarn Alam North,Standard,25-Feb-2025,27-Feb-2025,27-Mar-2025,56090.25,8413.54,64503.79,0.00
MDS-00150,DDS-2025-118,Meridian Downhole Services Ltd,NGP-QA-053,NG-Rig 21,Burqan Deep,Standard,25-Feb-2025,27-Feb-2025,18-Mar-2025,49673.25,7450.99,57124.24,0.00
MDS-00151,DDS-2025-118,Meridian Downhole Services Ltd,NGP-WS-195,NG-Rig 44,Burqan Deep,Standard,25-Feb-2025,01-Mar-2025,12-Mar-2025,132340.33,19851.05,152191.38,0.00
MDS-00152,DDS-2025-118,Meridian Downhole Services Ltd,NGP-HA-142,NG-Rig 35,Wadi Sahm,Standard,26-Feb-2025,03-Mar-2025,20-Mar-2025,219851.41,32977.71,252829.12,0.00
MDS-00153,DDS-2025-118,Meridian Downhole Services Ltd,NGP-QA-002,NG-Rig 11,Burqan Deep,Standard,26-Feb-2025,03-Mar-2025,10-Mar-2025,223205.74,33480.86,256686.60,0.00
MDS-00154,DDS-2025-118,Meridian Downhole Services Ltd,NGP-HA-124,NG-Rig 32,Qarn Alam North,Extended Reach,27-Feb-2025,01-Mar-2025,27-Mar-2025,73879.85,11081.98,84961.83,0.00
MDS-00155,DDS-2025-118,Meridian Downhole Services Ltd,NGP-QA-107,NG-Rig 30,Harran,HPHT,27-Feb-2025,01-Mar-2025,31-Mar-2025,89410.47,13411.57,102822.04,0.00
MDS-00156,DDS-2025-118,Meridian Downhole Services Ltd,NGP-WS-089,NG-Rig 26,Burqan Deep,Extended Reach,27-Feb-2025,01-Mar-2025,31-Mar-2025,66061.37,9909.21,75970.58,0.00
MDS-00157,DDS-2025-118,Meridian Downhole Services Ltd,NGP-HA-036,NG-Rig 17,Qarn Alam North,Standard,28-Feb-2025,02-Mar-2025,30-Mar-2025,60360.46,9054.07,69414.53,0.00
MDS-00158,DDS-2025-118,Meridian Downhole Services Ltd,NGP-QA-053,NG-Rig 21,Burqan Deep,Standard,28-Feb-2025,02-Mar-2025,18-Mar-2025,49723.01,7458.45,57181.46,0.00
MDS-00159,DDS-2025-118,Meridian Downhole Services Ltd,NGP-QA-160,NG-Rig 38,Qarn Alam North,Extended Reach,28-Feb-2025,05-Mar-2025,26-Mar-2025,173491.27,26023.69,199514.96,0.00
MDS-00160,DDS-2025-118,Meridian Downhole Services Ltd,NGP-QA-178,NG-Rig 41,Qarn Alam North,Standard,28-Feb-2025,04-Mar-2025,17-Mar-2025,153916.33,23087.45,177003.78,0.00
MDS-00161,DDS-2025-118,Meridian Downhole Services Ltd,NGP-WS-019,NG-Rig 14,Wadi Sahm,HPHT,28-Feb-2025,03-Mar-2025,24-Mar-2025,70865.44,10629.82,81495.26,0.00
MDS-00162,DDS-2025-118,Meridian Downhole Services Ltd,NGP-WS-212,NG-Rig 47,Burqan Deep,Standard,01-Mar-2025,04-Mar-2025,12-Mar-2025,61769.75,9265.46,71035.21,0.00
MDS-00163,DDS-2025-118,Meridian Downhole Services Ltd,NGP-BD-071,NG-Rig 23,Harran,Extended Reach,02-Mar-2025,06-Mar-2025,27-Mar-2025,195530.58,29329.59,224860.17,0.00
MDS-00164,DDS-2025-118,Meridian Downhole Services Ltd,NGP-QA-107,NG-Rig 30,Harran,HPHT,02-Mar-2025,06-Mar-2025,17-Mar-2025,191715.60,28757.34,220472.94,0.00
MDS-00165,DDS-2025-118,Meridian Downhole Services Ltd,NGP-WS-089,NG-Rig 26,Burqan Deep,Extended Reach,02-Mar-2025,07-Mar-2025,28-Mar-2025,172325.49,25848.82,198174.31,0.00
MDS-00166,DDS-2025-118,Meridian Downhole Services Ltd,NGP-WS-195,NG-Rig 44,Burqan Deep,Standard,02-Mar-2025,05-Mar-2025,26-Mar-2025,112044.69,16806.70,128851.39,0.00
MDS-00167,DDS-2025-118,Meridian Downhole Services Ltd,NGP-HA-036,NG-Rig 17,Qarn Alam North,Standard,03-Mar-2025,07-Mar-2025,15-Mar-2025,107326.09,16098.91,123425.00,0.00
MDS-00168,DDS-2025-118,Meridian Downhole Services Ltd,NGP-QA-053,NG-Rig 21,Burqan Deep,Standard,03-Mar-2025,08-Mar-2025,15-Mar-2025,106909.88,16036.48,122946.36,0.00
MDS-00169,DDS-2025-118,Meridian Downhole Services Ltd,NGP-HA-125,NG-Rig 32,Burqan Deep,Standard,04-Mar-2025,08-Mar-2025,20-Mar-2025,106065.48,15909.82,121975.30,0.00
MDS-00170,DDS-2025-118,Meridian Downhole Services Ltd,NGP-HA-142,NG-Rig 35,Wadi Sahm,Standard,04-Mar-2025,06-Mar-2025,10-Mar-2025,115003.86,17250.58,132254.44,0.00
MDS-00171,DDS-2025-118,Meridian Downhole Services Ltd,NGP-QA-002,NG-Rig 11,Burqan Deep,Standard,04-Mar-2025,08-Mar-2025,16-Mar-2025,184101.27,27615.19,211716.46,0.00
MDS-00172,DDS-2025-118,Meridian Downhole Services Ltd,NGP-WS-019,NG-Rig 14,Wadi Sahm,HPHT,04-Mar-2025,07-Mar-2025,16-Mar-2025,188489.68,28273.45,216763.13,0.00
MDS-00173,DDS-2025-118,Meridian Downhole Services Ltd,NGP-QA-178,NG-Rig 41,Qarn Alam North,Standard,05-Mar-2025,08-Mar-2025,25-Mar-2025,136730.96,20509.64,157240.60,0.00
MDS-00174,DDS-2025-118,Meridian Downhole Services Ltd,NGP-WS-212,NG-Rig 47,Burqan Deep,Standard,05-Mar-2025,09-Mar-2025,12-Mar-2025,141207.00,21181.05,162388.05,0.00
MDS-00175,DDS-2025-118,Meridian Downhole Services Ltd,NGP-QA-160,NG-Rig 38,Qarn Alam North,Extended Reach,06-Mar-2025,08-Mar-2025,17-Mar-2025,71808.01,10771.20,82579.21,0.00
MDS-00176,DDS-2025-118,Meridian Downhole Services Ltd,NGP-WS-195,NG-Rig 44,Burqan Deep,Standard,06-Mar-2025,08-Mar-2025,28-Mar-2025,77925.71,11688.86,89614.57,0.00
MDS-00177,DDS-2025-118,Meridian Downhole Services Ltd,NGP-BD-071,NG-Rig 23,Harran,Extended Reach,07-Mar-2025,09-Mar-2025,04-Apr-2025,102860.55,15429.08,118289.63,0.00
MDS-00178,DDS-2025-118,Meridian Downhole Services Ltd,NGP-HA-142,NG-Rig 35,Wadi Sahm,Standard,07-Mar-2025,09-Mar-2025,28-Mar-2025,110516.69,16577.50,127094.19,0.00
MDS-00179,DDS-2025-118,Meridian Downhole Services Ltd,NGP-QA-107,NG-Rig 30,Harran,HPHT,07-Mar-2025,10-Mar-2025,03-Apr-2025,171880.32,25782.05,197662.37,0.00
MDS-00180,DDS-2025-118,Meridian Downhole Services Ltd,NGP-HA-036,NG-Rig 17,Qarn Alam North,Standard,08-Mar-2025,13-Mar-2025,25-Mar-2025,181021.46,27153.22,208174.68,0.00
MDS-00181,DDS-2025-118,Meridian Downhole Services Ltd,NGP-WS-019,NG-Rig 14,Wadi Sahm,HPHT,08-Mar-2025,12-Mar-2025,22-Mar-2025,230906.51,34635.98,265542.49,0.00
MDS-00182,DDS-2025-118,Meridian Downhole Services Ltd,NGP-WS-089,NG-Rig 26,Burqan Deep,Extended Reach,08-Mar-2025,10-Mar-2025,18-Mar-2025,102078.50,15311.78,117390.28,0.00
MDS-00183,DDS-2025-118,Meridian Downhole Services Ltd,NGP-HA-125,NG-Rig 32,Burqan Deep,Standard,09-Mar-2025,13-Mar-2025,19-Mar-2025,73128.55,10969.28,84097.83,0.00
MDS-00184,DDS-2025-118,Meridian Downhole Services Ltd,NGP-QA-002,NG-Rig 11,Burqan Deep,Standard,09-Mar-2025,11-Mar-2025,17-Mar-2025,100369.81,15055.47,115425.28,0.00
MDS-00185,DDS-2025-118,Meridian Downhole Services Ltd,NGP-QA-053,NG-Rig 21,Burqan Deep,Standard,09-Mar-2025,14-Mar-2025,26-Mar-2025,123817.98,18572.70,142390.68,0.00
MDS-00186,DDS-2025-118,Meridian Downhole Services Ltd,NGP-QA-160,NG-Rig 38,Qarn Alam North,Extended Reach,09-Mar-2025,14-Mar-2025,04-Apr-2025,164260.32,24639.05,188899.37,0.00
MDS-00187,DDS-2025-118,Meridian Downhole Services Ltd,NGP-QA-178,NG-Rig 41,Qarn Alam North,Standard,09-Mar-2025,12-Mar-2025,20-Mar-2025,120716.07,18107.41,138823.48,0.00
MDS-00188,DDS-2025-118,Meridian Downhole Services Ltd,NGP-WS-195,NG-Rig 44,Burqan Deep,Standard,09-Mar-2025,11-Mar-2025,14-Mar-2025,61433.27,9214.99,70648.26,0.00
MDS-00189,DDS-2025-118,Meridian Downhole Services Ltd,NGP-BD-071,NG-Rig 23,Harran,Extended Reach,10-Mar-2025,11-Mar-2025,30-Mar-2025,77413.18,11611.98,89025.16,0.00
MDS-00190,DDS-2025-118,Meridian Downhole Services Ltd,NGP-WS-212,NG-Rig 47,Burqan Deep,Standard,10-Mar-2025,12-Mar-2025,28-Mar-2025,76866.49,11529.97,88396.46,0.00
MDS-00191,DDS-2025-118,Meridian Downhole Services Ltd,NGP-QA-107,NG-Rig 30,Harran,HPHT,11-Mar-2025,16-Mar-2025,05-Apr-2025,226367.15,33955.07,260322.22,0.00
MDS-00192,DDS-2025-118,Meridian Downhole Services Ltd,NGP-WS-089,NG-Rig 26,Burqan Deep,Extended Reach,11-Mar-2025,15-Mar-2025,03-Apr-2025,167486.44,25122.97,192609.41,0.00
MDS-00193,DDS-2025-118,Meridian Downhole Services Ltd,NGP-QA-002,NG-Rig 11,Burqan Deep,Standard,12-Mar-2025,14-Mar-2025,31-Mar-2025,142640.23,21396.03,164036.26,0.00
MDS-00194,DDS-2025-118,Meridian Downhole Services Ltd,NGP-WS-143,NG-Rig 35,Harran,Standard,12-Mar-2025,15-Mar-2025,10-Apr-2025,100902.97,15135.45,116038.42,0.00
MDS-00195,DDS-2025-118,Meridian Downhole Services Ltd,NGP-WS-195,NG-Rig 44,Burqan Deep,Standard,12-Mar-2025,17-Mar-2025,07-Apr-2025,92402.81,13860.42,106263.23,0.00
MDS-00196,DDS-2025-118,Meridian Downhole Services Ltd,NGP-QA-178,NG-Rig 41,Qarn Alam North,Standard,13-Mar-2025,18-Mar-2025,05-Apr-2025,240741.52,36111.23,276852.75,0.00
MDS-00197,DDS-2025-118,Meridian Downhole Services Ltd,NGP-WS-019,NG-Rig 14,Wadi Sahm,HPHT,13-Mar-2025,16-Mar-2025,10-Apr-2025,172865.95,25929.89,198795.84,0.00
MDS-00198,DDS-2025-118,Meridian Downhole Services Ltd,NGP-WS-212,NG-Rig 47,Burqan Deep,Standard,13-Mar-2025,18-Mar-2025,11-Apr-2025,159225.32,23883.80,183109.12,0.00
MDS-00199,DDS-2025-118,Meridian Downhole Services Ltd,NGP-HA-036,NG-Rig 17,Qarn Alam North,Standard,14-Mar-2025,17-Mar-2025,07-May-2025,112353.57,16853.04,129206.61,0.00
MDS-00200,DDS-2025-118,Meridian Downhole Services Ltd,NGP-HA-125,NG-Rig 32,Burqan Deep,Standard,14-Mar-2025,17-Mar-2025,21-Mar-2025,78834.47,11825.17,90659.64,0.00
MDS-00201,DDS-2025-118,Meridian Downhole Services Ltd,NGP-QA-002,NG-Rig 11,Burqan Deep,Standard,15-Mar-2025,19-Mar-2025,06-Apr-2025,230073.27,34510.99,264584.26,0.00
MDS-00202,DDS-2025-118,Meridian Downhole Services Ltd,NGP-QA-053,NG-Rig 21,Burqan Deep,Standard,15-Mar-2025,17-Mar-2025,03-Apr-2025,70087.46,10513.12,80600.58,0.00
MDS-00203,DDS-2025-118,Meridian Downhole Services Ltd,NGP-QA-160,NG-Rig 38,Qarn Alam North,Extended Reach,15-Mar-2025,18-Mar-2025,08-Apr-2025,122732.91,18409.94,141142.85,0.00
MDS-00204,DDS-2025-118,Meridian Downhole Services Ltd,NGP-WS-143,NG-Rig 35,Harran,Standard,16-Mar-2025,19-Mar-2025,07-Apr-2025,57170.67,8575.60,65746.27,0.00
MDS-00205,DDS-2025-118,Meridian Downhole Services Ltd,NGP-BD-090,NG-Rig 26,Burqan Deep,Standard,17-Mar-2025,20-Mar-2025,02-Apr-2025,97842.62,14676.39,112519.01,0.00
MDS-00206,DDS-2025-118,Meridian Downhole Services Ltd,NGP-QA-072,NG-Rig 23,Qarn Alam North,Standard,17-Mar-2025,22-Mar-2025,27-Mar-2025,120429.63,18064.44,138494.07,0.00
MDS-00207,DDS-2025-118,Meridian Downhole Services Ltd,NGP-QA-107,NG-Rig 30,Harran,HPHT,17-Mar-2025,19-Mar-2025,05-Apr-2025,61435.94,9215.39,70651.33,0.00
MDS-00208,DDS-2025-118,Meridian Downhole Services Ltd,NGP-WS-019,NG-Rig 14,Wadi Sahm,HPHT,17-Mar-2025,22-Mar-2025,09-Apr-2025,264344.49,39651.67,303996.16,0.00
MDS-00209,DDS-2025-118,Meridian Downhole Services Ltd,NGP-HA-036,NG-Rig 17,Qarn Alam North,Standard,18-Mar-2025,23-Mar-2025,03-Apr-2025,122896.06,18434.41,141330.47,0.00
MDS-00210,DDS-2025-118,Meridian Downhole Services Ltd,NGP-HA-125,NG-Rig 32,Burqan Deep,Standard,18-Mar-2025,20-Mar-2025,15-Apr-2025,50136.21,7520.43,57656.64,0.00
MDS-00211,DDS-2025-118,Meridian Downhole Services Ltd,NGP-QA-053,NG-Rig 21,Burqan Deep,Standard,18-Mar-2025,20-Mar-2025,06-Apr-2025,72262.85,10839.43,83102.28,0.00
MDS-00212,DDS-2025-118,Meridian Downhole Services Ltd,NGP-WS-195,NG-Rig 44,Burqan Deep,Standard,18-Mar-2025,21-Mar-2025,14-Apr-2025,88327.24,13249.09,101576.33,0.00
MDS-00213,DDS-2025-118,Meridian Downhole Services Ltd,NGP-QA-160,NG-Rig 38,Qarn Alam North,Extended Reach,19-Mar-2025,23-Mar-2025,29-Mar-2025,97393.26,14608.99,112002.25,0.00
MDS-00214,DDS-2025-118,Meridian Downhole Services Ltd,NGP-QA-178,NG-Rig 41,Qarn Alam North,Standard,19-Mar-2025,19-Mar-2025,02-Apr-2025,47642.22,7146.33,54788.55,0.00
MDS-00215,DDS-2025-118,Meridian Downhole Services Ltd,NGP-WS-212,NG-Rig 47,Burqan Deep,Standard,19-Mar-2025,21-Mar-2025,28-Mar-2025,76708.29,11506.24,88214.53,0.00
MDS-00216,DDS-2025-118,Meridian Downhole Services Ltd,NGP-QA-107,NG-Rig 30,Harran,HPHT,20-Mar-2025,23-Mar-2025,02-Apr-2025,58292.16,8743.82,67035.98,0.00
MDS-00217,DDS-2025-118,Meridian Downhole Services Ltd,NGP-WS-143,NG-Rig 35,Harran,Standard,20-Mar-2025,22-Mar-2025,28-Mar-2025,47301.74,7095.26,54397.00,0.00
MDS-00218,DDS-2025-118,Meridian Downhole Services Ltd,NGP-BD-090,NG-Rig 26,Burqan Deep,Standard,21-Mar-2025,26-Mar-2025,19-Apr-2025,82654.26,12398.14,95052.40,0.00
MDS-00219,DDS-2025-118,Meridian Downhole Services Ltd,NGP-HA-125,NG-Rig 32,Burqan Deep,Standard,21-Mar-2025,26-Mar-2025,05-Apr-2025,117308.13,17596.22,134904.35,0.00
MDS-00220,DDS-2025-118,Meridian Downhole Services Ltd,NGP-QA-053,NG-Rig 21,Burqan Deep,Standard,21-Mar-2025,22-Mar-2025,10-Apr-2025,65480.11,9822.02,75302.13,0.00
MDS-00221,DDS-2025-118,Meridian Downhole Services Ltd,NGP-HA-179,NG-Rig 41,Harran,HPHT,22-Mar-2025,25-Mar-2025,04-Apr-2025,101613.55,15242.03,116855.58,0.00
MDS-00222,DDS-2025-118,Meridian Downhole Services Ltd,NGP-WS-003,NG-Rig 11,Harran,Standard,22-Mar-2025,27-Mar-2025,15-Apr-2025,115602.76,17340.41,132943.17,0.00
MDS-00223,DDS-2025-118,Meridian Downhole Services Ltd,NGP-WS-212,NG-Rig 47,Burqan Deep,Standard,22-Mar-2025,24-Mar-2025,11-Apr-2025,76009.21,11401.38,87410.59,0.00
MDS-00224,DDS-2025-118,Meridian Downhole Services Ltd,NGP-QA-072,NG-Rig 23,Qarn Alam North,Standard,23-Mar-2025,25-Mar-2025,17-Apr-2025,42409.44,6361.42,48770.86,0.00
MDS-00225,DDS-2025-118,Meridian Downhole Services Ltd,NGP-WS-019,NG-Rig 14,Wadi Sahm,HPHT,23-Mar-2025,26-Mar-2025,18-Apr-2025,80476.81,12071.52,92548.33,0.00
MDS-00226,DDS-2025-118,Meridian Downhole Services Ltd,NGP-WS-143,NG-Rig 35,Harran,Standard,23-Mar-2025,26-Mar-2025,06-Apr-2025,143095.82,21464.37,164560.19,0.00
MDS-00227,DDS-2025-118,Meridian Downhole Services Ltd,NGP-WS-196,NG-Rig 44,Qarn Alam North,HPHT,23-Mar-2025,26-Mar-2025,22-Apr-2025,101613.55,15242.03,116855.58,0.00
MDS-00228,DDS-2025-118,Meridian Downhole Services Ltd,NGP-HA-036,NG-Rig 17,Qarn Alam North,Standard,24-Mar-2025,28-Mar-2025,15-Apr-2025,75291.17,11293.68,86584.85,0.00
MDS-00229,DDS-2025-118,Meridian Downhole Services Ltd,NGP-QA-054,NG-Rig 21,Harran,HPHT,24-Mar-2025,28-Mar-2025,06-Apr-2025,119923.20,17988.48,137911.68,0.00
MDS-00230,DDS-2025-118,Meridian Downhole Services Ltd,NGP-QA-107,NG-Rig 30,Harran,HPHT,24-Mar-2025,28-Mar-2025,09-Apr-2025,79429.85,11914.48,91344.33,0.00
MDS-00231,DDS-2025-118,Meridian Downhole Services Ltd,NGP-QA-160,NG-Rig 38,Qarn Alam North,Extended Reach,24-Mar-2025,27-Mar-2025,19-Apr-2025,60317.38,9047.61,69364.99,0.00
MDS-00232,DDS-2025-118,Meridian Downhole Services Ltd,NGP-WS-212,NG-Rig 47,Burqan Deep,Standard,25-Mar-2025,27-Mar-2025,13-Apr-2025,1091370.63,163705.59,1255076.22,0.00
MDS-00233,DDS-2025-118,Meridian Downhole Services Ltd,NGP-HA-179,NG-Rig 41,Harran,HPHT,26-Mar-2025,31-Mar-2025,26-Apr-2025,99693.10,14953.96,114647.06,0.00
MDS-00234,DDS-2025-118,Meridian Downhole Services Ltd,NGP-QA-072,NG-Rig 23,Qarn Alam North,Standard,26-Mar-2025,30-Mar-2025,03-Apr-2025,89190.00,13378.50,102568.50,0.00
MDS-00235,DDS-2025-118,Meridian Downhole Services Ltd,NGP-BD-090,NG-Rig 26,Burqan Deep,Standard,27-Mar-2025,31-Mar-2025,08-Apr-2025,100696.80,15104.52,115801.32,0.00
MDS-00236,DDS-2025-118,Meridian Downhole Services Ltd,NGP-HA-125,NG-Rig 32,Burqan Deep,Standard,27-Mar-2025,31-Mar-2025,09-Apr-2025,117238.08,17585.71,134823.79,0.00
MDS-00237,DDS-2025-118,Meridian Downhole Services Ltd,NGP-WS-019,NG-Rig 14,Wadi Sahm,HPHT,27-Mar-2025,31-Mar-2025,19-Apr-2025,83335.77,12500.37,95836.14,0.00
MDS-00238,DDS-2025-118,Meridian Downhole Services Ltd,NGP-WS-143,NG-Rig 35,Harran,Standard,27-Mar-2025,30-Mar-2025,26-Apr-2025,177398.07,26609.71,204007.78,0.00
MDS-00239,DDS-2025-118,Meridian Downhole Services Ltd,NGP-WS-196,NG-Rig 44,Qarn Alam North,HPHT,27-Mar-2025,29-Mar-2025,20-Apr-2025,52133.15,7819.97,59953.12,0.00
MDS-00240,DDS-2025-118,Meridian Downhole Services Ltd,NGP-QA-160,NG-Rig 38,Qarn Alam North,Extended Reach,28-Mar-2025,31-Mar-2025,05-Apr-2025,89247.96,13387.19,102635.15,0.00
MDS-00241,DDS-2025-118,Meridian Downhole Services Ltd,NGP-WS-003,NG-Rig 11,Harran,Standard,28-Mar-2025,02-Apr-2025,24-Apr-2025,99595.56,14939.33,114534.89,0.00
MDS-00242,DDS-2025-118,Meridian Downhole Services Ltd,NGP-WS-212,NG-Rig 47,Burqan Deep,Standard,28-Mar-2025,30-Mar-2025,07-Apr-2025,45679.53,6851.93,52531.46,0.00
MDS-00243,DDS-2025-118,Meridian Downhole Services Ltd,NGP-HA-036,NG-Rig 17,Qarn Alam North,Standard,29-Mar-2025,29-Mar-2025,13-Apr-2025,42885.69,6432.85,49318.54,0.00
MDS-00244,DDS-2025-118,Meridian Downhole Services Ltd,NGP-QA-054,NG-Rig 21,Harran,HPHT,29-Mar-2025,01-Apr-2025,14-Apr-2025,67309.03,10096.35,77405.38,0.00
MDS-00245,DDS-2025-118,Meridian Downhole Services Ltd,NGP-QA-107,NG-Rig 30,Harran,HPHT,29-Mar-2025,29-Mar-2025,02-Apr-2025,43805.89,6570.88,50376.77,0.00
MDS-00246,DDS-2025-118,Meridian Downhole Services Ltd,NGP-WS-196,NG-Rig 44,Qarn Alam North,HPHT,30-Mar-2025,01-Apr-2025,09-Apr-2025,44985.83,6747.87,51733.70,0.00
MDS-00247,DDS-2025-118,Meridian Downhole Services Ltd,NGP-QA-072,NG-Rig 23,Qarn Alam North,Standard,31-Mar-2025,03-Apr-2025,09-Apr-2025,108334.06,16250.11,124584.17,0.00
MDS-00248,DDS-2025-118,Meridian Downhole Services Ltd,NGP-WS-143,NG-Rig 35,Harran,Standard,31-Mar-2025,03-Apr-2025,10-Apr-2025,165937.41,24890.61,190828.02,0.00
MDS-00249,DDS-2025-118,Meridian Downhole Services Ltd,NGP-WS-212,NG-Rig 47,Burqan Deep,Standard,31-Mar-2025,03-Apr-2025,21-Apr-2025,87881.54,13182.23,101063.77,0.00
MDS-00250,DDS-2025-118,Meridian Downhole Services Ltd,NGP-BD-090,NG-Rig 26,Burqan Deep,Standard,01-Apr-2025,05-Apr-2025,16-Apr-2025,119909.61,17986.44,137896.05,0.00
MDS-00251,DDS-2025-118,Meridian Downhole Services Ltd,NGP-HA-108,NG-Rig 30,Harran,Standard,01-Apr-2025,05-Apr-2025,11-Apr-2025,251732.25,37759.84,289492.09,0.00
MDS-00252,DDS-2025-118,Meridian Downhole Services Ltd,NGP-HA-125,NG-Rig 32,Burqan Deep,Standard,01-Apr-2025,03-Apr-2025,29-Apr-2025,114596.08,17189.41,131785.49,0.00
MDS-00253,DDS-2025-118,Meridian Downhole Services Ltd,NGP-HA-179,NG-Rig 41,Harran,HPHT,01-Apr-2025,06-Apr-2025,13-Apr-2025,177635.47,26645.32,204280.79,0.00
MDS-00254,DDS-2025-118,Meridian Downhole Services Ltd,NGP-WS-019,NG-Rig 14,Wadi Sahm,HPHT,01-Apr-2025,03-Apr-2025,25-Apr-2025,75171.76,11275.76,86447.52,0.00
MDS-00255,DDS-2025-118,Meridian Downhole Services Ltd,NGP-BD-037,NG-Rig 17,Wadi Sahm,Standard,02-Apr-2025,04-Apr-2025,09-Apr-2025,78368.53,11755.28,90123.81,0.00
MDS-00256,DDS-2025-118,Meridian Downhole Services Ltd,NGP-QA-054,NG-Rig 21,Harran,HPHT,02-Apr-2025,07-Apr-2025,13-Apr-2025,163430.51,24514.58,187945.09,0.00
MDS-00257,DDS-2025-118,Meridian Downhole Services Ltd,NGP-WS-196,NG-Rig 44,Qarn Alam North,HPHT,02-Apr-2025,05-Apr-2025,26-Apr-2025,93729.75,14059.46,107789.21,0.00
MDS-00258,DDS-2025-118,Meridian Downhole Services Ltd,NGP-WS-003,NG-Rig 11,Harran,Standard,03-Apr-2025,05-Apr-2025,09-Apr-2025,55455.63,8318.34,63773.97,0.00
MDS-00259,DDS-2025-118,Meridian Downhole Services Ltd,NGP-QA-072,NG-Rig 23,Qarn Alam North,Standard,04-Apr-2025,09-Apr-2025,08-May-2025,152105.76,22815.86,174921.62,0.00
MDS-00260,DDS-2025-118,Meridian Downhole Services Ltd,NGP-WS-143,NG-Rig 35,Harran,Standard,04-Apr-2025,07-Apr-2025,18-Apr-2025,153258.72,22988.81,176247.53,0.00
MDS-00261,DDS-2025-118,Meridian Downhole Services Ltd,NGP-BD-037,NG-Rig 17,Wadi Sahm,Standard,05-Apr-2025,07-Apr-2025,17-Apr-2025,42484.11,6372.62,48856.73,0.00
MDS-00262,DDS-2025-118,Meridian Downhole Services Ltd,NGP-WS-161,NG-Rig 38,Burqan Deep,Standard,05-Apr-2025,10-Apr-2025,25-Apr-2025,130372.69,19555.90,149928.59,0.00
MDS-00263,DDS-2025-118,Meridian Downhole Services Ltd,NGP-BD-090,NG-Rig 26,Burqan Deep,Standard,06-Apr-2025,09-Apr-2025,28-Apr-2025,112429.24,16864.39,129293.63,0.00
MDS-00264,DDS-2025-118,Meridian Downhole Services Ltd,NGP-HA-108,NG-Rig 30,Harran,Standard,06-Apr-2025,11-Apr-2025,06-May-2025,104624.71,15693.71,120318.42,0.00
MDS-00265,DDS-2025-118,Meridian Downhole Services Ltd,NGP-HA-213,NG-Rig 47,Harran,HPHT,06-Apr-2025,08-Apr-2025,15-Apr-2025,84554.00,12683.10,97237.10,0.00
MDS-00266,DDS-2025-118,Meridian Downhole Services Ltd,NGP-WS-003,NG-Rig 11,Harran,Standard,06-Apr-2025,10-Apr-2025,02-May-2025,96395.60,14459.34,110854.94,0.00
MDS-00267,DDS-2025-118,Meridian Downhole Services Ltd,NGP-WS-196,NG-Rig 44,Qarn Alam North,HPHT,06-Apr-2025,09-Apr-2025,08-May-2025,94590.96,14188.64,108779.60,0.00
MDS-00268,DDS-2025-118,Meridian Downhole Services Ltd,NGP-HA-179,NG-Rig 41,Harran,HPHT,07-Apr-2025,09-Apr-2025,06-May-2025,140451.27,21067.69,161518.96,0.00
MDS-00269,DDS-2025-118,Meridian Downhole Services Ltd,NGP-WS-126,NG-Rig 32,Harran,Standard,07-Apr-2025,12-Apr-2025,15-Apr-2025,125500.29,18825.04,144325.33,0.00
MDS-00270,DDS-2025-118,Meridian Downhole Services Ltd,NGP-BD-020,NG-Rig 14,Harran,HPHT,08-Apr-2025,10-Apr-2025,05-May-2025,81843.30,12276.50,94119.80,0.00
MDS-00271,DDS-2025-118,Meridian Downhole Services Ltd,NGP-BD-037,NG-Rig 17,Wadi Sahm,Standard,08-Apr-2025,10-Apr-2025,23-Apr-2025,49822.56,7473.38,57295.94,0.00
MDS-00272,DDS-2025-118,Meridian Downhole Services Ltd,NGP-QA-054,NG-Rig 21,Harran,HPHT,08-Apr-2025,13-Apr-2025,02-May-2025,215988.84,32398.33,248387.17,0.00
MDS-00273,DDS-2025-118,Meridian Downhole Services Ltd,NGP-WS-143,NG-Rig 35,Harran,Standard,08-Apr-2025,11-Apr-2025,28-Apr-2025,161250.60,24187.59,185438.19,0.00
MDS-00274,DDS-2025-118,Meridian Downhole Services Ltd,NGP-HA-213,NG-Rig 47,Harran,HPHT,09-Apr-2025,12-Apr-2025,15-Apr-2025,60065.32,9009.80,69075.12,0.00
MDS-00275,DDS-2025-118,Meridian Downhole Services Ltd,NGP-BD-090,NG-Rig 26,Burqan Deep,Standard,10-Apr-2025,14-Apr-2025,10-May-2025,132695.22,19904.28,152599.50,0.00
MDS-00276,DDS-2025-118,Meridian Downhole Services Ltd,NGP-HA-179,NG-Rig 41,Harran,HPHT,10-Apr-2025,15-Apr-2025,11-May-2025,289124.05,43368.61,332492.66,0.00
MDS-00277,DDS-2025-118,Meridian Downhole Services Ltd,NGP-QA-072,NG-Rig 23,Qarn Alam North,Standard,10-Apr-2025,13-Apr-2025,12-May-2025,109570.81,16435.62,126006.43,0.00
MDS-00278,DDS-2025-118,Meridian Downhole Services Ltd,NGP-WS-196,NG-Rig 44,Qarn Alam North,HPHT,10-Apr-2025,13-Apr-2025,27-Apr-2025,131024.39,19653.66,150678.05,0.00
MDS-00279,DDS-2025-118,Meridian Downhole Services Ltd,NGP-BD-020,NG-Rig 14,Harran,HPHT,11-Apr-2025,16-Apr-2025,06-May-2025,90097.98,13514.70,103612.68,0.00
MDS-00280,DDS-2025-118,Meridian Downhole Services Ltd,NGP-BD-037,NG-Rig 17,Wadi Sahm,Standard,11-Apr-2025,14-Apr-2025,11-May-2025,90198.02,13529.70,103727.72,0.00
MDS-00281,DDS-2025-118,Meridian Downhole Services Ltd,NGP-WS-003,NG-Rig 11,Harran,Standard,11-Apr-2025,13-Apr-2025,09-May-2025,60065.43,9009.81,69075.24,0.00
MDS-00282,DDS-2025-118,Meridian Downhole Services Ltd,NGP-WS-161,NG-Rig 38,Burqan Deep,Standard,11-Apr-2025,16-Apr-2025,02-May-2025,461773.78,69266.07,531039.85,0.00
MDS-00283,DDS-2025-118,Meridian Downhole Services Ltd,NGP-HA-108,NG-Rig 30,Harran,Standard,12-Apr-2025,17-Apr-2025,12-May-2025,108720.74,16308.11,125028.85,0.00
MDS-00284,DDS-2025-118,Meridian Downhole Services Ltd,NGP-WS-143,NG-Rig 35,Harran,Standard,12-Apr-2025,14-Apr-2025,04-May-2025,127534.93,19130.24,146665.17,0.00
MDS-00285,DDS-2025-118,Meridian Downhole Services Ltd,NGP-HA-213,NG-Rig 47,Harran,HPHT,13-Apr-2025,15-Apr-2025,14-May-2025,56271.54,8440.73,64712.27,0.00
MDS-00286,DDS-2025-118,Meridian Downhole Services Ltd,NGP-WS-126,NG-Rig 32,Harran,Standard,13-Apr-2025,15-Apr-2025,24-Apr-2025,46341.34,6951.20,53292.54,0.00
MDS-00287,DDS-2025-118,Meridian Downhole Services Ltd,NGP-QA-054,NG-Rig 21,Harran,HPHT,14-Apr-2025,19-Apr-2025,25-Apr-2025,291391.41,43708.71,335100.12,0.00
MDS-00288,DDS-2025-118,Meridian Downhole Services Ltd,NGP-QA-072,NG-Rig 23,Qarn Alam North,Standard,14-Apr-2025,19-Apr-2025,10-May-2025,151105.46,22665.82,173771.28,0.00
MDS-00289,DDS-2025-118,Meridian Downhole Services Ltd,NGP-WS-003,NG-Rig 11,Harran,Standard,14-Apr-2025,19-Apr-2025,17-May-2025,142330.44,21349.57,163680.01,0.00
MDS-00290,DDS-2025-118,Meridian Downhole Services Ltd,NGP-WS-196,NG-Rig 44,Qarn Alam North,HPHT,14-Apr-2025,19-Apr-2025,29-Apr-2025,178328.03,26749.20,205077.23,0.00
MDS-00291,DDS-2025-118,Meridian Downhole Services Ltd,NGP-BD-037,NG-Rig 17,Wadi Sahm,Standard,15-Apr-2025,19-Apr-2025,05-May-2025,157462.85,23619.43,181082.28,0.00
MDS-00292,DDS-2025-118,Meridian Downhole Services Ltd,NGP-BD-090,NG-Rig 26,Burqan Deep,Standard,15-Apr-2025,19-Apr-2025,08-May-2025,1197079.56,179561.93,1376641.49,0.00
MDS-00293,DDS-2025-118,Meridian Downhole Services Ltd,NGP-HA-179,NG-Rig 41,Harran,HPHT,16-Apr-2025,21-Apr-2025,12-May-2025,281686.19,42252.93,323939.12,0.00
MDS-00294,DDS-2025-118,Meridian Downhole Services Ltd,NGP-HA-213,NG-Rig 47,Harran,HPHT,16-Apr-2025,18-Apr-2025,28-Apr-2025,65725.97,9858.90,75584.87,0.00
MDS-00295,DDS-2025-118,Meridian Downhole Services Ltd,NGP-WS-126,NG-Rig 32,Harran,Standard,16-Apr-2025,19-Apr-2025,28-Apr-2025,52020.96,7803.14,59824.10,0.00
MDS-00296,DDS-2025-118,Meridian Downhole Services Ltd,NGP-BD-020,NG-Rig 14,Harran,HPHT,17-Apr-2025,20-Apr-2025,07-May-2025,114281.34,17142.20,131423.54,0.00
MDS-00297,DDS-2025-118,Meridian Downhole Services Ltd,NGP-WS-161,NG-Rig 38,Burqan Deep,Standard,17-Apr-2025,21-Apr-2025,26-Apr-2025,167184.65,25077.70,192262.35,0.00
MDS-00298,DDS-2025-118,Meridian Downhole Services Ltd,NGP-HA-108,NG-Rig 30,Harran,Standard,18-Apr-2025,21-Apr-2025,20-May-2025,74196.94,11129.54,85326.48,0.00
MDS-00299,DDS-2025-118,Meridian Downhole Services Ltd,NGP-HA-213,NG-Rig 47,Harran,HPHT,19-Apr-2025,24-Apr-2025,12-May-2025,129924.94,19488.74,149413.68,0.00
MDS-00300,DDS-2025-118,Meridian Downhole Services Ltd,NGP-BD-037,NG-Rig 17,Wadi Sahm,Standard,20-Apr-2025,22-Apr-2025,08-May-2025,117770.89,17665.63,135436.52,0.00
MDS-00301,DDS-2025-118,Meridian Downhole Services Ltd,NGP-QA-054,NG-Rig 21,Harran,HPHT,20-Apr-2025,24-Apr-2025,18-May-2025,174368.31,26155.25,200523.56,0.00
MDS-00302,DDS-2025-118,Meridian Downhole Services Ltd,NGP-QA-072,NG-Rig 23,Qarn Alam North,Standard,20-Apr-2025,20-Apr-2025,09-May-2025,47237.46,7085.62,54323.08,0.00
MDS-00303,DDS-2025-118,Meridian Downhole Services Ltd,NGP-QA-144,NG-Rig 35,Burqan Deep,Standard,20-Apr-2025,25-Apr-2025,02-May-2025,125480.39,18822.06,144302.45,0.00
MDS-00304,DDS-2025-118,Meridian Downhole Services Ltd,NGP-WS-003,NG-Rig 11,Harran,Standard,20-Apr-2025,24-Apr-2025,14-May-2025,121113.01,18166.95,139279.96,0.00
MDS-00305,DDS-2025-118,Meridian Downhole Services Ltd,NGP-WS-126,NG-Rig 32,Harran,Standard,20-Apr-2025,23-Apr-2025,08-May-2025,124224.30,18633.64,142857.94,0.00
MDS-00306,DDS-2025-118,Meridian Downhole Services Ltd,NGP-WS-196,NG-Rig 44,Qarn Alam North,HPHT,20-Apr-2025,22-Apr-2025,10-May-2025,113707.11,17056.07,130763.18,0.00
MDS-00307,DDS-2025-118,Meridian Downhole Services Ltd,NGP-BD-020,NG-Rig 14,Harran,HPHT,21-Apr-2025,24-Apr-2025,01-May-2025,1327071.37,199060.71,1526132.08,0.00
MDS-00308,DDS-2025-118,Meridian Downhole Services Ltd,NGP-HA-091,NG-Rig 26,Wadi Sahm,Standard,21-Apr-2025,23-Apr-2025,20-May-2025,67336.77,10100.52,77437.29,0.00
MDS-00309,DDS-2025-118,Meridian Downhole Services Ltd,NGP-HA-073,NG-Rig 23,Wadi Sahm,Standard,22-Apr-2025,24-Apr-2025,29-Apr-2025,80814.68,12122.20,92936.88,0.00
MDS-00310,DDS-2025-118,Meridian Downhole Services Ltd,NGP-HA-108,NG-Rig 30,Harran,Standard,22-Apr-2025,25-Apr-2025,09-May-2025,104541.48,15681.22,120222.70,0.00
MDS-00311,DDS-2025-118,Meridian Downhole Services Ltd,NGP-HA-179,NG-Rig 41,Harran,HPHT,22-Apr-2025,25-Apr-2025,21-May-2025,169074.14,25361.12,194435.26,0.00
MDS-00312,DDS-2025-118,Meridian Downhole Services Ltd,NGP-WS-161,NG-Rig 38,Burqan Deep,Standard,22-Apr-2025,25-Apr-2025,28-Apr-2025,143480.19,21522.03,165002.22,0.00
MDS-00313,DDS-2025-118,Meridian Downhole Services Ltd,NGP-BD-037,NG-Rig 17,Wadi Sahm,Standard,23-Apr-2025,26-Apr-2025,06-May-2025,174800.84,26220.13,201020.97,0.00
MDS-00314,DDS-2025-118,Meridian Downhole Services Ltd,NGP-HA-091,NG-Rig 26,Wadi Sahm,Standard,24-Apr-2025,27-Apr-2025,26-May-2025,70766.81,10615.02,81381.83,0.00
MDS-00315,DDS-2025-118,Meridian Downhole Services Ltd,NGP-HA-197,NG-Rig 44,Harran,Extended Reach,24-Apr-2025,29-Apr-2025,02-May-2025,123146.04,18471.91,141617.95,0.00
MDS-00316,DDS-2025-118,Meridian Downhole Services Ltd,NGP-WS-126,NG-Rig 32,Harran,Standard,24-Apr-2025,29-Apr-2025,13-May-2025,204607.53,30691.13,235298.66,0.00
MDS-00317,DDS-2025-118,Meridian Downhole Services Ltd,NGP-BD-020,NG-Rig 14,Harran,HPHT,25-Apr-2025,29-Apr-2025,18-May-2025,189593.77,28439.07,218032.84,0.00
MDS-00318,DDS-2025-118,Meridian Downhole Services Ltd,NGP-HA-073,NG-Rig 23,Wadi Sahm,Standard,25-Apr-2025,28-Apr-2025,11-May-2025,65127.23,9769.08,74896.31,0.00
MDS-00319,DDS-2025-118,Meridian Downhole Services Ltd,NGP-HA-213,NG-Rig 47,Harran,HPHT,25-Apr-2025,28-Apr-2025,26-May-2025,126314.36,18947.15,145261.51,0.00
MDS-00320,DDS-2025-118,Meridian Downhole Services Ltd,NGP-QA-054,NG-Rig 21,Harran,HPHT,25-Apr-2025,25-Apr-2025,02-May-2025,69420.01,10413.00,79833.01,0.00
MDS-00321,DDS-2025-118,Meridian Downhole Services Ltd,NGP-WS-003,NG-Rig 11,Harran,Standard,25-Apr-2025,28-Apr-2025,01-May-2025,130217.89,19532.68,149750.57,0.00
MDS-00322,DDS-2025-118,Meridian Downhole Services Ltd,NGP-HA-108,NG-Rig 30,Harran,Standard,26-Apr-2025,29-Apr-2025,03-May-2025,96006.02,14400.90,110406.92,0.00
MDS-00323,DDS-2025-118,Meridian Downhole Services Ltd,NGP-QA-144,NG-Rig 35,Burqan Deep,Standard,26-Apr-2025,28-Apr-2025,10-May-2025,33401.64,5010.25,38411.89,0.00
MDS-00324,DDS-2025-118,Meridian Downhole Services Ltd,NGP-WS-161,NG-Rig 38,Burqan Deep,Standard,26-Apr-2025,28-Apr-2025,25-May-2025,105044.53,15756.68,120801.21,0.00
MDS-00325,DDS-2025-118,Meridian Downhole Services Ltd,NGP-BD-037,NG-Rig 17,Wadi Sahm,Standard,27-Apr-2025,02-May-2025,01-Jun-2025,201592.35,30238.85,231831.20,0.00
MDS-00326,DDS-2025-118,Meridian Downhole Services Ltd,NGP-HA-091,NG-Rig 26,Wadi Sahm,Standard,28-Apr-2025,30-Apr-2025,20-May-2025,47376.41,7106.46,54482.87,0.00
MDS-00327,DDS-2025-118,Meridian Downhole Services Ltd,NGP-HA-073,NG-Rig 23,Wadi Sahm,Standard,29-Apr-2025,02-May-2025,28-May-2025,56695.26,8504.29,65199.55,0.00
MDS-00328,DDS-2025-118,Meridian Downhole Services Ltd,NGP-HA-213,NG-Rig 47,Harran,HPHT,29-Apr-2025,04-May-2025,26-May-2025,182259.88,27338.98,209598.86,0.00
MDS-00329,DDS-2025-118,Meridian Downhole Services Ltd,NGP-QA-144,NG-Rig 35,Burqan Deep,Standard,29-Apr-2025,01-May-2025,21-May-2025,47401.30,7110.20,54511.50,0.00
MDS-00330,DDS-2025-118,Meridian Downhole Services Ltd,NGP-WS-055,NG-Rig 21,Qarn Alam North,HPHT,29-Apr-2025,01-May-2025,17-May-2025,87035.78,13055.37,100091.15,0.00
MDS-00331,DDS-2025-118,Meridian Downhole Services Ltd,NGP-WS-161,NG-Rig 38,Burqan Deep,Standard,29-Apr-2025,02-May-2025,13-May-2025,134097.26,20114.59,154211.85,0.00
MDS-00332,DDS-2025-118,Meridian Downhole Services Ltd,NGP-BD-020,NG-Rig 14,Harran,HPHT,30-Apr-2025,04-May-2025,07-May-2025,168298.47,25244.77,193543.24,0.00
MDS-00333,DDS-2025-118,Meridian Downhole Services Ltd,NGP-HA-108,NG-Rig 30,Harran,Standard,30-Apr-2025,02-May-2025,20-May-2025,78312.54,11746.88,90059.42,0.00
MDS-00334,DDS-2025-118,Meridian Downhole Services Ltd,NGP-HA-180,NG-Rig 41,Qarn Alam North,Extended Reach,30-Apr-2025,02-May-2025,20-May-2025,80547.94,12082.19,92630.13,0.00
MDS-00335,DDS-2025-118,Meridian Downhole Services Ltd,NGP-HA-197,NG-Rig 44,Harran,Extended Reach,30-Apr-2025,04-May-2025,03-Jun-2025,85302.26,12795.34,98097.60,0.00
MDS-00336,DDS-2025-118,Meridian Downhole Services Ltd,NGP-WS-126,NG-Rig 32,Harran,Standard,30-Apr-2025,02-May-2025,23-May-2025,120838.42,18125.76,138964.18,0.00
MDS-00337,DDS-2025-118,Meridian Downhole Services Ltd,NGP-HA-091,NG-Rig 26,Wadi Sahm,Standard,01-May-2025,03-May-2025,09-May-2025,59341.11,8901.17,68242.28,0.00
MDS-00338,DDS-2025-118,Meridian Downhole Services Ltd,NGP-QA-004,NG-Rig 11,Qarn Alam North,Standard,01-May-2025,04-May-2025,21-May-2025,97530.94,14629.64,112160.58,0.00
MDS-00339,DDS-2025-118,Meridian Downhole Services Ltd,NGP-QA-144,NG-Rig 35,Burqan Deep,Standard,02-May-2025,04-May-2025,26-May-2025,66816.62,10022.49,76839.11,0.00
MDS-00340,DDS-2025-118,Meridian Downhole Services Ltd,NGP-WS-055,NG-Rig 21,Qarn Alam North,HPHT,02-May-2025,07-May-2025,14-May-2025,90056.06,13508.41,103564.47,0.00
MDS-00341,DDS-2025-118,Meridian Downhole Services Ltd,NGP-BD-037,NG-Rig 17,Wadi Sahm,Standard,03-May-2025,07-May-2025,22-May-2025,186968.04,28045.21,215013.25,0.00
MDS-00342,DDS-2025-118,Meridian Downhole Services Ltd,NGP-HA-073,NG-Rig 23,Wadi Sahm,Standard,03-May-2025,07-May-2025,10-May-2025,136376.82,20456.52,156833.34,0.00
MDS-00343,DDS-2025-118,Meridian Downhole Services Ltd,NGP-HA-108,NG-Rig 30,Harran,Standard,03-May-2025,05-May-2025,22-May-2025,82999.59,12449.94,95449.53,0.00
MDS-00344,DDS-2025-118,Meridian Downhole Services Ltd,NGP-HA-180,NG-Rig 41,Qarn Alam North,Extended Reach,03-May-2025,05-May-2025,24-May-2025,51289.11,7693.37,58982.48,0.00
MDS-00345,DDS-2025-118,Meridian Downhole Services Ltd,NGP-WS-126,NG-Rig 32,Harran,Standard,03-May-2025,07-May-2025,05-Jun-2025,138717.80,20807.67,159525.47,0.00
MDS-00346,DDS-2025-118,Meridian Downhole Services Ltd,NGP-WS-161,NG-Rig 38,Burqan Deep,Standard,03-May-2025,07-May-2025,02-Jun-2025,207673.58,31151.04,238824.62,0.00
MDS-00347,DDS-2025-118,Meridian Downhole Services Ltd,NGP-HA-091,NG-Rig 26,Wadi Sahm,Standard,04-May-2025,08-May-2025,20-May-2025,90079.74,13511.96,103591.70,0.00
MDS-00348,DDS-2025-118,Meridian Downhole Services Ltd,NGP-BD-020,NG-Rig 14,Harran,HPHT,05-May-2025,09-May-2025,20-May-2025,206916.90,31037.54,237954.44,0.00
MDS-00349,DDS-2025-118,Meridian Downhole Services Ltd,NGP-HA-197,NG-Rig 44,Harran,Extended Reach,05-May-2025,09-May-2025,19-May-2025,154329.97,23149.50,177479.47,0.00
MDS-00350,DDS-2025-118,Meridian Downhole Services Ltd,NGP-HA-213,NG-Rig 47,Harran,HPHT,05-May-2025,07-May-2025,29-May-2025,78303.18,11745.48,90048.66,0.00
MDS-00351,DDS-2025-118,Meridian Downhole Services Ltd,NGP-QA-004,NG-Rig 11,Qarn Alam North,Standard,05-May-2025,08-May-2025,23-May-2025,65226.79,9784.02,75010.81,0.00
MDS-00352,DDS-2025-118,Meridian Downhole Services Ltd,NGP-QA-144,NG-Rig 35,Burqan Deep,Standard,05-May-2025,10-May-2025,02-Jun-2025,171624.93,25743.74,197368.67,0.00
MDS-00353,DDS-2025-118,Meridian Downhole Services Ltd,NGP-HA-108,NG-Rig 30,Harran,Standard,06-May-2025,06-May-2025,11-May-2025,47917.19,7187.58,55104.77,0.00
MDS-00354,DDS-2025-118,Meridian Downhole Services Ltd,NGP-HA-180,NG-Rig 41,Qarn Alam North,Extended Reach,06-May-2025,10-May-2025,03-Jun-2025,75697.25,11354.59,87051.84,0.00
MDS-00355,DDS-2025-118,Meridian Downhole Services Ltd,NGP-BD-037,NG-Rig 17,Wadi Sahm,Standard,08-May-2025,13-May-2025,28-May-2025,85493.88,12824.08,98317.96,0.00
MDS-00356,DDS-2025-118,Meridian Downhole Services Ltd,NGP-HA-073,NG-Rig 23,Wadi Sahm,Standard,08-May-2025,12-May-2025,10-Jun-2025,158351.98,23752.80,182104.78,0.00
MDS-00357,DDS-2025-118,Meridian Downhole Services Ltd,NGP-HA-213,NG-Rig 47,Harran,HPHT,08-May-2025,10-May-2025,04-Jun-2025,48608.96,7291.34,55900.30,0.00
MDS-00358,DDS-2025-118,Meridian Downhole Services Ltd,NGP-WS-055,NG-Rig 21,Qarn Alam North,HPHT,08-May-2025,13-May-2025,28-May-2025,104024.48,15603.67,119628.15,0.00
MDS-00359,DDS-2025-118,Meridian Downhole Services Ltd,NGP-WS-126,NG-Rig 32,Harran,Standard,08-May-2025,08-May-2025,15-May-2025,48393.88,7259.08,55652.96,0.00
MDS-00360,DDS-2025-118,Meridian Downhole Services Ltd,NGP-WS-161,NG-Rig 38,Burqan Deep,Standard,08-May-2025,08-May-2025,01-Jun-2025,49550.55,7432.58,56983.13,0.00
MDS-00361,DDS-2025-118,Meridian Downhole Services Ltd,NGP-BD-109,NG-Rig 30,Wadi Sahm,Standard,09-May-2025,11-May-2025,02-Jun-2025,67403.82,10110.57,77514.39,0.00
MDS-00362,DDS-2025-118,Meridian Downhole Services Ltd,NGP-HA-091,NG-Rig 26,Wadi Sahm,Standard,09-May-2025,13-May-2025,19-May-2025,125970.70,18895.60,144866.30,0.00
MDS-00363,DDS-2025-118,Meridian Downhole Services Ltd,NGP-QA-004,NG-Rig 11,Qarn Alam North,Standard,09-May-2025,13-May-2025,03-Jun-2025,123244.18,18486.63,141730.81,0.00
MDS-00364,DDS-2025-118,Meridian Downhole Services Ltd,NGP-HA-197,NG-Rig 44,Harran,Extended Reach,10-May-2025,14-May-2025,09-Jun-2025,213128.17,31969.23,245097.40,0.00
MDS-00365,DDS-2025-118,Meridian Downhole Services Ltd,NGP-WS-127,NG-Rig 32,Burqan Deep,Standard,10-May-2025,15-May-2025,03-Jun-2025,123411.51,18511.73,141923.24,0.00
MDS-00366,DDS-2025-118,Meridian Downhole Services Ltd,NGP-HA-180,NG-Rig 41,Qarn Alam North,Extended Reach,11-May-2025,15-May-2025,06-Jun-2025,105819.29,15872.89,121692.18,0.00
MDS-00367,DDS-2025-118,Meridian Downhole Services Ltd,NGP-HA-213,NG-Rig 47,Harran,HPHT,11-May-2025,13-May-2025,11-Jun-2025,47569.13,7135.37,54704.50,0.00
MDS-00368,DDS-2025-118,Meridian Downhole Services Ltd,NGP-QA-144,NG-Rig 35,Burqan Deep,Standard,11-May-2025,14-May-2025,05-Jun-2025,133677.82,20051.67,153729.49,0.00
MDS-00369,DDS-2025-118,Meridian Downhole Services Ltd,NGP-BD-109,NG-Rig 30,Wadi Sahm,Standard,12-May-2025,14-May-2025,11-Jun-2025,50121.53,7518.23,57639.76,0.00
MDS-00370,DDS-2025-118,Meridian Downhole Services Ltd,NGP-WS-021,NG-Rig 14,Qarn Alam North,Extended Reach,12-May-2025,17-May-2025,12-Jun-2025,123860.48,18579.07,142439.55,0.00
MDS-00371,DDS-2025-118,Meridian Downhole Services Ltd,NGP-HA-073,NG-Rig 23,Wadi Sahm,Standard,13-May-2025,16-May-2025,27-May-2025,137884.26,20682.64,158566.90,0.00
MDS-00372,DDS-2025-118,Meridian Downhole Services Ltd,NGP-BD-037,NG-Rig 17,Wadi Sahm,Standard,14-May-2025,17-May-2025,24-May-2025,62593.68,9389.05,71982.73,0.00
MDS-00373,DDS-2025-118,Meridian Downhole Services Ltd,NGP-HA-091,NG-Rig 26,Wadi Sahm,Standard,14-May-2025,16-May-2025,22-May-2025,72807.53,10921.13,83728.66,0.00
MDS-00374,DDS-2025-118,Meridian Downhole Services Ltd,NGP-HA-162,NG-Rig 38,Harran,Extended Reach,14-May-2025,17-May-2025,12-Jun-2025,102427.59,15364.14,117791.73,0.00
MDS-00375,DDS-2025-118,Meridian Downhole Services Ltd,NGP-HA-213,NG-Rig 47,Harran,HPHT,14-May-2025,17-May-2025,28-May-2025,95197.74,14279.66,109477.40,0.00
MDS-00376,DDS-2025-118,Meridian Downhole Services Ltd,NGP-QA-004,NG-Rig 11,Qarn Alam North,Standard,14-May-2025,19-May-2025,08-Jun-2025,214975.91,32246.39,247222.30,0.00
MDS-00377,DDS-2025-118,Meridian Downhole Services Ltd,NGP-WS-055,NG-Rig 21,Qarn Alam North,HPHT,14-May-2025,16-May-2025,05-Jun-2025,57641.19,8646.18,66287.37,0.00
MDS-00378,DDS-2025-118,Meridian Downhole Services Ltd,NGP-BD-109,NG-Rig 30,Wadi Sahm,Standard,15-May-2025,17-May-2025,31-May-2025,47451.08,7117.66,54568.74,0.00
MDS-00379,DDS-2025-118,Meridian Downhole Services Ltd,NGP-HA-197,NG-Rig 44,Harran,Extended Reach,15-May-2025,17-May-2025,30-May-2025,107283.66,16092.55,123376.21,0.00
MDS-00380,DDS-2025-118,Meridian Downhole Services Ltd,NGP-QA-144,NG-Rig 35,Burqan Deep,Standard,15-May-2025,20-May-2025,02-Jun-2025,245567.35,36835.10,282402.45,0.00
MDS-00381,DDS-2025-118,Meridian Downhole Services Ltd,NGP-HA-180,NG-Rig 41,Qarn Alam North,Extended Reach,16-May-2025,20-May-2025,09-Jun-2025,119818.68,17972.80,137791.48,0.00
MDS-00382,DDS-2025-118,Meridian Downhole Services Ltd,NGP-WS-127,NG-Rig 32,Burqan Deep,Standard,16-May-2025,19-May-2025,16-Jun-2025,59285.68,8892.85,68178.53,0.00
MDS-00383,DDS-2025-118,Meridian Downhole Services Ltd,NGP-HA-073,NG-Rig 23,Wadi Sahm,Standard,17-May-2025,21-May-2025,29-May-2025,626624.49,93993.67,720618.16,0.00
MDS-00384,DDS-2025-118,Meridian Downhole Services Ltd,NGP-HA-091,NG-Rig 26,Wadi Sahm,Standard,17-May-2025,22-May-2025,17-Jun-2025,143065.38,21459.81,164525.19,0.00
MDS-00385,DDS-2025-118,Meridian Downhole Services Ltd,NGP-WS-055,NG-Rig 21,Qarn Alam North,HPHT,17-May-2025,21-May-2025,11-Jun-2025,128285.57,19242.84,147528.41,0.00
MDS-00386,DDS-2025-118,Meridian Downhole Services Ltd,NGP-BD-037,NG-Rig 17,Wadi Sahm,Standard,18-May-2025,21-May-2025,05-Jun-2025,87607.43,13141.11,100748.54,0.00
MDS-00387,DDS-2025-118,Meridian Downhole Services Ltd,NGP-BD-109,NG-Rig 30,Wadi Sahm,Standard,18-May-2025,22-May-2025,26-May-2025,117501.98,17625.30,135127.28,0.00
MDS-00388,DDS-2025-118,Meridian Downhole Services Ltd,NGP-HA-162,NG-Rig 38,Harran,Extended Reach,18-May-2025,23-May-2025,30-May-2025,92796.32,13919.45,106715.77,0.00
MDS-00389,DDS-2025-118,Meridian Downhole Services Ltd,NGP-HA-197,NG-Rig 44,Harran,Extended Reach,18-May-2025,23-May-2025,14-Jun-2025,222204.68,33330.70,255535.38,0.00
MDS-00390,DDS-2025-118,Meridian Downhole Services Ltd,NGP-WS-021,NG-Rig 14,Qarn Alam North,Extended Reach,18-May-2025,23-May-2025,20-Jun-2025,89067.40,13360.11,102427.51,0.00
MDS-00391,DDS-2025-118,Meridian Downhole Services Ltd,NGP-QA-214,NG-Rig 47,Qarn Alam North,Standard,19-May-2025,23-May-2025,30-May-2025,107582.54,16137.38,123719.92,0.00
MDS-00392,DDS-2025-118,Meridian Downhole Services Ltd,NGP-QA-004,NG-Rig 11,Qarn Alam North,Standard,20-May-2025,22-May-2025,13-Jun-2025,102009.60,15301.44,117311.04,0.00
MDS-00393,DDS-2025-118,Meridian Downhole Services Ltd,NGP-WS-127,NG-Rig 32,Burqan Deep,Standard,20-May-2025,23-May-2025,26-May-2025,94003.23,14100.48,108103.71,0.00
MDS-00394,DDS-2025-118,Meridian Downhole Services Ltd,NGP-HA-180,NG-Rig 41,Qarn Alam North,Extended Reach,21-May-2025,26-May-2025,14-Jun-2025,211136.14,31670.42,242806.56,0.00
MDS-00395,DDS-2025-118,Meridian Downhole Services Ltd,NGP-QA-144,NG-Rig 35,Burqan Deep,Standard,21-May-2025,26-May-2025,01-Jun-2025,238316.50,35747.48,274063.98,0.00
MDS-00396,DDS-2025-118,Meridian Downhole Services Ltd,NGP-HA-073,NG-Rig 23,Wadi Sahm,Standard,22-May-2025,26-May-2025,25-Jun-2025,74561.03,11184.15,85745.18,0.00
MDS-00397,DDS-2025-118,Meridian Downhole Services Ltd,NGP-WS-055,NG-Rig 21,Qarn Alam North,HPHT,22-May-2025,24-May-2025,12-Jun-2025,72790.03,10918.50,83708.53,0.00
MDS-00398,DDS-2025-118,Meridian Downhole Services Ltd,NGP-BD-109,NG-Rig 30,Wadi Sahm,Standard,23-May-2025,25-May-2025,02-Jun-2025,97678.10,14651.72,112329.82,0.00
MDS-00399,DDS-2025-118,Meridian Downhole Services Ltd,NGP-HA-091,NG-Rig 26,Wadi Sahm,Standard,23-May-2025,28-May-2025,11-Jun-2025,137841.30,20676.20,158517.50,0.00
MDS-00400,DDS-2025-118,Meridian Downhole Services Ltd,NGP-QA-004,NG-Rig 11,Qarn Alam North,Standard,23-May-2025,26-May-2025,16-Jun-2025,158137.77,23720.67,181858.44,0.00
MDS-00401,DDS-2025-118,Meridian Downhole Services Ltd,NGP-HA-162,NG-Rig 38,Harran,Extended Reach,24-May-2025,29-May-2025,03-Jun-2025,166491.13,24973.67,191464.80,0.00
MDS-00402,DDS-2025-118,Meridian Downhole Services Ltd,NGP-HA-197,NG-Rig 44,Harran,Extended Reach,24-May-2025,26-May-2025,11-Jun-2025,113240.24,16986.04,130226.28,0.00
MDS-00403,DDS-2025-118,Meridian Downhole Services Ltd,NGP-QA-214,NG-Rig 47,Qarn Alam North,Standard,24-May-2025,29-May-2025,17-Jun-2025,87563.71,13134.56,100698.27,0.00
MDS-00404,DDS-2025-118,Meridian Downhole Services Ltd,NGP-WS-021,NG-Rig 14,Qarn Alam North,Extended Reach,24-May-2025,26-May-2025,23-Jun-2025,85138.85,12770.83,97909.68,0.00
MDS-00405,DDS-2025-118,Meridian Downhole Services Ltd,NGP-WS-038,NG-Rig 17,Burqan Deep,Standard,24-May-2025,28-May-2025,12-Jun-2025,117403.15,17610.47,135013.62,0.00
MDS-00406,DDS-2025-118,Meridian Downhole Services Ltd,NGP-WS-127,NG-Rig 32,Burqan Deep,Standard,24-May-2025,28-May-2025,02-Jun-2025,185638.91,27845.84,213484.75,0.00
MDS-00407,DDS-2025-118,Meridian Downhole Services Ltd,NGP-WS-055,NG-Rig 21,Qarn Alam North,HPHT,25-May-2025,27-May-2025,06-Jun-2025,90858.08,13628.71,104486.79,0.00
MDS-00408,DDS-2025-118,Meridian Downhole Services Ltd,NGP-BD-109,NG-Rig 30,Wadi Sahm,Standard,26-May-2025,29-May-2025,03-Jun-2025,137459.90,20618.98,158078.88,0.00
MDS-00409,DDS-2025-118,Meridian Downhole Services Ltd,NGP-HA-073,NG-Rig 23,Wadi Sahm,Standard,27-May-2025,28-May-2025,09-Jun-2025,57707.21,8656.08,66363.29,0.00
MDS-00410,DDS-2025-118,Meridian Downhole Services Ltd,NGP-HA-180,NG-Rig 41,Qarn Alam North,Extended Reach,27-May-2025,31-May-2025,21-Jun-2025,133723.14,20058.47,153781.61,0.00
MDS-00411,DDS-2025-118,Meridian Downhole Services Ltd,NGP-HA-197,NG-Rig 44,Harran,Extended Reach,27-May-2025,29-May-2025,13-Jun-2025,112008.89,16801.33,128810.22,0.00
MDS-00412,DDS-2025-118,Meridian Downhole Services Ltd,NGP-QA-004,NG-Rig 11,Qarn Alam North,Standard,27-May-2025,30-May-2025,26-Jun-2025,118136.80,17720.52,135857.32,0.00
MDS-00413,DDS-2025-118,Meridian Downhole Services Ltd,NGP-QA-144,NG-Rig 35,Burqan Deep,Standard,27-May-2025,27-May-2025,07-Jun-2025,49353.61,7403.04,56756.65,0.00
MDS-00414,DDS-2025-118,Meridian Downhole Services Ltd,NGP-WS-021,NG-Rig 14,Qarn Alam North,Extended Reach,27-May-2025,31-May-2025,16-Jun-2025,145659.04,21848.86,167507.90,0.00
MDS-00415,DDS-2025-118,Meridian Downhole Services Ltd,NGP-WS-055,NG-Rig 21,Qarn Alam North,HPHT,28-May-2025,01-Jun-2025,07-Jun-2025,172988.68,25948.30,198936.98,0.00
MDS-00416,DDS-2025-118,Meridian Downhole Services Ltd,NGP-HA-091,NG-Rig 26,Wadi Sahm,Standard,29-May-2025,03-Jun-2025,22-Jun-2025,119334.45,17900.17,137234.62,0.00
MDS-00417,DDS-2025-118,Meridian Downhole Services Ltd,NGP-WS-038,NG-Rig 17,Burqan Deep,Standard,29-May-2025,02-Jun-2025,11-Jun-2025,87606.37,13140.96,100747.33,0.00
MDS-00418,DDS-2025-118,Meridian Downhole Services Ltd,NGP-WS-127,NG-Rig 32,Burqan Deep,Standard,29-May-2025,31-May-2025,25-Jun-2025,76472.62,11470.89,87943.51,0.00
MDS-00419,DDS-2025-118,Meridian Downhole Services Ltd,NGP-BD-109,NG-Rig 30,Wadi Sahm,Standard,30-May-2025,04-Jun-2025,03-Jul-2025,204971.44,30745.72,235717.16,0.00
MDS-00420,DDS-2025-118,Meridian Downhole Services Ltd,NGP-HA-162,NG-Rig 38,Harran,Extended Reach,30-May-2025,03-Jun-2025,01-Jul-2025,126386.42,18957.96,145344.38,0.00
MDS-00421,DDS-2025-118,Meridian Downhole Services Ltd,NGP-HA-197,NG-Rig 44,Harran,Extended Reach,30-May-2025,02-Jun-2025,09-Jun-2025,141629.98,21244.50,162874.48,0.00
MDS-00422,DDS-2025-118,Meridian Downhole Services Ltd,NGP-QA-214,NG-Rig 47,Qarn Alam North,Standard,30-May-2025,03-Jun-2025,10-Jun-2025,90002.51,13500.38,103502.89,0.00
MDS-00423,DDS-2025-118,Meridian Downhole Services Ltd,NGP-HA-145,NG-Rig 35,Burqan Deep,HPHT,31-May-2025,05-Jun-2025,28-Jun-2025,129407.07,19411.06,148818.13,0.00
MDS-00424,DDS-2025-118,Meridian Downhole Services Ltd,NGP-QA-004,NG-Rig 11,Qarn Alam North,Standard,31-May-2025,03-Jun-2025,08-Jun-2025,126504.88,18975.73,145480.61,0.00
MDS-00425,DDS-2025-118,Meridian Downhole Services Ltd,NGP-HA-180,NG-Rig 41,Qarn Alam North,Extended Reach,01-Jun-2025,06-Jun-2025,18-Jun-2025,471114.13,70667.12,541781.25,0.00
MDS-00426,DDS-2025-118,Meridian Downhole Services Ltd,NGP-QA-074,NG-Rig 23,Wadi Sahm,Extended Reach,01-Jun-2025,06-Jun-2025,11-Jun-2025,134778.52,20216.78,154995.30,0.00
MDS-00427,DDS-2025-118,Meridian Downhole Services Ltd,NGP-WS-021,NG-Rig 14,Qarn Alam North,Extended Reach,01-Jun-2025,06-Jun-2025,03-Jul-2025,159830.71,23974.61,183805.32,0.00
MDS-00428,DDS-2025-118,Meridian Downhole Services Ltd,NGP-WS-127,NG-Rig 32,Burqan Deep,Standard,01-Jun-2025,03-Jun-2025,24-Jun-2025,127222.74,19083.41,146306.15,0.00
MDS-00429,DDS-2025-118,Meridian Downhole Services Ltd,NGP-WS-055,NG-Rig 21,Qarn Alam North,HPHT,02-Jun-2025,05-Jun-2025,12-Jun-2025,413305.24,61995.79,475301.03,0.00
MDS-00430,DDS-2025-118,Meridian Downhole Services Ltd,NGP-HA-197,NG-Rig 44,Harran,Extended Reach,03-Jun-2025,03-Jun-2025,02-Jul-2025,51573.48,7736.02,59309.50,0.00
MDS-00431,DDS-2025-118,Meridian Downhole Services Ltd,NGP-WS-038,NG-Rig 17,Burqan Deep,Standard,03-Jun-2025,07-Jun-2025,10-Jun-2025,160423.80,24063.57,184487.37,0.00
MDS-00432,DDS-2025-118,Meridian Downhole Services Ltd,NGP-HA-091,NG-Rig 26,Wadi Sahm,Standard,04-Jun-2025,09-Jun-2025,28-Jun-2025,88300.74,13245.11,101545.85,0.00
MDS-00433,DDS-2025-118,Meridian Downhole Services Ltd,NGP-HA-162,NG-Rig 38,Harran,Extended Reach,04-Jun-2025,06-Jun-2025,24-Jun-2025,79427.19,11914.08,91341.27,0.00
MDS-00434,DDS-2025-118,Meridian Downhole Services Ltd,NGP-QA-004,NG-Rig 11,Qarn Alam North,Standard,04-Jun-2025,08-Jun-2025,20-Jun-2025,88936.22,13340.43,102276.65,0.00
MDS-00435,DDS-2025-118,Meridian Downhole Services Ltd,NGP-QA-214,NG-Rig 47,Qarn Alam North,Standard,04-Jun-2025,09-Jun-2025,03-Jul-2025,117019.31,17552.90,134572.21,0.00
MDS-00436,DDS-2025-118,Meridian Downhole Services Ltd,NGP-WS-127,NG-Rig 32,Burqan Deep,Standard,04-Jun-2025,09-Jun-2025,29-Jun-2025,204962.71,30744.41,235707.12,0.00
MDS-00437,DDS-2025-118,Meridian Downhole Services Ltd,NGP-BD-109,NG-Rig 30,Wadi Sahm,Standard,05-Jun-2025,09-Jun-2025,18-Jun-2025,184259.53,27638.93,211898.46,0.00
MDS-00438,DDS-2025-118,Meridian Downhole Services Ltd,NGP-HA-145,NG-Rig 35,Burqan Deep,HPHT,06-Jun-2025,10-Jun-2025,13-Jun-2025,77784.35,11667.65,89452.00,0.00
MDS-00439,DDS-2025-118,Meridian Downhole Services Ltd,NGP-WS-055,NG-Rig 21,Qarn Alam North,HPHT,06-Jun-2025,08-Jun-2025,27-Jun-2025,48008.56,7201.28,55209.84,0.00
MDS-00440,DDS-2025-118,Meridian Downhole Services Ltd,NGP-HA-162,NG-Rig 38,Harran,Extended Reach,07-Jun-2025,12-Jun-2025,10-Jul-2025,172127.08,25819.06,197946.14,0.00
MDS-00441,DDS-2025-118,Meridian Downhole Services Ltd,NGP-HA-180,NG-Rig 41,Qarn Alam North,Extended Reach,07-Jun-2025,09-Jun-2025,20-Jun-2025,50063.06,7509.46,57572.52,0.00
MDS-00442,DDS-2025-118,Meridian Downhole Services Ltd,NGP-QA-074,NG-Rig 23,Wadi Sahm,Extended Reach,07-Jun-2025,09-Jun-2025,21-Jun-2025,44004.09,6600.61,50604.70,0.00
MDS-00443,DDS-2025-118,Meridian Downhole Services Ltd,NGP-WS-021,NG-Rig 14,Qarn Alam North,Extended Reach,07-Jun-2025,11-Jun-2025,09-Jul-2025,140806.94,21121.04,161927.98,0.00
MDS-00444,DDS-2025-118,Meridian Downhole Services Ltd,NGP-QA-198,NG-Rig 44,Wadi Sahm,Extended Reach,08-Jun-2025,10-Jun-2025,07-Jul-2025,85797.03,12869.55,98666.58,0.00
MDS-00445,DDS-2025-118,Meridian Downhole Services Ltd,NGP-WS-038,NG-Rig 17,Burqan Deep,Standard,08-Jun-2025,10-Jun-2025,07-Jul-2025,99812.84,14971.93,114784.77,0.00
MDS-00446,DDS-2025-118,Meridian Downhole Services Ltd,NGP-QA-004,NG-Rig 11,Qarn Alam North,Standard,09-Jun-2025,13-Jun-2025,13-Jul-2025,77144.99,11571.75,88716.74,0.00
MDS-00447,DDS-2025-118,Meridian Downhole Services Ltd,NGP-WS-055,NG-Rig 21,Qarn Alam North,HPHT,09-Jun-2025,12-Jun-2025,21-Jun-2025,67339.65,10100.95,77440.60,0.00
MDS-00448,DDS-2025-118,Meridian Downhole Services Ltd,NGP-HA-091,NG-Rig 26,Wadi Sahm,Standard,10-Jun-2025,10-Jun-2025,13-Jun-2025,42938.77,6440.82,49379.59,0.00
MDS-00449,DDS-2025-118,Meridian Downhole Services Ltd,NGP-HA-180,NG-Rig 41,Qarn Alam North,Extended Reach,10-Jun-2025,13-Jun-2025,20-Jun-2025,92389.55,13858.43,106247.98,0.00
MDS-00450,DDS-2025-118,Meridian Downhole Services Ltd,NGP-QA-074,NG-Rig 23,Wadi Sahm,Extended Reach,10-Jun-2025,13-Jun-2025,21-Jun-2025,150682.33,22602.35,173284.68,0.00
MDS-00451,DDS-2025-118,Meridian Downhole Services Ltd,NGP-QA-214,NG-Rig 47,Qarn Alam North,Standard,10-Jun-2025,12-Jun-2025,09-Jul-2025,65714.22,9857.13,75571.35,0.00
MDS-00452,DDS-2025-118,Meridian Downhole Services Ltd,NGP-WS-127,NG-Rig 32,Burqan Deep,Standard,10-Jun-2025,13-Jun-2025,03-Jul-2025,83422.37,12513.36,95935.73,0.00
MDS-00453,DDS-2025-118,Meridian Downhole Services Ltd,NGP-HA-145,NG-Rig 35,Burqan Deep,HPHT,11-Jun-2025,14-Jun-2025,11-Jul-2025,67394.46,10109.17,77503.63,0.00
MDS-00454,DDS-2025-118,Meridian Downhole Services Ltd,NGP-QA-198,NG-Rig 44,Wadi Sahm,Extended Reach,11-Jun-2025,14-Jun-2025,11-Jul-2025,66010.57,9901.59,75912.16,0.00
MDS-00455,DDS-2025-118,Meridian Downhole Services Ltd,NGP-WS-038,NG-Rig 17,Burqan Deep,Standard,11-Jun-2025,13-Jun-2025,12-Jul-2025,109650.59,16447.59,126098.18,0.00
MDS-00456,DDS-2025-118,Meridian Downhole Services Ltd,NGP-WS-021,NG-Rig 14,Qarn Alam North,Extended Reach,12-Jun-2025,17-Jun-2025,17-Jul-2025,145151.88,21772.78,166924.66,0.00
MDS-00457,DDS-2025-118,Meridian Downhole Services Ltd,NGP-HA-162,NG-Rig 38,Harran,Extended Reach,13-Jun-2025,15-Jun-2025,13-Jul-2025,99786.32,14967.95,114754.27,0.00
MDS-00458,DDS-2025-118,Meridian Downhole Services Ltd,NGP-QA-092,NG-Rig 26,Wadi Sahm,Standard,13-Jun-2025,15-Jun-2025,25-Jun-2025,72174.54,10826.18,83000.72,0.00
MDS-00459,DDS-2025-118,Meridian Downhole Services Ltd,NGP-QA-214,NG-Rig 47,Qarn Alam North,Standard,13-Jun-2025,18-Jun-2025,16-Jul-2025,170120.72,25518.11,195638.83,0.00
MDS-00460,DDS-2025-118,Meridian Downhole Services Ltd,NGP-WS-055,NG-Rig 21,Qarn Alam North,HPHT,13-Jun-2025,13-Jun-2025,09-Jul-2025,43872.54,6580.88,50453.42,0.00
MDS-00461,DDS-2025-118,Meridian Downhole Services Ltd,NGP-QA-004,NG-Rig 11,Qarn Alam North,Standard,14-Jun-2025,15-Jun-2025,23-Jun-2025,57834.82,8675.22,66510.04,0.00
MDS-00462,DDS-2025-118,Meridian Downhole Services Ltd,NGP-QA-074,NG-Rig 23,Wadi Sahm,Extended Reach,14-Jun-2025,18-Jun-2025,10-Jul-2025,189218.46,28382.77,217601.23,0.00
MDS-00463,DDS-2025-118,Meridian Downhole Services Ltd,NGP-WS-038,NG-Rig 17,Burqan Deep,Standard,14-Jun-2025,16-Jun-2025,26-Jun-2025,1198512.04,179776.81,1378288.85,0.00
MDS-00464,DDS-2025-118,Meridian Downhole Services Ltd,NGP-WS-127,NG-Rig 32,Burqan Deep,Standard,14-Jun-2025,18-Jun-2025,07-Jul-2025,71125.83,10668.87,81794.70,0.00
MDS-00465,DDS-2025-118,Meridian Downhole Services Ltd,NGP-BD-056,NG-Rig 21,Burqan Deep,Extended Reach,15-Jun-2025,17-Jun-2025,24-Jun-2025,79846.53,11976.98,91823.51,0.00
MDS-00466,DDS-2025-118,Meridian Downhole Services Ltd,NGP-BD-110,NG-Rig 30,Harran,Extended Reach,15-Jun-2025,19-Jun-2025,02-Jul-2025,114994.22,17249.13,132243.35,0.00
MDS-00467,DDS-2025-118,Meridian Downhole Services Ltd,NGP-HA-145,NG-Rig 35,Burqan Deep,HPHT,15-Jun-2025,20-Jun-2025,08-Jul-2025,228361.80,34254.27,262616.07,0.00
MDS-00468,DDS-2025-118,Meridian Downhole Services Ltd,NGP-QA-198,NG-Rig 44,Wadi Sahm,Extended Reach,15-Jun-2025,18-Jun-2025,12-Jul-2025,70015.23,10502.28,80517.51,0.00
MDS-00469,DDS-2025-118,Meridian Downhole Services Ltd,NGP-QA-092,NG-Rig 26,Wadi Sahm,Standard,16-Jun-2025,21-Jun-2025,15-Jul-2025,93779.23,14066.88,107846.11,0.00
MDS-00470,DDS-2025-118,Meridian Downhole Services Ltd,NGP-WS-038,NG-Rig 17,Burqan Deep,Standard,17-Jun-2025,19-Jun-2025,02-Jul-2025,106912.61,16036.89,122949.50,0.00
MDS-00471,DDS-2025-118,Meridian Downhole Services Ltd,NGP-BD-056,NG-Rig 21,Burqan Deep,Extended Reach,18-Jun-2025,20-Jun-2025,20-Jul-2025,34185.13,5127.77,39312.90,0.00
MDS-00472,DDS-2025-118,Meridian Downhole Services Ltd,NGP-WS-021,NG-Rig 14,Qarn Alam North,Extended Reach,18-Jun-2025,21-Jun-2025,09-Jul-2025,57049.36,8557.40,65606.76,0.00
MDS-00473,DDS-2025-118,Meridian Downhole Services Ltd,NGP-WS-181,NG-Rig 41,Harran,Standard,18-Jun-2025,22-Jun-2025,07-Jul-2025,110129.12,16519.37,126648.49,0.00
MDS-00474,DDS-2025-118,Meridian Downhole Services Ltd,NGP-BD-163,NG-Rig 38,Harran,Standard,19-Jun-2025,22-Jun-2025,11-Jul-2025,92442.06,13866.31,106308.37,0.00
MDS-00475,DDS-2025-118,Meridian Downhole Services Ltd,NGP-QA-005,NG-Rig 11,Qarn Alam North,Standard,19-Jun-2025,21-Jun-2025,05-Jul-2025,77066.84,11560.03,88626.87,0.00
MDS-00476,DDS-2025-118,Meridian Downhole Services Ltd,NGP-QA-074,NG-Rig 23,Wadi Sahm,Extended Reach,19-Jun-2025,22-Jun-2025,22-Jul-2025,131866.35,19779.95,151646.30,0.00
MDS-00477,DDS-2025-118,Meridian Downhole Services Ltd,NGP-QA-198,NG-Rig 44,Wadi Sahm,Extended Reach,19-Jun-2025,22-Jun-2025,05-Jul-2025,74842.74,11226.41,86069.15,0.00
MDS-00478,DDS-2025-118,Meridian Downhole Services Ltd,NGP-QA-214,NG-Rig 47,Qarn Alam North,Standard,19-Jun-2025,23-Jun-2025,11-Jul-2025,151195.24,22679.29,173874.53,0.00
MDS-00479,DDS-2025-118,Meridian Downhole Services Ltd,NGP-WS-127,NG-Rig 32,Burqan Deep,Standard,19-Jun-2025,23-Jun-2025,07-Jul-2025,70079.79,10511.97,80591.76,0.00
MDS-00480,DDS-2025-118,Meridian Downhole Services Ltd,NGP-BD-110,NG-Rig 30,Harran,Extended Reach,20-Jun-2025,23-Jun-2025,10-Jul-2025,62261.57,9339.24,71600.81,0.00
MDS-00481,DDS-2025-118,Meridian Downhole Services Ltd,NGP-WS-038,NG-Rig 17,Burqan Deep,Standard,20-Jun-2025,25-Jun-2025,30-Jun-2025,218205.92,32730.89,250936.81,0.00
MDS-00482,DDS-2025-118,Meridian Downhole Services Ltd,NGP-BD-056,NG-Rig 21,Burqan Deep,Extended Reach,21-Jun-2025,25-Jun-2025,24-Jul-2025,75769.12,11365.37,87134.49,0.00
MDS-00483,DDS-2025-118,Meridian Downhole Services Ltd,NGP-HA-145,NG-Rig 35,Burqan Deep,HPHT,21-Jun-2025,24-Jun-2025,10-Jul-2025,122638.93,18395.84,141034.77,0.00
MDS-00484,DDS-2025-118,Meridian Downhole Services Ltd,NGP-QA-005,NG-Rig 11,Qarn Alam North,Standard,22-Jun-2025,25-Jun-2025,05-Jul-2025,67292.64,10093.90,77386.54,0.00
MDS-00485,DDS-2025-118,Meridian Downhole Services Ltd,NGP-QA-092,NG-Rig 26,Wadi Sahm,Standard,22-Jun-2025,26-Jun-2025,14-Jul-2025,88552.77,13282.92,101835.69,0.00
MDS-00486,DDS-2025-118,Meridian Downhole Services Ltd,NGP-WS-021,NG-Rig 14,Qarn Alam North,Extended Reach,22-Jun-2025,25-Jun-2025,25-Jul-2025,58291.84,8743.78,67035.62,0.00
MDS-00487,DDS-2025-118,Meridian Downhole Services Ltd,NGP-BD-163,NG-Rig 38,Harran,Standard,23-Jun-2025,28-Jun-2025,07-Jul-2025,84153.51,12623.03,96776.54,0.00
MDS-00488,DDS-2025-118,Meridian Downhole Services Ltd,NGP-QA-074,NG-Rig 23,Wadi Sahm,Extended Reach,23-Jun-2025,26-Jun-2025,30-Jun-2025,144476.11,21671.42,166147.53,0.00
MDS-00489,DDS-2025-118,Meridian Downhole Services Ltd,NGP-QA-198,NG-Rig 44,Wadi Sahm,Extended Reach,23-Jun-2025,27-Jun-2025,30-Jun-2025,107400.66,16110.10,123510.76,0.00
MDS-00490,DDS-2025-118,Meridian Downhole Services Ltd,NGP-WS-181,NG-Rig 41,Harran,Standard,23-Jun-2025,26-Jun-2025,29-Jun-2025,61699.58,9254.94,70954.52,0.00
MDS-00491,DDS-2025-118,Meridian Downhole Services Ltd,NGP-BD-110,NG-Rig 30,Harran,Extended Reach,24-Jun-2025,27-Jun-2025,06-Jul-2025,85347.47,12802.12,98149.59,0.00
MDS-00492,DDS-2025-118,Meridian Downhole Services Ltd,NGP-WS-127,NG-Rig 32,Burqan Deep,Standard,24-Jun-2025,24-Jun-2025,27-Jun-2025,42938.77,6440.82,49379.59,0.00
MDS-00493,DDS-2025-118,Meridian Downhole Services Ltd,NGP-HA-145,NG-Rig 35,Burqan Deep,HPHT,25-Jun-2025,30-Jun-2025,12-Jul-2025,243802.38,36570.36,280372.74,0.00
MDS-00494,DDS-2025-118,Meridian Downhole Services Ltd,NGP-BD-056,NG-Rig 21,Burqan Deep,Extended Reach,26-Jun-2025,29-Jun-2025,25-Jul-2025,91334.60,13700.19,105034.79,0.00
MDS-00495,DDS-2025-118,Meridian Downhole Services Ltd,NGP-QA-005,NG-Rig 11,Qarn Alam North,Standard,26-Jun-2025,29-Jun-2025,03-Jul-2025,68294.38,10244.16,78538.54,0.00
MDS-00496,DDS-2025-118,Meridian Downhole Services Ltd,NGP-QA-128,NG-Rig 32,Qarn Alam North,Standard,26-Jun-2025,30-Jun-2025,14-Jul-2025,113982.33,17097.35,131079.68,0.00
MDS-00497,DDS-2025-118,Meridian Downhole Services Ltd,NGP-WS-021,NG-Rig 14,Qarn Alam North,Extended Reach,26-Jun-2025,29-Jun-2025,04-Jul-2025,90005.26,13500.79,103506.05,0.00
MDS-00498,DDS-2025-118,Meridian Downhole Services Ltd,NGP-WS-038,NG-Rig 17,Burqan Deep,Standard,26-Jun-2025,29-Jun-2025,27-Jul-2025,60618.08,9092.71,69710.79,0.00
MDS-00499,DDS-2025-118,Meridian Downhole Services Ltd,NGP-QA-074,NG-Rig 23,Wadi Sahm,Extended Reach,27-Jun-2025,30-Jun-2025,25-Jul-2025,168969.21,25345.38,194314.59,0.00
MDS-00500,DDS-2025-118,Meridian Downhole Services Ltd,NGP-QA-092,NG-Rig 26,Wadi Sahm,Standard,27-Jun-2025,30-Jun-2025,28-Jul-2025,74725.97,11208.90,85934.87,0.00
MDS-00501,DDS-2025-118,Meridian Downhole Services Ltd,NGP-WS-181,NG-Rig 41,Harran,Standard,27-Jun-2025,02-Jul-2025,28-Jul-2025,102863.21,15429.48,118292.69,0.00
MDS-00502,DDS-2025-118,Meridian Downhole Services Ltd,NGP-BD-110,NG-Rig 30,Harran,Extended Reach,28-Jun-2025,01-Jul-2025,29-Jul-2025,133040.02,19956.00,152996.02,0.00
MDS-00503,DDS-2025-118,Meridian Downhole Services Ltd,NGP-HA-215,NG-Rig 47,Wadi Sahm,Standard,28-Jun-2025,03-Jul-2025,20-Jul-2025,127777.58,19166.64,146944.22,0.00
MDS-00504,DDS-2025-118,Meridian Downhole Services Ltd,NGP-QA-198,NG-Rig 44,Wadi Sahm,Extended Reach,28-Jun-2025,01-Jul-2025,08-Jul-2025,74716.12,11207.42,85923.54,0.00
MDS-00505,DDS-2025-118,Meridian Downhole Services Ltd,NGP-BD-163,NG-Rig 38,Harran,Standard,29-Jun-2025,01-Jul-2025,04-Jul-2025,44338.33,6650.75,50989.08,0.00
MDS-00506,DDS-2025-118,Meridian Downhole Services Ltd,NGP-BD-056,NG-Rig 21,Burqan Deep,Extended Reach,30-Jun-2025,03-Jul-2025,22-Jul-2025,114697.61,17204.64,131902.25,0.00
MDS-00507,DDS-2025-118,Meridian Downhole Services Ltd,NGP-QA-005,NG-Rig 11,Qarn Alam North,Standard,30-Jun-2025,02-Jul-2025,17-Jul-2025,81397.63,12209.64,93607.27,0.00
MDS-00508,DDS-2025-118,Meridian Downhole Services Ltd,NGP-WS-038,NG-Rig 17,Burqan Deep,Standard,30-Jun-2025,05-Jul-2025,24-Jul-2025,117234.02,17585.10,134819.12,0.00
MDS-00509,DDS-2025-118,Meridian Downhole Services Ltd,NGP-HA-145,NG-Rig 35,Burqan Deep,HPHT,01-Jul-2025,06-Jul-2025,16-Jul-2025,257502.46,38625.37,296127.83,0.00
MDS-00510,DDS-2025-118,Meridian Downhole Services Ltd,NGP-QA-074,NG-Rig 23,Wadi Sahm,Extended Reach,01-Jul-2025,05-Jul-2025,21-Jul-2025,91013.89,13652.08,104665.97,0.00
MDS-00511,DDS-2025-118,Meridian Downhole Services Ltd,NGP-QA-092,NG-Rig 26,Wadi Sahm,Standard,01-Jul-2025,06-Jul-2025,05-Aug-2025,140033.38,21005.01,161038.39,0.00
MDS-00512,DDS-2025-118,Meridian Downhole Services Ltd,NGP-QA-128,NG-Rig 32,Qarn Alam North,Standard,01-Jul-2025,06-Jul-2025,30-Jul-2025,85726.54,12858.98,98585.52,0.00
MDS-00513,DDS-2025-118,Meridian Downhole Services Ltd,NGP-BD-110,NG-Rig 30,Harran,Extended Reach,02-Jul-2025,05-Jul-2025,10-Jul-2025,149928.85,22489.33,172418.18,0.00
MDS-00514,DDS-2025-118,Meridian Downhole Services Ltd,NGP-BD-163,NG-Rig 38,Harran,Standard,02-Jul-2025,06-Jul-2025,20-Jul-2025,145483.55,21822.53,167306.08,0.00
MDS-00515,DDS-2025-118,Meridian Downhole Services Ltd,NGP-QA-198,NG-Rig 44,Wadi Sahm,Extended Reach,02-Jul-2025,06-Jul-2025,11-Jul-2025,1252988.48,187948.27,1440936.75,0.00
MDS-00516,DDS-2025-118,Meridian Downhole Services Ltd,NGP-WS-022,NG-Rig 14,Wadi Sahm,Standard,02-Jul-2025,06-Jul-2025,03-Aug-2025,112025.42,16803.81,128829.23,0.00
MDS-00517,DDS-2025-118,Meridian Downhole Services Ltd,NGP-QA-005,NG-Rig 11,Qarn Alam North,Standard,03-Jul-2025,07-Jul-2025,01-Aug-2025,123045.24,18456.79,141502.03,0.00
MDS-00518,DDS-2025-118,Meridian Downhole Services Ltd,NGP-WS-181,NG-Rig 41,Harran,Standard,03-Jul-2025,07-Jul-2025,27-Jul-2025,99984.75,14997.71,114982.46,0.00
MDS-00519,DDS-2025-118,Meridian Downhole Services Ltd,NGP-BD-056,NG-Rig 21,Burqan Deep,Extended Reach,04-Jul-2025,06-Jul-2025,12-Jul-2025,86189.23,12928.38,99117.61,0.00
MDS-00520,DDS-2025-118,Meridian Downhole Services Ltd,NGP-HA-215,NG-Rig 47,Wadi Sahm,Standard,04-Jul-2025,09-Jul-2025,22-Jul-2025,110343.30,16551.50,126894.80,0.00
MDS-00521,DDS-2025-118,Meridian Downhole Services Ltd,NGP-BD-110,NG-Rig 30,Harran,Extended Reach,06-Jul-2025,09-Jul-2025,04-Aug-2025,130323.12,19548.47,149871.59,0.00
MDS-00522,DDS-2025-118,Meridian Downhole Services Ltd,NGP-QA-074,NG-Rig 23,Wadi Sahm,Extended Reach,06-Jul-2025,09-Jul-2025,03-Aug-2025,90848.65,13627.30,104475.95,0.00
MDS-00523,DDS-2025-118,Meridian Downhole Services Ltd,NGP-BD-056,NG-Rig 21,Burqan Deep,Extended Reach,07-Jul-2025,09-Jul-2025,21-Jul-2025,106445.93,15966.89,122412.82,0.00
MDS-00524,DDS-2025-118,Meridian Downhole Services Ltd,NGP-BD-163,NG-Rig 38,Harran,Standard,07-Jul-2025,11-Jul-2025,16-Jul-2025,161395.30,24209.30,185604.60,0.00
MDS-00525,DDS-2025-118,Meridian Downhole Services Ltd,NGP-HA-145,NG-Rig 35,Burqan Deep,HPHT,07-Jul-2025,07-Jul-2025,31-Jul-2025,53163.91,7974.59,61138.50,0.00
MDS-00526,DDS-2025-118,Meridian Downhole Services Ltd,NGP-QA-092,NG-Rig 26,Wadi Sahm,Standard,07-Jul-2025,10-Jul-2025,01-Aug-2025,108144.11,16221.62,124365.73,0.00
MDS-00527,DDS-2025-118,Meridian Downhole Services Ltd,NGP-QA-128,NG-Rig 32,Qarn Alam North,Standard,07-Jul-2025,12-Jul-2025,23-Jul-2025,143835.54,21575.33,165410.87,0.00
MDS-00528,DDS-2025-118,Meridian Downhole Services Ltd,NGP-QA-198,NG-Rig 44,Wadi Sahm,Extended Reach,07-Jul-2025,09-Jul-2025,13-Jul-2025,85992.64,12898.90,98891.54,0.00
MDS-00529,DDS-2025-118,Meridian Downhole Services Ltd,NGP-WS-022,NG-Rig 14,Wadi Sahm,Standard,07-Jul-2025,11-Jul-2025,18-Jul-2025,80826.55,12123.98,92950.53,0.00
MDS-00530,DDS-2025-118,Meridian Downhole Services Ltd,NGP-BD-039,NG-Rig 17,Wadi Sahm,Extended Reach,08-Jul-2025,10-Jul-2025,14-Jul-2025,80255.41,12038.31,92293.72,0.00
MDS-00531,DDS-2025-118,Meridian Downhole Services Ltd,NGP-QA-005,NG-Rig 11,Qarn Alam North,Standard,08-Jul-2025,11-Jul-2025,22-Jul-2025,110049.41,16507.41,126556.82,0.00
MDS-00532,DDS-2025-118,Meridian Downhole Services Ltd,NGP-WS-181,NG-Rig 41,Harran,Standard,08-Jul-2025,12-Jul-2025,10-Aug-2025,128066.19,19209.93,147276.12,0.00
MDS-00533,DDS-2025-118,Meridian Downhole Services Ltd,NGP-BD-056,NG-Rig 21,Burqan Deep,Extended Reach,10-Jul-2025,13-Jul-2025,02-Aug-2025,125004.00,18750.60,143754.60,0.00
MDS-00534,DDS-2025-118,Meridian Downhole Services Ltd,NGP-BD-110,NG-Rig 30,Harran,Extended Reach,10-Jul-2025,14-Jul-2025,25-Jul-2025,206074.71,30911.21,236985.92,0.00
MDS-00535,DDS-2025-118,Meridian Downhole Services Ltd,NGP-HA-215,NG-Rig 47,Wadi Sahm,Standard,10-Jul-2025,15-Jul-2025,11-Aug-2025,206487.40,30973.11,237460.51,0.00
MDS-00536,DDS-2025-118,Meridian Downhole Services Ltd,NGP-QA-198,NG-Rig 44,Wadi Sahm,Extended Reach,10-Jul-2025,14-Jul-2025,30-Jul-2025,153696.56,23054.48,176751.04,0.00
MDS-00537,DDS-2025-118,Meridian Downhole Services Ltd,NGP-BD-039,NG-Rig 17,Wadi Sahm,Extended Reach,11-Jul-2025,14-Jul-2025,29-Aug-2025,61337.79,9200.67,70538.46,0.00
MDS-00538,DDS-2025-118,Meridian Downhole Services Ltd,NGP-QA-092,NG-Rig 26,Wadi Sahm,Standard,11-Jul-2025,14-Jul-2025,12-Aug-2025,120982.94,18147.44,139130.38,0.00
MDS-00539,DDS-2025-118,Meridian Downhole Services Ltd,NGP-BD-163,NG-Rig 38,Harran,Standard,12-Jul-2025,16-Jul-2025,08-Aug-2025,178167.39,26725.11,204892.50,0.00
MDS-00540,DDS-2025-118,Meridian Downhole Services Ltd,NGP-HA-146,NG-Rig 35,Wadi Sahm,Extended Reach,12-Jul-2025,14-Jul-2025,17-Jul-2025,71281.61,10692.24,81973.85,0.00
MDS-00541,DDS-2025-118,Meridian Downhole Services Ltd,NGP-QA-005,NG-Rig 11,Qarn Alam North,Standard,12-Jul-2025,14-Jul-2025,22-Jul-2025,64353.87,9653.08,74006.95,0.00
MDS-00542,DDS-2025-118,Meridian Downhole Services Ltd,NGP-WS-022,NG-Rig 14,Wadi Sahm,Standard,12-Jul-2025,14-Jul-2025,27-Jul-2025,128246.05,19236.91,147482.96,0.00
MDS-00543,DDS-2025-118,Meridian Downhole Services Ltd,NGP-HA-075,NG-Rig 23,Qarn Alam North,Extended Reach,13-Jul-2025,16-Jul-2025,10-Aug-2025,95507.42,14326.11,109833.53,0.00
MDS-00544,DDS-2025-118,Meridian Downhole Services Ltd,NGP-QA-128,NG-Rig 32,Qarn Alam North,Standard,13-Jul-2025,17-Jul-2025,24-Jul-2025,120014.59,18002.19,138016.78,0.00
MDS-00545,DDS-2025-118,Meridian Downhole Services Ltd,NGP-WS-181,NG-Rig 41,Harran,Standard,13-Jul-2025,15-Jul-2025,22-Jul-2025,72966.44,10944.97,83911.41,0.00
MDS-00546,DDS-2025-118,Meridian Downhole Services Ltd,NGP-BD-056,NG-Rig 21,Burqan Deep,Extended Reach,14-Jul-2025,16-Jul-2025,06-Aug-2025,103596.41,15539.46,119135.87,0.00
MDS-00547,DDS-2025-118,Meridian Downhole Services Ltd,NGP-BD-039,NG-Rig 17,Wadi Sahm,Extended Reach,15-Jul-2025,18-Jul-2025,04-Aug-2025,58844.72,8826.71,67671.43,0.00
MDS-00548,DDS-2025-118,Meridian Downhole Services Ltd,NGP-HA-146,NG-Rig 35,Wadi Sahm,Extended Reach,15-Jul-2025,19-Jul-2025,10-Aug-2025,89583.76,13437.56,103021.32,0.00
MDS-00549,DDS-2025-118,Meridian Downhole Services Ltd,NGP-QA-005,NG-Rig 11,Qarn Alam North,Standard,15-Jul-2025,20-Jul-2025,14-Aug-2025,148882.72,22332.41,171215.13,0.00
MDS-00550,DDS-2025-118,Meridian Downhole Services Ltd,NGP-QA-198,NG-Rig 44,Wadi Sahm,Extended Reach,15-Jul-2025,19-Jul-2025,18-Aug-2025,121057.03,18158.55,139215.58,0.00
MDS-00551,DDS-2025-118,Meridian Downhole Services Ltd,NGP-WS-022,NG-Rig 14,Wadi Sahm,Standard,15-Jul-2025,20-Jul-2025,19-Aug-2025,200447.86,30067.18,232901.95,0.00
MDS-00552,DDS-2025-118,Meridian Downhole Services Ltd,NGP-HA-215,NG-Rig 47,Wadi Sahm,Standard,16-Jul-2025,18-Jul-2025,16-Aug-2025,94632.25,14194.84,108827.09,0.00
MDS-00553,DDS-2025-118,Meridian Downhole Services Ltd,NGP-WS-181,NG-Rig 41,Harran,Standard,16-Jul-2025,18-Jul-2025,25-Jul-2025,80945.52,12141.83,93087.35,0.00
MDS-00554,DDS-2025-118,Meridian Downhole Services Ltd,NGP-BD-163,NG-Rig 38,Harran,Standard,17-Jul-2025,22-Jul-2025,09-Aug-2025,215495.91,32324.39,247820.30,0.00
MDS-00555,DDS-2025-118,Meridian Downhole Services Ltd,NGP-HA-075,NG-Rig 23,Qarn Alam North,Extended Reach,17-Jul-2025,21-Jul-2025,30-Jul-2025,73614.55,11042.18,84656.73,0.00
MDS-00556,DDS-2025-118,Meridian Downhole Services Ltd,NGP-QA-111,NG-Rig 30,Qarn Alam North,Standard,18-Jul-2025,23-Jul-2025,15-Aug-2025,118331.79,17749.77,136081.56,0.00
MDS-00557,DDS-2025-118,Meridian Downhole Services Ltd,NGP-QA-128,NG-Rig 32,Qarn Alam North,Standard,18-Jul-2025,20-Jul-2025,07-Aug-2025,67905.99,10185.90,78091.89,0.00
MDS-00558,DDS-2025-118,Meridian Downhole Services Ltd,NGP-WS-093,NG-Rig 26,Qarn Alam North,Extended Reach,18-Jul-2025,23-Jul-2025,06-Aug-2025,127867.95,19180.19,147048.14,0.00
MDS-00559,DDS-2025-118,Meridian Downhole Services Ltd,NGP-BD-039,NG-Rig 17,Wadi Sahm,Extended Reach,19-Jul-2025,22-Jul-2025,08-Aug-2025,108899.99,16335.00,125234.99,0.00
MDS-00560,DDS-2025-118,Meridian Downhole Services Ltd,NGP-HA-215,NG-Rig 47,Wadi Sahm,Standard,19-Jul-2025,23-Jul-2025,28-Jul-2025,207118.75,31067.81,238186.56,0.00
MDS-00561,DDS-2025-118,Meridian Downhole Services Ltd,NGP-WS-181,NG-Rig 41,Harran,Standard,19-Jul-2025,22-Jul-2025,09-Aug-2025,104810.29,15721.54,120531.83,0.00
MDS-00562,DDS-2025-118,Meridian Downhole Services Ltd,NGP-BD-057,NG-Rig 21,Burqan Deep,Standard,20-Jul-2025,24-Jul-2025,01-Aug-2025,110987.12,16648.07,127635.19,0.00
MDS-00563,DDS-2025-118,Meridian Downhole Services Ltd,NGP-HA-146,NG-Rig 35,Wadi Sahm,Extended Reach,20-Jul-2025,24-Jul-2025,02-Aug-2025,123405.69,18510.85,141916.54,0.00
MDS-00564,DDS-2025-118,Meridian Downhole Services Ltd,NGP-QA-198,NG-Rig 44,Wadi Sahm,Extended Reach,20-Jul-2025,22-Jul-2025,01-Aug-2025,46657.24,6998.59,53655.83,0.00
MDS-00565,DDS-2025-118,Meridian Downhole Services Ltd,NGP-QA-005,NG-Rig 11,Qarn Alam North,Standard,21-Jul-2025,26-Jul-2025,11-Aug-2025,128702.90,19305.44,148008.34,0.00
MDS-00566,DDS-2025-118,Meridian Downhole Services Ltd,NGP-QA-128,NG-Rig 32,Qarn Alam North,Standard,21-Jul-2025,25-Jul-2025,23-Aug-2025,124377.80,18656.67,143034.47,0.00
MDS-00567,DDS-2025-118,Meridian Downhole Services Ltd,NGP-WS-022,NG-Rig 14,Wadi Sahm,Standard,21-Jul-2025,23-Jul-2025,07-Aug-2025,122014.95,18302.24,140317.19,0.00
MDS-00568,DDS-2025-118,Meridian Downhole Services Ltd,NGP-HA-075,NG-Rig 23,Qarn Alam North,Extended Reach,22-Jul-2025,27-Jul-2025,31-Jul-2025,173619.70,26042.96,199662.66,0.00
MDS-00569,DDS-2025-118,Meridian Downhole Services Ltd,NGP-BD-039,NG-Rig 17,Wadi Sahm,Extended Reach,23-Jul-2025,25-Jul-2025,10-Aug-2025,85038.32,12755.75,97794.07,0.00
MDS-00570,DDS-2025-118,Meridian Downhole Services Ltd,NGP-BD-163,NG-Rig 38,Harran,Standard,23-Jul-2025,26-Jul-2025,02-Aug-2025,146346.62,21951.99,168298.61,0.00
MDS-00571,DDS-2025-118,Meridian Downhole Services Ltd,NGP-QA-198,NG-Rig 44,Wadi Sahm,Extended Reach,23-Jul-2025,26-Jul-2025,29-Jul-2025,88857.90,13328.68,102186.58,0.00
MDS-00572,DDS-2025-118,Meridian Downhole Services Ltd,NGP-WS-181,NG-Rig 41,Harran,Standard,23-Jul-2025,27-Jul-2025,23-Aug-2025,86872.21,13030.83,99903.04,0.00
MDS-00573,DDS-2025-118,Meridian Downhole Services Ltd,NGP-HA-215,NG-Rig 47,Wadi Sahm,Standard,24-Jul-2025,27-Jul-2025,12-Aug-2025,156004.13,23400.62,179404.75,0.00
MDS-00574,DDS-2025-118,Meridian Downhole Services Ltd,NGP-QA-111,NG-Rig 30,Qarn Alam North,Standard,24-Jul-2025,27-Jul-2025,17-Aug-2025,431729.57,64759.44,496489.01,0.00
MDS-00575,DDS-2025-118,Meridian Downhole Services Ltd,NGP-WS-022,NG-Rig 14,Wadi Sahm,Standard,24-Jul-2025,27-Jul-2025,11-Aug-2025,149271.25,22390.69,171661.94,0.00
MDS-00576,DDS-2025-118,Meridian Downhole Services Ltd,NGP-WS-093,NG-Rig 26,Qarn Alam North,Extended Reach,24-Jul-2025,29-Jul-2025,10-Aug-2025,106163.09,15924.46,122087.55,0.00
MDS-00577,DDS-2025-118,Meridian Downhole Services Ltd,NGP-BD-057,NG-Rig 21,Burqan Deep,Standard,25-Jul-2025,28-Jul-2025,31-Jul-2025,59451.35,8917.70,68369.05,0.00
MDS-00578,DDS-2025-118,Meridian Downhole Services Ltd,NGP-HA-146,NG-Rig 35,Wadi Sahm,Extended Reach,25-Jul-2025,29-Jul-2025,01-Aug-2025,167940.41,25191.06,193131.47,0.00
MDS-00579,DDS-2025-118,Meridian Downhole Services Ltd,NGP-BD-039,NG-Rig 17,Wadi Sahm,Extended Reach,26-Jul-2025,28-Jul-2025,15-Aug-2025,70748.67,10612.30,81360.97,0.00
MDS-00580,DDS-2025-118,Meridian Downhole Services Ltd,NGP-QA-128,NG-Rig 32,Qarn Alam North,Standard,26-Jul-2025,29-Jul-2025,16-Aug-2025,104018.19,15602.73,119620.92,0.00
MDS-00581,DDS-2025-118,Meridian Downhole Services Ltd,NGP-BD-163,NG-Rig 38,Harran,Standard,27-Jul-2025,29-Jul-2025,13-Aug-2025,117552.76,17632.91,135185.67,0.00
MDS-00582,DDS-2025-118,Meridian Downhole Services Ltd,NGP-QA-005,NG-Rig 11,Qarn Alam North,Standard,27-Jul-2025,01-Aug-2025,30-Aug-2025,94383.93,14157.59,108541.52,0.00
MDS-00583,DDS-2025-118,Meridian Downhole Services Ltd,NGP-HA-075,NG-Rig 23,Qarn Alam North,Extended Reach,28-Jul-2025,02-Aug-2025,25-Aug-2025,227093.16,34063.97,261157.13,0.00
MDS-00584,DDS-2025-118,Meridian Downhole Services Ltd,NGP-HA-215,NG-Rig 47,Wadi Sahm,Standard,28-Jul-2025,29-Jul-2025,05-Aug-2025,75569.49,11335.42,86904.91,0.00
MDS-00585,DDS-2025-118,Meridian Downhole Services Ltd,NGP-QA-111,NG-Rig 30,Qarn Alam North,Standard,28-Jul-2025,02-Aug-2025,30-Aug-2025,115870.74,17380.61,133251.35,0.00
MDS-00586,DDS-2025-118,Meridian Downhole Services Ltd,NGP-WS-022,NG-Rig 14,Wadi Sahm,Standard,28-Jul-2025,01-Aug-2025,16-Aug-2025,191889.26,28783.39,220672.65,0.00
MDS-00587,DDS-2025-118,Meridian Downhole Services Ltd,NGP-WS-181,NG-Rig 41,Harran,Standard,28-Jul-2025,30-Jul-2025,13-Aug-2025,45486.30,6822.94,52309.24,0.00
MDS-00588,DDS-2025-118,Meridian Downhole Services Ltd,NGP-BD-039,NG-Rig 17,Wadi Sahm,Extended Reach,29-Jul-2025,31-Jul-2025,10-Aug-2025,77004.41,11550.66,88555.07,0.00
MDS-00589,DDS-2025-118,Meridian Downhole Services Ltd,NGP-BD-057,NG-Rig 21,Burqan Deep,Standard,29-Jul-2025,31-Jul-2025,21-Aug-2025,108935.40,16340.31,125275.71,0.00
MDS-00590,DDS-2025-118,Meridian Downhole Services Ltd,NGP-HA-146,NG-Rig 35,Wadi Sahm,Extended Reach,30-Jul-2025,04-Aug-2025,21-Aug-2025,221012.84,33151.93,254164.77,0.00
MDS-00591,DDS-2025-118,Meridian Downhole Services Ltd,NGP-QA-128,NG-Rig 32,Qarn Alam North,Standard,30-Jul-2025,04-Aug-2025,27-Aug-2025,100990.73,15148.61,116139.34,0.00
MDS-00592,DDS-2025-118,Meridian Downhole Services Ltd,NGP-WS-093,NG-Rig 26,Qarn Alam North,Extended Reach,30-Jul-2025,02-Aug-2025,26-Aug-2025,85198.24,12779.74,97977.98,0.00
MDS-00593,DDS-2025-118,Meridian Downhole Services Ltd,NGP-WS-181,NG-Rig 41,Harran,Standard,31-Jul-2025,03-Aug-2025,20-Aug-2025,509073.48,76361.02,585434.50,0.00
MDS-00594,DDS-2025-118,Meridian Downhole Services Ltd,NGP-WS-199,NG-Rig 44,Burqan Deep,Standard,31-Jul-2025,05-Aug-2025,27-Aug-2025,129651.97,19447.80,149099.77,0.00
MDS-00595,DDS-2025-118,Meridian Downhole Services Ltd,NGP-BD-039,NG-Rig 17,Wadi Sahm,Extended Reach,01-Aug-2025,03-Aug-2025,19-Aug-2025,75104.76,11265.71,86370.47,0.00
MDS-00596,DDS-2025-118,Meridian Downhole Services Ltd,NGP-BD-057,NG-Rig 21,Burqan Deep,Standard,01-Aug-2025,04-Aug-2025,19-Aug-2025,167982.38,25197.36,193179.74,0.00
MDS-00597,DDS-2025-118,Meridian Downhole Services Ltd,NGP-BD-164,NG-Rig 38,Wadi Sahm,Extended Reach,01-Aug-2025,05-Aug-2025,08-Aug-2025,109576.66,16436.50,126013.16,0.00
MDS-00598,DDS-2025-118,Meridian Downhole Services Ltd,NGP-QA-005,NG-Rig 11,Qarn Alam North,Standard,02-Aug-2025,03-Aug-2025,14-Aug-2025,58122.13,8718.32,66840.45,0.00
MDS-00599,DDS-2025-118,Meridian Downhole Services Ltd,NGP-WS-022,NG-Rig 14,Wadi Sahm,Standard,02-Aug-2025,04-Aug-2025,30-Aug-2025,130231.03,19534.65,149765.68,0.00
MDS-00600,DDS-2025-118,Meridian Downhole Services Ltd,NGP-HA-075,NG-Rig 23,Qarn Alam North,Extended Reach,03-Aug-2025,08-Aug-2025,19-Aug-2025,218026.40,32703.96,250730.36,0.00
MDS-00601,DDS-2025-118,Meridian Downhole Services Ltd,NGP-QA-111,NG-Rig 30,Qarn Alam North,Standard,03-Aug-2025,07-Aug-2025,01-Sep-2025,108382.32,16257.35,124639.67,0.00
MDS-00602,DDS-2025-118,Meridian Downhole Services Ltd,NGP-WS-093,NG-Rig 26,Qarn Alam North,Extended Reach,03-Aug-2025,05-Aug-2025,03-Sep-2025,53881.56,8082.23,61963.79,0.00
MDS-00603,DDS-2025-118,Meridian Downhole Services Ltd,NGP-BD-039,NG-Rig 17,Wadi Sahm,Extended Reach,04-Aug-2025,06-Aug-2025,27-Aug-2025,69867.51,10480.13,80347.64,0.00
MDS-00604,DDS-2025-118,Meridian Downhole Services Ltd,NGP-HA-216,NG-Rig 47,Harran,Extended Reach,04-Aug-2025,08-Aug-2025,27-Aug-2025,112551.91,16882.79,129434.70,0.00
MDS-00605,DDS-2025-118,Meridian Downhole Services Ltd,NGP-BD-057,NG-Rig 21,Burqan Deep,Standard,05-Aug-2025,10-Aug-2025,07-Sep-2025,228939.94,34340.99,263280.93,0.00
MDS-00606,DDS-2025-118,Meridian Downhole Services Ltd,NGP-HA-146,NG-Rig 35,Wadi Sahm,Extended Reach,05-Aug-2025,07-Aug-2025,15-Aug-2025,114392.17,17158.83,131551.00,0.00
MDS-00607,DDS-2025-118,Meridian Downhole Services Ltd,NGP-QA-128,NG-Rig 32,Qarn Alam North,Standard,05-Aug-2025,08-Aug-2025,03-Sep-2025,88632.81,13294.92,101927.73,0.00
MDS-00608,DDS-2025-118,Meridian Downhole Services Ltd,NGP-BD-164,NG-Rig 38,Wadi Sahm,Extended Reach,06-Aug-2025,09-Aug-2025,16-Aug-2025,67508.87,10126.33,77635.20,0.00
MDS-00609,DDS-2025-118,Meridian Downhole Services Ltd,NGP-WS-093,NG-Rig 26,Qarn Alam North,Extended Reach,06-Aug-2025,08-Aug-2025,22-Aug-2025,78911.98,11836.80,90748.78,0.00
MDS-00610,DDS-2025-118,Meridian Downhole Services Ltd,NGP-WS-199,NG-Rig 44,Burqan Deep,Standard,06-Aug-2025,11-Aug-2025,05-Sep-2025,445735.33,66860.30,512595.63,0.00
MDS-00611,DDS-2025-118,Meridian Downhole Services Ltd,NGP-BD-039,NG-Rig 17,Wadi Sahm,Extended Reach,07-Aug-2025,11-Aug-2025,25-Aug-2025,107643.99,16146.60,123790.59,0.00
MDS-00612,DDS-2025-118,Meridian Downhole Services Ltd,NGP-HA-146,NG-Rig 35,Wadi Sahm,Extended Reach,08-Aug-2025,11-Aug-2025,27-Aug-2025,470837.94,70625.69,541463.63,0.00
MDS-00613,DDS-2025-118,Meridian Downhole Services Ltd,NGP-QA-111,NG-Rig 30,Qarn Alam North,Standard,08-Aug-2025,13-Aug-2025,18-Aug-2025,146051.74,21907.76,167959.50,0.00
MDS-00614,DDS-2025-118,Meridian Downhole Services Ltd,NGP-WS-182,NG-Rig 41,Qarn Alam North,Standard,08-Aug-2025,13-Aug-2025,23-Aug-2025,121540.84,18231.13,139771.97,0.00
MDS-00615,DDS-2025-118,Meridian Downhole Services Ltd,NGP-HA-006,NG-Rig 11,Wadi Sahm,Standard,09-Aug-2025,12-Aug-2025,21-Aug-2025,101108.00,15166.20,116274.20,0.00
MDS-00616,DDS-2025-118,Meridian Downhole Services Ltd,NGP-HA-075,NG-Rig 23,Qarn Alam North,Extended Reach,09-Aug-2025,11-Aug-2025,20-Aug-2025,105649.35,15847.40,121496.75,0.00
MDS-00617,DDS-2025-118,Meridian Downhole Services Ltd,NGP-HA-216,NG-Rig 47,Harran,Extended Reach,09-Aug-2025,12-Aug-2025,09-Sep-2025,68652.17,10297.83,78950.00,0.00
MDS-00618,DDS-2025-118,Meridian Downhole Services Ltd,NGP-QA-023,NG-Rig 14,Harran,HPHT,09-Aug-2025,12-Aug-2025,20-Aug-2025,96891.72,14533.76,111425.48,0.00
MDS-00619,DDS-2025-118,Meridian Downhole Services Ltd,NGP-WS-093,NG-Rig 26,Qarn Alam North,Extended Reach,09-Aug-2025,12-Aug-2025,16-Aug-2025,109332.88,16399.93,125732.81,0.00
MDS-00620,DDS-2025-118,Meridian Downhole Services Ltd,NGP-BD-164,NG-Rig 38,Wadi Sahm,Extended Reach,10-Aug-2025,15-Aug-2025,23-Aug-2025,119736.35,17960.45,137696.80,0.00
MDS-00621,DDS-2025-118,Meridian Downhole Services Ltd,NGP-BD-057,NG-Rig 21,Burqan Deep,Standard,11-Aug-2025,14-Aug-2025,27-Aug-2025,131875.89,19781.38,151657.27,0.00
MDS-00622,DDS-2025-118,Meridian Downhole Services Ltd,NGP-BD-039,NG-Rig 17,Wadi Sahm,Extended Reach,12-Aug-2025,15-Aug-2025,29-Aug-2025,57799.95,8669.99,66469.94,0.00
MDS-00623,DDS-2025-118,Meridian Downhole Services Ltd,NGP-HA-075,NG-Rig 23,Qarn Alam North,Extended Reach,12-Aug-2025,13-Aug-2025,22-Aug-2025,98839.48,14825.92,113665.40,0.00
MDS-00624,DDS-2025-118,Meridian Downhole Services Ltd,NGP-HA-146,NG-Rig 35,Wadi Sahm,Extended Reach,12-Aug-2025,14-Aug-2025,06-Sep-2025,116683.03,17502.45,134185.48,0.00
MDS-00625,DDS-2025-118,Meridian Downhole Services Ltd,NGP-QA-129,NG-Rig 32,Wadi Sahm,Standard,12-Aug-2025,17-Aug-2025,28-Aug-2025,121805.39,18270.81,140076.20,0.00
MDS-00626,DDS-2025-118,Meridian Downhole Services Ltd,NGP-WS-199,NG-Rig 44,Burqan Deep,Standard,12-Aug-2025,16-Aug-2025,10-Sep-2025,136240.04,20436.01,156676.05,0.00
MDS-00627,DDS-2025-118,Meridian Downhole Services Ltd,NGP-HA-006,NG-Rig 11,Wadi Sahm,Standard,13-Aug-2025,18-Aug-2025,23-Aug-2025,101300.47,15195.07,116495.54,0.00
MDS-00628,DDS-2025-118,Meridian Downhole Services Ltd,NGP-HA-216,NG-Rig 47,Harran,Extended Reach,13-Aug-2025,15-Aug-2025,29-Aug-2025,91768.18,13765.23,105533.41,0.00
MDS-00629,DDS-2025-118,Meridian Downhole Services Ltd,NGP-QA-023,NG-Rig 14,Harran,HPHT,13-Aug-2025,17-Aug-2025,05-Sep-2025,70630.37,10594.56,81224.93,0.00
MDS-00630,DDS-2025-118,Meridian Downhole Services Ltd,NGP-WS-093,NG-Rig 26,Qarn Alam North,Extended Reach,13-Aug-2025,17-Aug-2025,01-Sep-2025,167301.61,25095.24,192396.85,0.00
MDS-00631,DDS-2025-118,Meridian Downhole Services Ltd,NGP-QA-111,NG-Rig 30,Qarn Alam North,Standard,14-Aug-2025,17-Aug-2025,09-Sep-2025,106830.75,16024.61,122855.36,0.00
MDS-00632,DDS-2025-118,Meridian Downhole Services Ltd,NGP-WS-182,NG-Rig 41,Qarn Alam North,Standard,14-Aug-2025,18-Aug-2025,10-Sep-2025,104582.75,15687.41,120270.16,0.00
MDS-00633,DDS-2025-118,Meridian Downhole Services Ltd,NGP-BD-057,NG-Rig 21,Burqan Deep,Standard,15-Aug-2025,19-Aug-2025,17-Sep-2025,195020.53,29253.08,224273.61,0.00
MDS-00634,DDS-2025-118,Meridian Downhole Services Ltd,NGP-HA-146,NG-Rig 35,Wadi Sahm,Extended Reach,15-Aug-2025,19-Aug-2025,29-Aug-2025,174060.19,26109.03,200169.22,0.00
MDS-00635,DDS-2025-118,Meridian Downhole Services Ltd,NGP-BD-039,NG-Rig 17,Wadi Sahm,Extended Reach,16-Aug-2025,19-Aug-2025,02-Sep-2025,89583.59,13437.54,103021.13,0.00
MDS-00636,DDS-2025-118,Meridian Downhole Services Ltd,NGP-BD-164,NG-Rig 38,Wadi Sahm,Extended Reach,16-Aug-2025,20-Aug-2025,15-Sep-2025,110451.96,16567.79,127019.75,0.00
MDS-00637,DDS-2025-118,Meridian Downhole Services Ltd,NGP-HA-216,NG-Rig 47,Harran,Extended Reach,16-Aug-2025,21-Aug-2025,04-Sep-2025,217382.25,32607.34,249989.59,0.00
MDS-00638,DDS-2025-118,Meridian Downhole Services Ltd,NGP-WS-199,NG-Rig 44,Burqan Deep,Standard,17-Aug-2025,20-Aug-2025,04-Sep-2025,181837.88,27275.68,209113.56,0.00
MDS-00639,DDS-2025-118,Meridian Downhole Services Ltd,NGP-QA-023,NG-Rig 14,Harran,HPHT,18-Aug-2025,23-Aug-2025,01-Sep-2025,586841.60,88026.24,674867.84,0.00
MDS-00640,DDS-2025-118,Meridian Downhole Services Ltd,NGP-QA-129,NG-Rig 32,Wadi Sahm,Standard,18-Aug-2025,20-Aug-2025,03-Sep-2025,50185.86,7527.88,57713.74,0.00
MDS-00641,DDS-2025-118,Meridian Downhole Services Ltd,NGP-HA-006,NG-Rig 11,Wadi Sahm,Standard,19-Aug-2025,22-Aug-2025,15-Sep-2025,99674.51,14951.18,114625.69,0.00
MDS-00642,DDS-2025-118,Meridian Downhole Services Ltd,NGP-HA-076,NG-Rig 23,Qarn Alam North,Standard,19-Aug-2025,24-Aug-2025,20-Sep-2025,126168.59,18925.29,145093.88,0.00
MDS-00643,DDS-2025-118,Meridian Downhole Services Ltd,NGP-WS-094,NG-Rig 26,Harran,Extended Reach,19-Aug-2025,24-Aug-2025,10-Sep-2025,128028.38,19204.26,147232.64,0.00
MDS-00644,DDS-2025-118,Meridian Downhole Services Ltd,NGP-WS-182,NG-Rig 41,Qarn Alam North,Standard,19-Aug-2025,24-Aug-2025,09-Sep-2025,196356.57,29453.49,225810.06,0.00
MDS-00645,DDS-2025-118,Meridian Downhole Services Ltd,NGP-BD-057,NG-Rig 21,Burqan Deep,Standard,20-Aug-2025,23-Aug-2025,21-Aug-2025,95642.73,14346.41,109989.14,0.00
MDS-00646,DDS-2025-118,Meridian Downhole Services Ltd,NGP-BD-164,NG-Rig 38,Wadi Sahm,Extended Reach,21-Aug-2025,23-Aug-2025,15-Sep-2025,53349.55,8002.43,61351.98,0.00
MDS-00647,DDS-2025-118,Meridian Downhole Services Ltd,NGP-HA-112,NG-Rig 30,Harran,HPHT,21-Aug-2025,25-Aug-2025,17-Sep-2025,111790.51,16768.58,128559.09,0.00
MDS-00648,DDS-2025-118,Meridian Downhole Services Ltd,NGP-QA-129,NG-Rig 32,Wadi Sahm,Standard,21-Aug-2025,26-Aug-2025,03-Sep-2025,114553.17,17182.98,131736.15,0.00
MDS-00649,DDS-2025-118,Meridian Downhole Services Ltd,NGP-WS-199,NG-Rig 44,Burqan Deep,Standard,21-Aug-2025,26-Aug-2025,16-Sep-2025,223037.29,33455.59,256492.88,0.00
MDS-00650,DDS-2025-118,Meridian Downhole Services Ltd,NGP-HA-216,NG-Rig 47,Harran,Extended Reach,22-Aug-2025,25-Aug-2025,11-Sep-2025,145833.14,21874.97,167708.11,0.00
MDS-00651,DDS-2025-118,Meridian Downhole Services Ltd,NGP-HA-006,NG-Rig 11,Wadi Sahm,Standard,23-Aug-2025,26-Aug-2025,04-Sep-2025,115921.03,17388.15,133309.18,0.00
MDS-00652,DDS-2025-118,Meridian Downhole Services Ltd,NGP-BD-057,NG-Rig 21,Burqan Deep,Standard,24-Aug-2025,28-Aug-2025,15-Sep-2025,75261.00,11289.15,86550.15,0.00
MDS-00653,DDS-2025-118,Meridian Downhole Services Ltd,NGP-BD-164,NG-Rig 38,Wadi Sahm,Extended Reach,24-Aug-2025,29-Aug-2025,16-Sep-2025,169069.66,25360.45,194430.11,0.00
MDS-00654,DDS-2025-118,Meridian Downhole Services Ltd,NGP-QA-023,NG-Rig 14,Harran,HPHT,24-Aug-2025,28-Aug-2025,05-Sep-2025,201777.91,30266.69,232044.60,0.00
MDS-00655,DDS-2025-118,Meridian Downhole Services Ltd,NGP-BD-040,NG-Rig 17,Wadi Sahm,Standard,25-Aug-2025,30-Aug-2025,20-Sep-2025,125394.84,18809.23,144204.07,0.00
MDS-00656,DDS-2025-118,Meridian Downhole Services Ltd,NGP-HA-076,NG-Rig 23,Qarn Alam North,Standard,25-Aug-2025,30-Aug-2025,26-Sep-2025,106457.32,15968.60,122425.92,0.00
MDS-00657,DDS-2025-118,Meridian Downhole Services Ltd,NGP-WS-094,NG-Rig 26,Harran,Extended Reach,25-Aug-2025,29-Aug-2025,27-Sep-2025,85800.10,12870.02,98670.12,0.00
MDS-00658,DDS-2025-118,Meridian Downhole Services Ltd,NGP-WS-147,NG-Rig 35,Qarn Alam North,HPHT,25-Aug-2025,28-Aug-2025,22-Sep-2025,101519.47,15227.92,116747.39,0.00
MDS-00659,DDS-2025-118,Meridian Downhole Services Ltd,NGP-WS-182,NG-Rig 41,Qarn Alam North,Standard,25-Aug-2025,28-Aug-2025,02-Sep-2025,136171.66,20425.75,156597.41,0.00
MDS-00660,DDS-2025-118,Meridian Downhole Services Ltd,NGP-HA-112,NG-Rig 30,Harran,HPHT,26-Aug-2025,29-Aug-2025,21-Sep-2025,67991.81,10198.77,78190.58,0.00
MDS-00661,DDS-2025-118,Meridian Downhole Services Ltd,NGP-HA-216,NG-Rig 47,Harran,Extended Reach,26-Aug-2025,31-Aug-2025,15-Sep-2025,224345.25,33651.79,257997.04,0.00
MDS-00662,DDS-2025-118,Meridian Downhole Services Ltd,NGP-HA-006,NG-Rig 11,Wadi Sahm,Standard,27-Aug-2025,31-Aug-2025,24-Sep-2025,113304.26,16995.64,130299.90,0.00
MDS-00663,DDS-2025-118,Meridian Downhole Services Ltd,NGP-QA-129,NG-Rig 32,Wadi Sahm,Standard,27-Aug-2025,01-Sep-2025,04-Sep-2025,121901.19,18285.18,140186.37,0.00
MDS-00664,DDS-2025-118,Meridian Downhole Services Ltd,NGP-WS-199,NG-Rig 44,Burqan Deep,Standard,27-Aug-2025,30-Aug-2025,25-Sep-2025,169116.21,25367.43,194483.64,0.00
MDS-00665,DDS-2025-118,Meridian Downhole Services Ltd,NGP-BD-057,NG-Rig 21,Burqan Deep,Standard,29-Aug-2025,30-Aug-2025,17-Sep-2025,58227.50,8734.12,66961.62,0.00
MDS-00666,DDS-2025-118,Meridian Downhole Services Ltd,NGP-QA-023,NG-Rig 14,Harran,HPHT,29-Aug-2025,03-Sep-2025,01-Oct-2025,234462.89,35169.43,269632.32,0.00
MDS-00667,DDS-2025-118,Meridian Downhole Services Ltd,NGP-WS-147,NG-Rig 35,Qarn Alam North,HPHT,29-Aug-2025,01-Sep-2025,29-Sep-2025,69123.98,10368.60,79492.58,0.00
MDS-00668,DDS-2025-118,Meridian Downhole Services Ltd,NGP-WS-182,NG-Rig 41,Qarn Alam North,Standard,29-Aug-2025,02-Sep-2025,21-Sep-2025,183228.69,27484.30,210712.99,0.00
MDS-00669,DDS-2025-118,Meridian Downhole Services Ltd,NGP-BD-164,NG-Rig 38,Wadi Sahm,Extended Reach,30-Aug-2025,02-Sep-2025,02-Oct-2025,97688.46,14653.27,112341.73,0.00
MDS-00670,DDS-2025-118,Meridian Downhole Services Ltd,NGP-HA-112,NG-Rig 30,Harran,HPHT,30-Aug-2025,02-Sep-2025,22-Sep-2025,92038.51,13805.78,105844.29,0.00
MDS-00671,DDS-2025-118,Meridian Downhole Services Ltd,NGP-WS-094,NG-Rig 26,Harran,Extended Reach,30-Aug-2025,04-Sep-2025,07-Sep-2025,202840.12,30426.02,233266.14,0.00
MDS-00672,DSS-2025-118,Meridian Downhole Services Ltd,NGP-BD-040,NG-Rig 17,Wadi Sahm,Standard,31-Aug-2025,02-Sep-2025,15-Sep-2025,41732.84,6259.93,47992.77,0.00
MDS-00673,DDS-2025-118,Meridian Downhole Services Ltd,NGP-HA-076,NG-Rig 23,Qarn Alam North,Standard,31-Aug-2025,02-Sep-2025,07-Sep-2025,97941.25,14691.19,112632.44,0.00
MDS-00674,DDS-2025-118,Meridian Downhole Services Ltd,NGP-WS-199,NG-Rig 44,Burqan Deep,Standard,31-Aug-2025,31-Aug-2025,10-Sep-2025,49258.77,7388.82,56647.59,0.00
MDS-00675,DDS-2025-118,Meridian Downhole Services Ltd,NGP-HA-006,NG-Rig 11,Wadi Sahm,Standard,01-Sep-2025,03-Sep-2025,10-Sep-2025,72097.94,10814.69,82912.63,0.00
MDS-00676,DDS-2025-118,Meridian Downhole Services Ltd,NGP-HA-216,NG-Rig 47,Harran,Extended Reach,01-Sep-2025,03-Sep-2025,21-Sep-2025,133785.99,20067.90,153853.89,0.00
MDS-00677,DDS-2025-118,Meridian Downhole Services Ltd,NGP-QA-129,NG-Rig 32,Wadi Sahm,Standard,02-Sep-2025,05-Sep-2025,05-Oct-2025,103999.75,15599.96,119599.71,0.00
MDS-00678,DDS-2025-118,Meridian Downhole Services Ltd,NGP-WS-147,NG-Rig 35,Qarn Alam North,HPHT,02-Sep-2025,07-Sep-2025,19-Sep-2025,138657.32,20798.60,159455.92,0.00
MDS-00679,DDS-2025-118,Meridian Downhole Services Ltd,NGP-BD-040,NG-Rig 17,Wadi Sahm,Standard,03-Sep-2025,07-Sep-2025,01-Oct-2025,118330.94,17749.64,136080.58,0.00
MDS-00680,DDS-2025-118,Meridian Downhole Services Ltd,NGP-BD-164,NG-Rig 38,Wadi Sahm,Extended Reach,03-Sep-2025,04-Sep-2025,21-Sep-2025,74298.42,11144.76,85443.18,0.00
MDS-00681,DDS-2025-118,Meridian Downhole Services Ltd,NGP-HA-076,NG-Rig 23,Qarn Alam North,Standard,03-Sep-2025,08-Sep-2025,12-Sep-2025,186180.19,27927.03,214107.22,0.00
MDS-00682,DDS-2025-118,Meridian Downhole Services Ltd,NGP-HA-112,NG-Rig 30,Harran,HPHT,03-Sep-2025,07-Sep-2025,30-Sep-2025,179916.42,26987.46,206903.88,0.00
MDS-00683,DDS-2025-118,Meridian Downhole Services Ltd,NGP-QA-058,NG-Rig 21,Qarn Alam North,Standard,03-Sep-2025,06-Sep-2025,29-Sep-2025,96420.89,14463.13,110884.02,0.00
MDS-00684,DDS-2025-118,Meridian Downhole Services Ltd,NGP-WS-182,NG-Rig 41,Qarn Alam North,Standard,03-Sep-2025,08-Sep-2025,14-Sep-2025,229976.22,34496.43,264472.65,0.00
MDS-00685,DDS-2025-118,Meridian Downhole Services Ltd,NGP-HA-006,NG-Rig 11,Wadi Sahm,Standard,04-Sep-2025,08-Sep-2025,18-Sep-2025,101917.94,15287.69,117205.63,0.00
MDS-00686,DDS-2025-118,Meridian Downhole Services Ltd,NGP-HA-216,NG-Rig 47,Harran,Extended Reach,04-Sep-2025,06-Sep-2025,23-Sep-2025,119928.06,17989.21,137917.27,0.00
MDS-00687,DDS-2025-118,Meridian Downhole Services Ltd,NGP-QA-023,NG-Rig 14,Harran,HPHT,04-Sep-2025,08-Sep-2025,02-Oct-2025,202589.94,30388.49,232978.43,0.00
MDS-00688,DDS-2025-118,Meridian Downhole Services Ltd,NGP-QA-200,NG-Rig 44,Qarn Alam North,Standard,05-Sep-2025,08-Sep-2025,17-Sep-2025,88453.13,13267.97,101721.10,0.00
MDS-00689,DDS-2025-118,Meridian Downhole Services Ltd,NGP-WS-094,NG-Rig 26,Harran,Extended Reach,05-Sep-2025,08-Sep-2025,11-Sep-2025,149303.60,22395.54,171699.14,0.00
MDS-00690,DDS-2025-118,Meridian Downhole Services Ltd,NGP-QA-129,NG-Rig 32,Wadi Sahm,Standard,06-Sep-2025,11-Sep-2025,20-Sep-2025,172264.40,25839.66,198104.06,0.00
MDS-00691,DDS-2025-118,Meridian Downhole Services Ltd,NGP-QA-058,NG-Rig 21,Qarn Alam North,Standard,07-Sep-2025,09-Sep-2025,21-Sep-2025,50165.01,7524.75,57689.76,0.00
MDS-00692,DDS-2025-118,Meridian Downhole Services Ltd,NGP-BD-040,NG-Rig 17,Wadi Sahm,Standard,08-Sep-2025,10-Sep-2025,02-Oct-2025,102433.92,15365.09,117799.01,0.00
MDS-00693,DDS-2025-118,Meridian Downhole Services Ltd,NGP-BD-165,NG-Rig 38,Burqan Deep,Standard,08-Sep-2025,11-Sep-2025,20-Sep-2025,95362.69,14304.40,109667.09,0.00
MDS-00694,DDS-2025-118,Meridian Downhole Services Ltd,NGP-HA-112,NG-Rig 30,Harran,HPHT,08-Sep-2025,11-Sep-2025,19-Sep-2025,166585.09,24987.76,191572.85,0.00
MDS-00695,DDS-2025-118,Meridian Downhole Services Ltd,NGP-WS-147,NG-Rig 35,Qarn Alam North,HPHT,08-Sep-2025,12-Sep-2025,11-Oct-2025,159647.46,23947.12,183594.58,0.00
MDS-00696,DDS-2025-118,Meridian Downhole Services Ltd,NGP-HA-006,NG-Rig 11,Wadi Sahm,Standard,09-Sep-2025,14-Sep-2025,06-Oct-2025,117704.70,17655.70,135360.40,0.00
MDS-00697,DDS-2025-118,Meridian Downhole Services Ltd,NGP-HA-076,NG-Rig 23,Qarn Alam North,Standard,09-Sep-2025,11-Sep-2025,24-Sep-2025,108554.66,16283.20,124837.86,0.00
MDS-00698,DDS-2025-118,Meridian Downhole Services Ltd,NGP-QA-023,NG-Rig 14,Harran,HPHT,09-Sep-2025,11-Sep-2025,09-Oct-2025,96773.39,14516.01,111289.40,0.00
MDS-00699,DDS-2025-118,Meridian Downhole Services Ltd,NGP-QA-200,NG-Rig 44,Qarn Alam North,Standard,09-Sep-2025,11-Sep-2025,17-Sep-2025,45479.17,6821.88,52301.05,0.00
MDS-00700,DDS-2025-118,Meridian Downhole Services Ltd,NGP-WS-094,NG-Rig 26,Harran,Extended Reach,09-Sep-2025,14-Sep-2025,28-Sep-2025,244637.33,36695.60,281332.93,0.00
MDS-00701,DDS-2025-118,Meridian Downhole Services Ltd,NGP-WS-182,NG-Rig 41,Qarn Alam North,Standard,09-Sep-2025,13-Sep-2025,21-Sep-2025,182536.32,27380.45,209916.77,0.00
MDS-00702,DDS-2025-118,Meridian Downhole Services Ltd,NGP-QA-058,NG-Rig 21,Qarn Alam North,Standard,10-Sep-2025,13-Sep-2025,09-Oct-2025,88950.20,13342.53,102292.73,0.00
MDS-00703,DDS-2025-118,Meridian Downhole Services Ltd,NGP-BD-040,NG-Rig 17,Wadi Sahm,Standard,11-Sep-2025,14-Sep-2025,24-Sep-2025,470721.64,70608.25,541329.89,0.00
MDS-00704,DDS-2025-118,Meridian Downhole Services Ltd,NGP-BD-217,NG-Rig 47,Burqan Deep,Standard,11-Sep-2025,14-Sep-2025,02-Oct-2025,93209.26,13981.39,107190.65,0.00
MDS-00705,DDS-2025-118,Meridian Downhole Services Ltd,NGP-BD-165,NG-Rig 38,Burqan Deep,Standard,12-Sep-2025,14-Sep-2025,17-Sep-2025,47718.86,7157.83,54876.69,0.00
MDS-00706,DDS-2025-118,Meridian Downhole Services Ltd,NGP-HA-076,NG-Rig 23,Qarn Alam North,Standard,12-Sep-2025,15-Sep-2025,05-Oct-2025,178053.67,26708.05,204761.72,0.00
MDS-00707,DDS-2025-118,Meridian Downhole Services Ltd,NGP-HA-112,NG-Rig 30,Harran,HPHT,12-Sep-2025,15-Sep-2025,27-Sep-2025,167864.38,25179.66,193044.04,0.00
MDS-00708,DDS-2025-118,Meridian Downhole Services Ltd,NGP-QA-023,NG-Rig 14,Harran,HPHT,12-Sep-2025,17-Sep-2025,26-Sep-2025,283845.04,42576.76,326421.80,0.00
MDS-00709,DDS-2025-118,Meridian Downhole Services Ltd,NGP-QA-129,NG-Rig 32,Wadi Sahm,Standard,12-Sep-2025,17-Sep-2025,24-Sep-2025,109287.02,16393.05,125680.07,0.00
MDS-00710,DDS-2025-118,Meridian Downhole Services Ltd,NGP-QA-200,NG-Rig 44,Qarn Alam North,Standard,12-Sep-2025,14-Sep-2025,27-Sep-2025,46416.01,6962.40,53378.41,0.00
MDS-00711,DDS-2025-118,Meridian Downhole Services Ltd,NGP-WS-147,NG-Rig 35,Qarn Alam North,HPHT,13-Sep-2025,15-Sep-2025,26-Sep-2025,91439.51,13715.93,105155.44,0.00
MDS-00712,DDS-2025-118,Meridian Downhole Services Ltd,NGP-QA-058,NG-Rig 21,Qarn Alam North,Standard,14-Sep-2025,19-Sep-2025,08-Oct-2025,205800.89,30870.13,236671.02,0.00
MDS-00713,DDS-2025-118,Meridian Downhole Services Ltd,NGP-WS-182,NG-Rig 41,Qarn Alam North,Standard,14-Sep-2025,14-Sep-2025,27-Sep-2025,48940.42,7341.06,56281.48,0.00
MDS-00714,DDS-2025-118,Meridian Downhole Services Ltd,NGP-BD-040,NG-Rig 17,Wadi Sahm,Standard,15-Sep-2025,18-Sep-2025,29-Sep-2025,99753.06,14962.96,114716.02,0.00
MDS-00715,DDS-2025-118,Meridian Downhole Services Ltd,NGP-BD-165,NG-Rig 38,Burqan Deep,Standard,15-Sep-2025,17-Sep-2025,05-Oct-2025,42826.56,6423.98,49250.54,0.00
MDS-00716,DDS-2025-118,Meridian Downhole Services Ltd,NGP-BD-217,NG-Rig 47,Burqan Deep,Standard,15-Sep-2025,20-Sep-2025,28-Sep-2025,99057.27,14858.59,113915.86,0.00
MDS-00717,DDS-2025-118,Meridian Downhole Services Ltd,NGP-HA-006,NG-Rig 11,Wadi Sahm,Standard,15-Sep-2025,16-Sep-2025,26-Sep-2025,58079.40,8711.91,66791.31,0.00
MDS-00718,DDS-2025-118,Meridian Downhole Services Ltd,NGP-QA-200,NG-Rig 44,Qarn Alam North,Standard,15-Sep-2025,19-Sep-2025,25-Sep-2025,96055.77,14408.37,110464.14,0.00
MDS-00719,DDS-2025-118,Meridian Downhole Services Ltd,NGP-WS-094,NG-Rig 26,Harran,Extended Reach,15-Sep-2025,19-Sep-2025,16-Oct-2025,215216.59,32282.49,247499.08,0.00
MDS-00720,DDS-2025-118,Meridian Downhole Services Ltd,NGP-HA-076,NG-Rig 23,Qarn Alam North,Standard,16-Sep-2025,18-Sep-2025,26-Sep-2025,58048.28,8707.24,66755.52,0.00
MDS-00721,DDS-2025-118,Meridian Downhole Services Ltd,NGP-HA-112,NG-Rig 30,Harran,HPHT,16-Sep-2025,21-Sep-2025,25-Sep-2025,249474.86,37421.23,286896.09,0.00
MDS-00722,DDS-2025-118,Meridian Downhole Services Ltd,NGP-WS-147,NG-Rig 35,Qarn Alam North,HPHT,16-Sep-2025,18-Sep-2025,24-Sep-2025,116739.15,17510.87,134250.02,0.00
MDS-00723,DDS-2025-118,Meridian Downhole Services Ltd,NGP-BD-165,NG-Rig 38,Burqan Deep,Standard,18-Sep-2025,21-Sep-2025,24-Sep-2025,109867.97,16480.20,126348.17,0.00
MDS-00724,DDS-2025-118,Meridian Downhole Services Ltd,NGP-QA-023,NG-Rig 14,Harran,HPHT,18-Sep-2025,21-Sep-2025,19-Oct-2025,88918.07,13337.71,102255.78,0.00
MDS-00725,DDS-2025-118,Meridian Downhole Services Ltd,NGP-QA-129,NG-Rig 32,Wadi Sahm,Standard,18-Sep-2025,22-Sep-2025,15-Oct-2025,103295.12,15494.27,118789.39,0.00
MDS-00726,DDS-2025-118,Meridian Downhole Services Ltd,NGP-WS-007,NG-Rig 11,Qarn Alam North,Standard,18-Sep-2025,20-Sep-2025,19-Oct-2025,78376.47,11756.47,90132.94,0.00
MDS-00727,DDS-2025-118,Meridian Downhole Services Ltd,NGP-WS-183,NG-Rig 41,Harran,Extended Reach,18-Sep-2025,21-Sep-2025,11-Oct-2025,95808.70,14371.30,110180.00,0.00
MDS-00728,DDS-2025-118,Meridian Downhole Services Ltd,NGP-BD-040,NG-Rig 17,Wadi Sahm,Standard,19-Sep-2025,22-Sep-2025,30-Sep-2025,142964.64,21444.70,164409.34,0.00
MDS-00729,DDS-2025-118,Meridian Downhole Services Ltd,NGP-HA-076,NG-Rig 23,Qarn Alam North,Standard,19-Sep-2025,23-Sep-2025,13-Oct-2025,71275.33,10691.30,81966.63,0.00
MDS-00730,DDS-2025-118,Meridian Downhole Services Ltd,NGP-WS-147,NG-Rig 35,Qarn Alam North,HPHT,19-Sep-2025,22-Sep-2025,14-Oct-2025,123915.45,18587.32,142502.77,0.00
MDS-00731,DDS-2025-118,Meridian Downhole Services Ltd,NGP-QA-058,NG-Rig 21,Qarn Alam North,Standard,20-Sep-2025,25-Sep-2025,28-Sep-2025,209869.75,31480.46,241350.21,0.00
MDS-00732,DDS-2025-118,Meridian Downhole Services Ltd,NGP-QA-200,NG-Rig 44,Qarn Alam North,Standard,20-Sep-2025,23-Sep-2025,12-Oct-2025,76202.55,11430.38,87632.93,0.00
MDS-00733,DDS-2025-118,Meridian Downhole Services Ltd,NGP-WS-094,NG-Rig 26,Harran,Extended Reach,20-Sep-2025,22-Sep-2025,10-Oct-2025,74727.50,11209.12,85936.62,0.00
MDS-00734,DDS-2025-118,Meridian Downhole Services Ltd,NGP-BD-217,NG-Rig 47,Burqan Deep,Standard,21-Sep-2025,24-Sep-2025,08-Oct-2025,157099.26,23564.89,180664.15,0.00
MDS-00735,DDS-2025-118,Meridian Downhole Services Ltd,NGP-WS-007,NG-Rig 11,Qarn Alam North,Standard,21-Sep-2025,23-Sep-2025,03-Oct-2025,52611.16,7891.67,60502.83,0.00
MDS-00736,DDS-2025-118,Meridian Downhole Services Ltd,NGP-BD-165,NG-Rig 38,Burqan Deep,Standard,22-Sep-2025,27-Sep-2025,20-Oct-2025,193875.60,29081.34,222956.94,0.00
MDS-00737,DDS-2025-118,Meridian Downhole Services Ltd,NGP-HA-112,NG-Rig 30,Harran,HPHT,22-Sep-2025,27-Sep-2025,17-Oct-2025,140623.18,21093.48,161716.66,0.00
MDS-00738,DDS-2025-118,Meridian Downhole Services Ltd,NGP-QA-023,NG-Rig 14,Harran,HPHT,22-Sep-2025,26-Sep-2025,23-Oct-2025,79411.76,11911.76,91323.52,0.00
MDS-00739,DDS-2025-118,Meridian Downhole Services Ltd,NGP-WS-183,NG-Rig 41,Harran,Extended Reach,22-Sep-2025,24-Sep-2025,28-Sep-2025,46688.89,7003.33,53692.22,0.00
MDS-00740,DDS-2025-118,Meridian Downhole Services Ltd,NGP-BD-040,NG-Rig 17,Wadi Sahm,Standard,23-Sep-2025,25-Sep-2025,20-Oct-2025,130191.81,19528.77,149720.58,0.00
MDS-00741,DDS-2025-118,Meridian Downhole Services Ltd,NGP-WS-094,NG-Rig 26,Harran,Extended Reach,23-Sep-2025,26-Sep-2025,22-Oct-2025,62296.88,9344.53,71641.41,0.00
MDS-00742,DDS-2025-118,Meridian Downhole Services Ltd,NGP-WS-147,NG-Rig 35,Qarn Alam North,HPHT,23-Sep-2025,24-Sep-2025,03-Oct-2025,80650.15,12097.52,92747.67,0.00
MDS-00743,DDS-2025-118,Meridian Downhole Services Ltd,NGP-HA-076,NG-Rig 23,Qarn Alam North,Standard,24-Sep-2025,26-Sep-2025,19-Oct-2025,44447.85,6667.18,51115.03,0.00
MDS-00744,DDS-2025-118,Meridian Downhole Services Ltd,NGP-QA-200,NG-Rig 44,Qarn Alam North,Standard,24-Sep-2025,29-Sep-2025,24-Oct-2025,128869.26,19330.39,148199.65,0.00
MDS-00745,DDS-2025-118,Meridian Downhole Services Ltd,NGP-WS-007,NG-Rig 11,Qarn Alam North,Standard,24-Sep-2025,26-Sep-2025,14-Oct-2025,42826.56,6423.98,49250.54,0.00
MDS-00746,DDS-2025-118,Meridian Downhole Services Ltd,NGP-BD-217,NG-Rig 47,Burqan Deep,Standard,25-Sep-2025,29-Sep-2025,26-Oct-2025,184522.18,27678.33,212200.51,0.00
MDS-00747,DDS-2025-118,Meridian Downhole Services Ltd,NGP-WS-130,NG-Rig 32,Harran,Extended Reach,25-Sep-2025,30-Sep-2025,18-Oct-2025,124873.02,18730.95,143603.97,0.00
MDS-00748,DDS-2025-118,Meridian Downhole Services Ltd,NGP-WS-183,NG-Rig 41,Harran,Extended Reach,25-Sep-2025,27-Sep-2025,01-Oct-2025,44242.74,6636.41,50879.15,0.00
MDS-00749,DDS-2025-118,Meridian Downhole Services Ltd,NGP-QA-058,NG-Rig 21,Qarn Alam North,Standard,26-Sep-2025,30-Sep-2025,10-Oct-2025,167990.54,25198.58,193189.12,0.00
MDS-00750,DDS-2025-118,Meridian Downhole Services Ltd,NGP-HA-041,NG-Rig 17,Wadi Sahm,HPHT,27-Sep-2025,29-Sep-2025,19-Oct-2025,73540.62,11031.09,84571.71,0.00
MDS-00751,DDS-2025-118,Meridian Downhole Services Ltd,NGP-HA-076,NG-Rig 23,Qarn Alam North,Standard,27-Sep-2025,27-Sep-2025,21-Oct-2025,43765.27,6564.79,50330.06,0.00
MDS-00752,DDS-2025-118,Meridian Downhole Services Ltd,NGP-HA-148,NG-Rig 35,Qarn Alam North,Standard,27-Sep-2025,30-Sep-2025,19-Oct-2025,93473.81,14021.07,107494.88,0.00
MDS-00753,DDS-2025-118,Meridian Downhole Services Ltd,NGP-QA-023,NG-Rig 14,Harran,HPHT,27-Sep-2025,27-Sep-2025,12-Oct-2025,43384.69,6507.70,49892.39,0.00
MDS-00754,DDS-2025-118,Meridian Downhole Services Ltd,NGP-WS-007,NG-Rig 11,Qarn Alam North,Standard,27-Sep-2025,29-Sep-2025,05-Oct-2025,50215.01,7532.25,57747.26,0.00
MDS-00755,DDS-2025-118,Meridian Downhole Services Ltd,NGP-WS-094,NG-Rig 26,Harran,Extended Reach,27-Sep-2025,29-Sep-2025,27-Oct-2025,74676.00,11201.40,85877.40,0.00
MDS-00756,DDS-2025-118,Meridian Downhole Services Ltd,NGP-BD-165,NG-Rig 38,Burqan Deep,Standard,28-Sep-2025,03-Oct-2025,22-Oct-2025,214837.86,32225.68,247063.54,0.00
MDS-00757,DDS-2025-118,Meridian Downhole Services Ltd,NGP-HA-112,NG-Rig 30,Harran,HPHT,28-Sep-2025,01-Oct-2025,18-Oct-2025,64408.54,9661.28,74069.82,0.00
MDS-00758,DDS-2025-118,Meridian Downhole Services Ltd,NGP-WS-183,NG-Rig 41,Harran,Extended Reach,28-Sep-2025,01-Oct-2025,26-Oct-2025,131961.19,19794.18,151755.37,0.00
MDS-00759,DDS-2025-118,Meridian Downhole Services Ltd,NGP-BD-024,NG-Rig 14,Burqan Deep,Standard,29-Sep-2025,02-Oct-2025,31-Oct-2025,96239.38,14435.91,110675.29,0.00
MDS-00760,DDS-2025-118,Meridian Downhole Services Ltd,NGP-BD-217,NG-Rig 47,Burqan Deep,Standard,30-Sep-2025,03-Oct-2025,15-Oct-2025,146042.15,21906.32,167948.47,0.00
MDS-00761,DDS-2025-118,Meridian Downhole Services Ltd,NGP-HA-041,NG-Rig 17,Wadi Sahm,HPHT,30-Sep-2025,03-Oct-2025,09-Oct-2025,69159.97,10374.00,79533.97,0.00
MDS-00762,DDS-2025-118,Meridian Downhole Services Ltd,NGP-HA-077,NG-Rig 23,Wadi Sahm,Extended Reach,30-Sep-2025,03-Oct-2025,02-Nov-2025,95798.77,14369.82,110168.59,0.00
MDS-00763,DDS-2025-118,Meridian Downhole Services Ltd,NGP-QA-200,NG-Rig 44,Qarn Alam North,Standard,30-Sep-2025,04-Oct-2025,20-Oct-2025,118496.48,17774.47,136270.95,0.00
MDS-00764,DDS-2025-118,Meridian Downhole Services Ltd,NGP-WS-007,NG-Rig 11,Qarn Alam North,Standard,30-Sep-2025,02-Oct-2025,21-Oct-2025,58796.44,8819.47,67615.91,0.00
MDS-00765,DDS-2025-118,Meridian Downhole Services Ltd,NGP-BD-095,NG-Rig 26,Wadi Sahm,Standard,01-Oct-2025,05-Oct-2025,13-Oct-2025,113089.49,16963.42,130052.91,0.00
MDS-00766,DDS-2025-118,Meridian Downhole Services Ltd,NGP-HA-148,NG-Rig 35,Qarn Alam North,Standard,01-Oct-2025,03-Oct-2025,09-Oct-2025,45385.63,6807.84,52193.47,0.00
MDS-00767,DDS-2025-118,Meridian Downhole Services Ltd,NGP-QA-058,NG-Rig 21,Qarn Alam North,Standard,01-Oct-2025,03-Oct-2025,21-Oct-2025,136082.58,20412.39,156494.97,0.00
MDS-00768,DDS-2025-118,Meridian Downhole Services Ltd,NGP-WS-130,NG-Rig 32,Harran,Extended Reach,01-Oct-2025,04-Oct-2025,11-Oct-2025,64056.58,9608.49,73665.07,0.00
MDS-00769,DDS-2025-118,Meridian Downhole Services Ltd,NGP-HA-112,NG-Rig 30,Harran,HPHT,02-Oct-2025,03-Oct-2025,11-Oct-2025,59584.90,8937.74,68522.64,0.00
MDS-00770,DDS-2025-118,Meridian Downhole Services Ltd,NGP-WS-183,NG-Rig 41,Harran,Extended Reach,02-Oct-2025,05-Oct-2025,30-Oct-2025,138297.08,20744.56,159041.64,0.00
MDS-00771,DDS-2025-118,Meridian Downhole Services Ltd,NGP-BD-024,NG-Rig 14,Burqan Deep,Standard,03-Oct-2025,07-Oct-2025,01-Nov-2025,70448.48,10567.27,81015.75,0.00
MDS-00772,DDS-2025-118,Meridian Downhole Services Ltd,NGP-WS-007,NG-Rig 11,Qarn Alam North,Standard,03-Oct-2025,08-Oct-2025,29-Oct-2025,127198.63,19079.79,146278.42,0.00
MDS-00773,DDS-2025-118,Meridian Downhole Services Ltd,NGP-BD-165,NG-Rig 38,Burqan Deep,Standard,04-Oct-2025,06-Oct-2025,04-Nov-2025,401080.73,60162.11,461242.84,0.00
MDS-00774,DDS-2025-118,Meridian Downhole Services Ltd,NGP-BD-217,NG-Rig 47,Burqan Deep,Standard,04-Oct-2025,07-Oct-2025,31-Oct-2025,141040.12,21156.02,162196.14,0.00
MDS-00775,DDS-2025-118,Meridian Downhole Services Ltd,NGP-HA-041,NG-Rig 17,Wadi Sahm,HPHT,04-Oct-2025,06-Oct-2025,24-Oct-2025,40395.39,6059.31,46454.70,0.00
MDS-00776,DDS-2025-118,Meridian Downhole Services Ltd,NGP-HA-077,NG-Rig 23,Wadi Sahm,Extended Reach,04-Oct-2025,07-Oct-2025,20-Oct-2025,59164.28,8874.64,68038.92,0.00
MDS-00777,DDS-2025-118,Meridian Downhole Services Ltd,NGP-HA-148,NG-Rig 35,Qarn Alam North,Standard,04-Oct-2025,09-Oct-2025,06-Nov-2025,84977.27,12746.59,97723.86,0.00
MDS-00778,DDS-2025-118,Meridian Downhole Services Ltd,NGP-QA-058,NG-Rig 21,Qarn Alam North,Standard,04-Oct-2025,07-Oct-2025,13-Oct-2025,168048.35,25207.25,193255.60,0.00
MDS-00779,DDS-2025-118,Meridian Downhole Services Ltd,NGP-QA-200,NG-Rig 44,Qarn Alam North,Standard,05-Oct-2025,10-Oct-2025,20-Oct-2025,144860.63,21729.09,166589.72,0.00
MDS-00780,DDS-2025-118,Meridian Downhole Services Ltd,NGP-WS-130,NG-Rig 32,Harran,Extended Reach,05-Oct-2025,09-Oct-2025,08-Nov-2025,198583.97,29787.60,228371.57,0.00
MDS-00781,DDS-2025-118,Meridian Downhole Services Ltd,NGP-BD-095,NG-Rig 26,Wadi Sahm,Standard,06-Oct-2025,10-Oct-2025,30-Oct-2025,74011.95,11101.79,85113.74,0.00
MDS-00782,DDS-2025-118,Meridian Downhole Services Ltd,NGP-WS-183,NG-Rig 41,Harran,Extended Reach,06-Oct-2025,09-Oct-2025,15-Oct-2025,146632.41,21994.86,168627.27,0.00
MDS-00783,DDS-2025-118,Meridian Downhole Services Ltd,NGP-BD-165,NG-Rig 38,Burqan Deep,Standard,07-Oct-2025,12-Oct-2025,11-Nov-2025,109200.91,16380.14,125581.05,0.00
MDS-00784,DDS-2025-118,Meridian Downhole Services Ltd,NGP-HA-041,NG-Rig 17,Wadi Sahm,HPHT,07-Oct-2025,11-Oct-2025,24-Oct-2025,109948.06,16492.21,126440.27,0.00
MDS-00785,DDS-2025-118,Meridian Downhole Services Ltd,NGP-BD-024,NG-Rig 14,Burqan Deep,Standard,08-Oct-2025,13-Oct-2025,30-Oct-2025,87766.99,13165.05,100932.04,0.00
MDS-00786,DDS-2025-118,Meridian Downhole Services Ltd,NGP-BD-217,NG-Rig 47,Burqan Deep,Standard,08-Oct-2025,11-Oct-2025,31-Oct-2025,151454.60,22718.19,174172.79,0.00
MDS-00787,DDS-2025-118,Meridian Downhole Services Ltd,NGP-HA-077,NG-Rig 23,Wadi Sahm,Extended Reach,08-Oct-2025,13-Oct-2025,22-Oct-2025,178938.62,26840.79,205779.41,0.00
MDS-00788,DDS-2025-118,Meridian Downhole Services Ltd,NGP-QA-058,NG-Rig 21,Qarn Alam North,Standard,08-Oct-2025,11-Oct-2025,14-Oct-2025,83554.83,12533.22,96088.05,0.00
MDS-00789,DDS-2025-118,Meridian Downhole Services Ltd,NGP-QA-113,NG-Rig 30,Qarn Alam North,Standard,09-Oct-2025,14-Oct-2025,07-Nov-2025,126609.00,18991.35,145600.35,0.00
MDS-00790,DDS-2025-118,Meridian Downhole Services Ltd,NGP-WS-007,NG-Rig 11,Qarn Alam North,Standard,09-Oct-2025,14-Oct-2025,05-Nov-2025,140910.84,21136.63,162047.47,0.00
MDS-00791,DDS-2025-118,Meridian Downhole Services Ltd,NGP-HA-148,NG-Rig 35,Qarn Alam North,Standard,10-Oct-2025,15-Oct-2025,18-Oct-2025,102368.53,15355.28,117723.81,0.00
MDS-00792,DDS-2025-118,Meridian Downhole Services Ltd,NGP-WS-130,NG-Rig 32,Harran,Extended Reach,10-Oct-2025,13-Oct-2025,11-Nov-2025,153143.15,22971.47,176114.62,0.00
MDS-00793,DDS-2025-118,Meridian Downhole Services Ltd,NGP-WS-183,NG-Rig 41,Harran,Extended Reach,10-Oct-2025,15-Oct-2025,14-Nov-2025,235899.37,35384.91,271284.28,0.00
MDS-00794,DDS-2025-118,Meridian Downhole Services Ltd,NGP-BD-095,NG-Rig 26,Wadi Sahm,Standard,11-Oct-2025,14-Oct-2025,17-Oct-2025,78280.56,11742.08,90022.64,0.00
MDS-00795,DDS-2025-118,Meridian Downhole Services Ltd,NGP-QA-200,NG-Rig 44,Qarn Alam North,Standard,11-Oct-2025,13-Oct-2025,28-Oct-2025,93274.41,13991.16,107265.57,0.00
MDS-00796,DDS-2025-118,Meridian Downhole Services Ltd,NGP-BD-217,NG-Rig 47,Burqan Deep,Standard,12-Oct-2025,14-Oct-2025,28-Oct-2025,69829.87,10474.48,80304.35,0.00
MDS-00797,DDS-2025-118,Meridian Downhole Services Ltd,NGP-HA-041,NG-Rig 17,Wadi Sahm,HPHT,12-Oct-2025,15-Oct-2025,08-Nov-2025,114298.21,17144.73,131442.94,0.00
MDS-00798,DDS-2025-118,Meridian Downhole Services Ltd,NGP-QA-058,NG-Rig 21,Qarn Alam North,Standard,12-Oct-2025,17-Oct-2025,29-Oct-2025,90616.38,13592.46,104208.84,0.00
MDS-00799,DDS-2025-118,Meridian Downhole Services Ltd,NGP-BD-165,NG-Rig 38,Burqan Deep,Standard,13-Oct-2025,16-Oct-2025,06-Nov-2025,88469.31,13270.40,101739.71,0.00
MDS-00800,DDS-2025-118,Meridian Downhole Services Ltd,NGP-BD-024,NG-Rig 14,Burqan Deep,Standard,14-Oct-2025,18-Oct-2025,22-Oct-2025,174539.10,26180.86,200719.96,0.00
MDS-00801,DDS-2025-118,Meridian Downhole Services Ltd,NGP-HA-077,NG-Rig 23,Wadi Sahm,Extended Reach,14-Oct-2025,17-Oct-2025,26-Oct-2025,145490.17,21823.53,167313.70,0.00
MDS-00802,DDS-2025-118,Meridian Downhole Services Ltd,NGP-WS-130,NG-Rig 32,Harran,Extended Reach,14-Oct-2025,19-Oct-2025,25-Oct-2025,224624.09,33693.61,258317.70,0.00
MDS-00803,DDS-2025-118,Meridian Downhole Services Ltd,NGP-BD-095,NG-Rig 26,Wadi Sahm,Standard,15-Oct-2025,19-Oct-2025,02-Nov-2025,96991.75,14548.76,111540.51,0.00
MDS-00804,DDS-2025-118,Meridian Downhole Services Ltd,NGP-BD-217,NG-Rig 47,Burqan Deep,Standard,15-Oct-2025,19-Oct-2025,01-Nov-2025,176875.03,26531.25,203406.28,0.00
MDS-00805,DDS-2025-118,Meridian Downhole Services Ltd,NGP-QA-113,NG-Rig 30,Qarn Alam North,Standard,15-Oct-2025,18-Oct-2025,27-Oct-2025,57252.64,8587.90,65840.54,0.00
MDS-00806,DDS-2025-118,Meridian Downhole Services Ltd,NGP-WS-007,NG-Rig 11,Qarn Alam North,Standard,15-Oct-2025,18-Oct-2025,12-Nov-2025,91963.37,13794.51,105757.88,0.00
MDS-00807,DDS-2025-118,Meridian Downhole Services Ltd,NGP-HA-041,NG-Rig 17,Wadi Sahm,HPHT,16-Oct-2025,21-Oct-2025,26-Oct-2025,164250.03,24637.50,188887.53,0.00
MDS-00808,DDS-2025-118,Meridian Downhole Services Ltd,NGP-HA-148,NG-Rig 35,Qarn Alam North,Standard,16-Oct-2025,19-Oct-2025,24-Oct-2025,81496.30,12224.44,93720.74,0.00
MDS-00809,DDS-2025-118,Meridian Downhole Services Ltd,NGP-WS-183,NG-Rig 41,Harran,Extended Reach,16-Oct-2025,20-Oct-2025,11-Nov-2025,194016.67,29102.50,223119.17,0.00
MDS-00810,DDS-2025-118,Meridian Downhole Services Ltd,NGP-WS-201,NG-Rig 44,Harran,Standard,16-Oct-2025,20-Oct-2025,05-Nov-2025,113089.49,16963.42,130052.91,0.00
MDS-00811,DDS-2025-118,Meridian Downhole Services Ltd,NGP-HA-077,NG-Rig 23,Wadi Sahm,Extended Reach,18-Oct-2025,22-Oct-2025,03-Nov-2025,173526.06,26028.91,199554.97,0.00
MDS-00812,DDS-2025-118,Meridian Downhole Services Ltd,NGP-QA-058,NG-Rig 21,Qarn Alam North,Standard,18-Oct-2025,19-Oct-2025,11-Nov-2025,57926.03,8688.90,66614.93,0.00
MDS-00813,DDS-2025-118,Meridian Downhole Services Ltd,NGP-BD-024,NG-Rig 14,Burqan Deep,Standard,19-Oct-2025,23-Oct-2025,06-Nov-2025,152839.37,22925.91,175765.28,0.00
MDS-00814,DDS-2025-118,Meridian Downhole Services Ltd,NGP-QA-113,NG-Rig 30,Qarn Alam North,Standard,19-Oct-2025,24-Oct-2025,22-Nov-2025,154240.03,23136.00,177376.03,0.00
MDS-00815,DDS-2025-118,Meridian Downhole Services Ltd,NGP-WS-007,NG-Rig 11,Qarn Alam North,Standard,19-Oct-2025,24-Oct-2025,12-Nov-2025,90241.17,13536.18,103777.35,0.00
MDS-00816,DDS-2025-118,Meridian Downhole Services Ltd,NGP-WS-166,NG-Rig 38,Harran,Standard,19-Oct-2025,24-Oct-2025,31-Oct-2025,121223.53,18183.53,139407.06,0.00
MDS-00817,DDS-2025-118,Meridian Downhole Services Ltd,NGP-BD-095,NG-Rig 26,Wadi Sahm,Standard,20-Oct-2025,25-Oct-2025,18-Nov-2025,172580.29,25887.04,198467.33,0.00
MDS-00818,DDS-2025-118,Meridian Downhole Services Ltd,NGP-HA-148,NG-Rig 35,Qarn Alam North,Standard,20-Oct-2025,24-Oct-2025,04-Nov-2025,142928.10,21439.22,164367.32,0.00
MDS-00819,DDS-2025-118,Meridian Downhole Services Ltd,NGP-WS-130,NG-Rig 32,Harran,Extended Reach,20-Oct-2025,22-Oct-2025,26-Oct-2025,116312.94,17446.94,133759.88,0.00
MDS-00820,DDS-2025-118,Meridian Downhole Services Ltd,NGP-WS-183,NG-Rig 41,Harran,Extended Reach,21-Oct-2025,21-Oct-2025,07-Nov-2025,52372.60,7855.89,60228.49,0.00
MDS-00821,DDS-2025-118,Meridian Downhole Services Ltd,NGP-WS-201,NG-Rig 44,Harran,Standard,21-Oct-2025,24-Oct-2025,11-Nov-2025,69323.84,10398.58,79722.42,0.00
MDS-00822,DDS-2025-118,Meridian Downhole Services Ltd,NGP-HA-041,NG-Rig 17,Wadi Sahm,HPHT,22-Oct-2025,24-Oct-2025,20-Nov-2025,123904.55,18585.68,142490.23,0.00
MDS-00823,DDS-2025-118,Meridian Downhole Services Ltd,NGP-HA-077,NG-Rig 23,Wadi Sahm,Extended Reach,23-Oct-2025,25-Oct-2025,18-Nov-2025,109704.19,16455.63,126159.82,0.00
MDS-00824,DDS-2025-118,Meridian Downhole Services Ltd,NGP-WS-130,NG-Rig 32,Harran,Extended Reach,23-Oct-2025,25-Oct-2025,12-Nov-2025,138012.86,20701.93,158714.79,0.00
MDS-00825,DDS-2025-118,Meridian Downhole Services Ltd,NGP-BD-024,NG-Rig 14,Burqan Deep,Standard,24-Oct-2025,27-Oct-2025,19-Nov-2025,135793.66,20369.05,156162.71,0.00
MDS-00826,DDS-2025-118,Meridian Downhole Services Ltd,NGP-BD-218,NG-Rig 47,Harran,Standard,25-Oct-2025,28-Oct-2025,07-Nov-2025,99040.88,14856.13,113897.01,0.00
MDS-00827,DDS-2025-118,Meridian Downhole Services Ltd,NGP-HA-041,NG-Rig 17,Wadi Sahm,HPHT,25-Oct-2025,27-Oct-2025,06-Nov-2025,127735.58,19160.34,146895.92,0.00
MDS-00828,DDS-2025-118,Meridian Downhole Services Ltd,NGP-HA-148,NG-Rig 35,Qarn Alam North,Standard,25-Oct-2025,27-Oct-2025,26-Oct-2025,72643.53,10896.53,83540.06,0.00
MDS-00829,DDS-2025-118,Meridian Downhole Services Ltd,NGP-QA-113,NG-Rig 30,Qarn Alam North,Standard,25-Oct-2025,29-Oct-2025,22-Nov-2025,180705.35,27105.80,207811.15,0.00
MDS-00830,DDS-2025-118,Meridian Downhole Services Ltd,NGP-WS-007,NG-Rig 11,Qarn Alam North,Standard,25-Oct-2025,28-Oct-2025,15-Nov-2025,87729.75,13159.46,100889.21,0.00
MDS-00831,DDS-2025-118,Meridian Downhole Services Ltd,NGP-WS-059,NG-Rig 21,Qarn Alam North,Standard,25-Oct-2025,27-Oct-2025,05-Nov-2025,81223.37,12183.51,93406.88,0.00
MDS-00832,DDS-2025-118,Meridian Downhole Services Ltd,NGP-WS-166,NG-Rig 38,Harran,Standard,25-Oct-2025,29-Oct-2025,08-Nov-2025,70448.48,10567.27,81015.75,0.00
MDS-00833,DDS-2025-118,Meridian Downhole Services Ltd,NGP-WS-201,NG-Rig 44,Harran,Standard,25-Oct-2025,28-Oct-2025,21-Nov-2025,91020.35,13653.05,104673.40,0.00
MDS-00834,DDS-2025-118,Meridian Downhole Services Ltd,NGP-BD-095,NG-Rig 26,Wadi Sahm,Standard,26-Oct-2025,30-Oct-2025,02-Nov-2025,126384.98,18957.75,145342.73,0.00
MDS-00835,DDS-2025-118,Meridian Downhole Services Ltd,NGP-BD-184,NG-Rig 41,Burqan Deep,Extended Reach,26-Oct-2025,31-Oct-2025,15-Nov-2025,135110.74,20266.61,155377.35,0.00
MDS-00836,DDS-2025-118,Meridian Downhole Services Ltd,NGP-HA-077,NG-Rig 23,Wadi Sahm,Extended Reach,26-Oct-2025,31-Oct-2025,22-Nov-2025,254411.92,38161.79,292573.71,0.00
MDS-00837,DDS-2025-118,Meridian Downhole Services Ltd,NGP-WS-130,NG-Rig 32,Harran,Extended Reach,26-Oct-2025,28-Oct-2025,26-Nov-2025,118438.05,17765.71,136203.76,0.00
MDS-00838,DDS-2025-118,Meridian Downhole Services Ltd,NGP-BD-024,NG-Rig 14,Burqan Deep,Standard,28-Oct-2025,31-Oct-2025,22-Nov-2025,1231794.74,184769.21,1416563.95,0.00
MDS-00839,DDS-2025-118,Meridian Downhole Services Ltd,NGP-HA-041,NG-Rig 17,Wadi Sahm,HPHT,28-Oct-2025,30-Oct-2025,14-Nov-2025,113959.27,17093.89,131053.16,0.00
MDS-00840,DDS-2025-118,Meridian Downhole Services Ltd,NGP-HA-148,NG-Rig 35,Qarn Alam North,Standard,28-Oct-2025,31-Oct-2025,18-Nov-2025,75126.43,11268.96,86395.39,0.00
MDS-00841,DDS-2025-118,Meridian Downhole Services Ltd,NGP-WS-059,NG-Rig 21,Qarn Alam North,Standard,28-Oct-2025,02-Nov-2025,28-Nov-2025,85957.38,12893.61,98850.99,0.00
MDS-00842,DDS-2025-118,Meridian Downhole Services Ltd,NGP-BD-218,NG-Rig 47,Harran,Standard,29-Oct-2025,01-Nov-2025,08-Nov-2025,52585.08,7887.76,60472.84,0.00
MDS-00843,DDS-2025-118,Meridian Downhole Services Ltd,NGP-WS-201,NG-Rig 44,Harran,Standard,29-Oct-2025,02-Nov-2025,06-Nov-2025,176855.25,26528.29,203383.54,0.00
MDS-00844,DDS-2025-118,Meridian Downhole Services Ltd,NGP-QA-113,NG-Rig 30,Qarn Alam North,Standard,30-Oct-2025,02-Nov-2025,20-Nov-2025,138989.41,20848.41,159837.82,0.00
MDS-00845,DDS-2025-118,Meridian Downhole Services Ltd,NGP-WS-166,NG-Rig 38,Harran,Standard,30-Oct-2025,01-Nov-2025,11-Nov-2025,77219.50,11582.92,88802.42,0.00
MDS-00846,DDS-2025-118,Meridian Downhole Services Ltd,NGP-BD-095,NG-Rig 26,Wadi Sahm,Standard,31-Oct-2025,04-Nov-2025,23-Nov-2025,101605.97,15240.90,116846.87,0.00
MDS-00847,DDS-2025-118,Meridian Downhole Services Ltd,NGP-QA-131,NG-Rig 32,Qarn Alam North,Standard,31-Oct-2025,02-Nov-2025,29-Nov-2025,79104.67,11865.70,90970.37,0.00
MDS-00848,DDS-2025-118,Meridian Downhole Services Ltd,NGP-BD-184,NG-Rig 41,Burqan Deep,Extended Reach,01-Nov-2025,03-Nov-2025,07-Nov-2025,39503.65,5925.55,45429.20,0.00
MDS-00849,DDS-2025-118,Meridian Downhole Services Ltd,NGP-HA-077,NG-Rig 23,Wadi Sahm,Extended Reach,01-Nov-2025,02-Nov-2025,21-Nov-2025,81173.00,12175.95,93348.95,0.00
MDS-00850,DDS-2025-118,Meridian Downhole Services Ltd,NGP-HA-148,NG-Rig 35,Qarn Alam North,Standard,01-Nov-2025,05-Nov-2025,22-Nov-2025,142096.45,21314.47,163410.92,0.00
MDS-00851,DDS-2025-118,Meridian Downhole Services Ltd,NGP-BD-218,NG-Rig 47,Harran,Standard,02-Nov-2025,06-Nov-2025,18-Nov-2025,113943.31,17091.50,131034.81,0.00
MDS-00852,DDS-2025-118,Meridian Downhole Services Ltd,NGP-WS-166,NG-Rig 38,Harran,Standard,02-Nov-2025,06-Nov-2025,12-Nov-2025,170458.70,25568.80,196027.50,0.00
MDS-00853,DDS-2025-118,Meridian Downhole Services Ltd,NGP-QA-113,NG-Rig 30,Qarn Alam North,Standard,03-Nov-2025,07-Nov-2025,15-Nov-2025,681947.04,102292.06,784239.10,0.00
MDS-00854,DDS-2025-118,Meridian Downhole Services Ltd,NGP-QA-131,NG-Rig 32,Qarn Alam North,Standard,03-Nov-2025,08-Nov-2025,30-Nov-2025,91006.52,13650.98,104657.50,0.00
MDS-00855,DDS-2025-118,Meridian Downhole Services Ltd,NGP-WS-008,NG-Rig 11,Wadi Sahm,Standard,03-Nov-2025,06-Nov-2025,24-Nov-2025,95670.09,14350.51,110020.60,0.00
MDS-00856,DDS-2025-118,Meridian Downhole Services Ltd,NGP-WS-059,NG-Rig 21,Qarn Alam North,Standard,03-Nov-2025,07-Nov-2025,15-Nov-2025,84699.56,12704.93,97404.49,0.00
MDS-00857,DDS-2025-118,Meridian Downhole Services Ltd,NGP-WS-201,NG-Rig 44,Harran,Standard,03-Nov-2025,05-Nov-2025,27-Nov-2025,128647.69,19297.15,147944.84,0.00
MDS-00858,DDS-2025-118,Meridian Downhole Services Ltd,NGP-BD-184,NG-Rig 41,Burqan Deep,Extended Reach,04-Nov-2025,08-Nov-2025,23-Nov-2025,109915.30,16487.30,126402.60,0.00
MDS-00859,DDS-2025-118,Meridian Downhole Services Ltd,NGP-QA-025,NG-Rig 14,Qarn Alam North,Standard,04-Nov-2025,09-Nov-2025,06-Dec-2025,116964.46,17544.67,134509.13,0.00
MDS-00860,DDS-2025-118,Meridian Downhole Services Ltd,NGP-QA-042,NG-Rig 17,Harran,Standard,04-Nov-2025,08-Nov-2025,20-Nov-2025,115443.86,17316.58,132760.44,0.00
MDS-00861,DDS-2025-118,Meridian Downhole Services Ltd,NGP-BD-095,NG-Rig 26,Wadi Sahm,Standard,05-Nov-2025,07-Nov-2025,18-Nov-2025,41019.72,6152.96,47172.68,0.00
MDS-00862,DDS-2025-118,Meridian Downhole Services Ltd,NGP-QA-078,NG-Rig 23,Harran,Extended Reach,05-Nov-2025,10-Nov-2025,02-Dec-2025,128010.37,19201.56,147211.93,0.00
MDS-00863,DDS-2025-118,Meridian Downhole Services Ltd,NGP-WS-201,NG-Rig 44,Harran,Standard,06-Nov-2025,10-Nov-2025,24-Nov-2025,193215.25,28982.29,222197.54,0.00
MDS-00864,DDS-2025-118,Meridian Downhole Services Ltd,NGP-BD-218,NG-Rig 47,Harran,Standard,07-Nov-2025,12-Nov-2025,25-Nov-2025,222795.82,33419.37,256215.19,0.00
MDS-00865,DDS-2025-118,Meridian Downhole Services Ltd,NGP-WS-008,NG-Rig 11,Wadi Sahm,Standard,07-Nov-2025,12-Nov-2025,19-Nov-2025,91006.52,13650.98,104657.50,0.00
MDS-00866,DDS-2025-118,Meridian Downhole Services Ltd,NGP-WS-166,NG-Rig 38,Harran,Standard,07-Nov-2025,11-Nov-2025,14-Nov-2025,174028.01,26104.20,200132.21,0.00
MDS-00867,DDS-2025-118,Meridian Downhole Services Ltd,NGP-BD-095,NG-Rig 26,Wadi Sahm,Standard,08-Nov-2025,11-Nov-2025,04-Dec-2025,63356.15,9503.42,72859.57,0.00
MDS-00868,DDS-2025-118,Meridian Downhole Services Ltd,NGP-QA-113,NG-Rig 30,Qarn Alam North,Standard,08-Nov-2025,13-Nov-2025,02-Dec-2025,186457.44,27968.62,214426.06,0.00
MDS-00869,DDS-2025-118,Meridian Downhole Services Ltd,NGP-WS-059,NG-Rig 21,Qarn Alam North,Standard,08-Nov-2025,12-Nov-2025,23-Nov-2025,89726.57,13458.99,103185.56,0.00
MDS-00870,DDS-2025-118,Meridian Downhole Services Ltd,NGP-BD-184,NG-Rig 41,Burqan Deep,Extended Reach,09-Nov-2025,11-Nov-2025,29-Nov-2025,86349.62,12952.44,99302.06,0.00
MDS-00871,DDS-2025-118,Meridian Downhole Services Ltd,NGP-QA-042,NG-Rig 17,Harran,Standard,09-Nov-2025,14-Nov-2025,20-Nov-2025,95739.27,14360.89,110100.16,0.00
MDS-00872,DDS-2025-118,Meridian Downhole Services Ltd,NGP-QA-131,NG-Rig 32,Qarn Alam North,Standard,09-Nov-2025,11-Nov-2025,18-Nov-2025,87273.08,13090.96,100364.04,0.00
MDS-00873,DDS-2025-118,Meridian Downhole Services Ltd,NGP-BD-149,NG-Rig 35,Burqan Deep,HPHT,10-Nov-2025,14-Nov-2025,08-Dec-2025,113244.03,16986.60,130230.63,0.00
MDS-00874,DDS-2025-118,Meridian Downhole Services Ltd,NGP-QA-025,NG-Rig 14,Qarn Alam North,Standard,10-Nov-2025,12-Nov-2025,04-Dec-2025,45503.26,6825.49,52328.75,0.00
MDS-00875,DDS-2025-118,Meridian Downhole Services Ltd,NGP-QA-078,NG-Rig 23,Harran,Extended Reach,11-Nov-2025,16-Nov-2025,29-Nov-2025,91130.54,13669.58,104800.12,0.00
MDS-00876,DDS-2025-118,Meridian Downhole Services Ltd,NGP-WS-201,NG-Rig 44,Harran,Standard,11-Nov-2025,15-Nov-2025,27-Nov-2025,192439.06,28865.86,221304.92,0.00
MDS-00877,DDS-2025-118,Meridian Downhole Services Ltd,NGP-BD-095,NG-Rig 26,Wadi Sahm,Standard,12-Nov-2025,12-Nov-2025,17-Nov-2025,43027.23,6454.08,49481.31,0.00
MDS-00878,DDS-2025-118,Meridian Downhole Services Ltd,NGP-BD-184,NG-Rig 41,Burqan Deep,Extended Reach,12-Nov-2025,14-Nov-2025,26-Nov-2025,71718.39,10757.76,82476.15,0.00
MDS-00879,DDS-2025-118,Meridian Downhole Services Ltd,NGP-QA-131,NG-Rig 32,Qarn Alam North,Standard,12-Nov-2025,16-Nov-2025,13-Dec-2025,163081.20,24462.18,187543.38,0.00
MDS-00880,DDS-2025-118,Meridian Downhole Services Ltd,NGP-WS-166,NG-Rig 38,Harran,Standard,12-Nov-2025,14-Nov-2025,09-Dec-2025,82350.33,12352.55,94702.88,0.00
MDS-00881,DDS-2025-118,Meridian Downhole Services Ltd,NGP-BD-218,NG-Rig 47,Harran,Standard,13-Nov-2025,18-Nov-2025,09-Dec-2025,221111.55,33166.73,254278.28,0.00
MDS-00882,DDS-2025-118,Meridian Downhole Services Ltd,NGP-QA-025,NG-Rig 14,Qarn Alam North,Standard,13-Nov-2025,17-Nov-2025,25-Nov-2025,77827.55,11674.13,89501.68,0.00
MDS-00883,DDS-2025-118,Meridian Downhole Services Ltd,NGP-WS-008,NG-Rig 11,Wadi Sahm,Standard,13-Nov-2025,18-Nov-2025,27-Nov-2025,116068.47,17410.27,133478.74,0.00
MDS-00884,DDS-2025-118,Meridian Downhole Services Ltd,NGP-WS-059,NG-Rig 21,Qarn Alam North,Standard,13-Nov-2025,15-Nov-2025,03-Dec-2025,60900.39,9135.06,70035.45,0.00
MDS-00885,DDS-2025-118,Meridian Downhole Services Ltd,NGP-QA-113,NG-Rig 30,Qarn Alam North,Standard,14-Nov-2025,14-Nov-2025,06-Dec-2025,48245.83,7236.87,55482.70,0.00
MDS-00886,DDS-2025-118,Meridian Downhole Services Ltd,NGP-BD-149,NG-Rig 35,Burqan Deep,HPHT,15-Nov-2025,20-Nov-2025,18-Dec-2025,124987.57,18748.14,143735.71,0.00
MDS-00887,DDS-2025-118,Meridian Downhole Services Ltd,NGP-BD-184,NG-Rig 41,Burqan Deep,Extended Reach,15-Nov-2025,19-Nov-2025,06-Dec-2025,142697.15,21404.57,164101.72,0.00
MDS-00888,DDS-2025-118,Meridian Downhole Services Ltd,NGP-QA-042,NG-Rig 17,Harran,Standard,15-Nov-2025,20-Nov-2025,05-Dec-2025,112535.64,16880.35,129415.99,0.00
MDS-00889,DDS-2025-118,Meridian Downhole Services Ltd,NGP-WS-166,NG-Rig 38,Harran,Standard,15-Nov-2025,20-Nov-2025,15-Dec-2025,204101.49,30615.22,234716.71,0.00
MDS-00890,DDS-2025-118,Meridian Downhole Services Ltd,NGP-WS-059,NG-Rig 21,Qarn Alam North,Standard,16-Nov-2025,19-Nov-2025,27-Nov-2025,102399.06,15359.86,117758.92,0.00
MDS-00891,DDS-2025-118,Meridian Downhole Services Ltd,NGP-WS-201,NG-Rig 44,Harran,Standard,16-Nov-2025,21-Nov-2025,10-Dec-2025,234477.26,35171.59,269648.85,0.00
MDS-00892,DDS-2025-118,Meridian Downhole Services Ltd,NGP-QA-078,NG-Rig 23,Harran,Extended Reach,17-Nov-2025,21-Nov-2025,25-Nov-2025,109976.32,16496.45,126472.77,0.00
MDS-00893,DDS-2025-118,Meridian Downhole Services Ltd,NGP-QA-096,NG-Rig 26,Harran,Extended Reach,17-Nov-2025,21-Nov-2025,17-Dec-2025,115886.74,17383.01,133269.75,0.00
MDS-00894,DDS-2025-118,Meridian Downhole Services Ltd,NGP-QA-131,NG-Rig 32,Qarn Alam North,Standard,17-Nov-2025,22-Nov-2025,19-Dec-2025,207722.41,31158.36,238880.77,0.00
MDS-00895,DDS-2025-118,Meridian Downhole Services Ltd,NGP-QA-025,NG-Rig 14,Qarn Alam North,Standard,18-Nov-2025,23-Nov-2025,17-Dec-2025,241265.98,36189.90,277455.88,0.00
MDS-00896,DDS-2025-118,Meridian Downhole Services Ltd,NGP-BD-218,NG-Rig 47,Harran,Standard,19-Nov-2025,21-Nov-2025,13-Dec-2025,113656.07,17048.41,130704.48,0.00
MDS-00897,DDS-2025-118,Meridian Downhole Services Ltd,NGP-WS-008,NG-Rig 11,Wadi Sahm,Standard,19-Nov-2025,22-Nov-2025,10-Dec-2025,74824.52,11223.68,86048.20,0.00
MDS-00898,DDS-2025-118,Meridian Downhole Services Ltd,NGP-BD-184,NG-Rig 41,Burqan Deep,Extended Reach,20-Nov-2025,23-Nov-2025,30-Nov-2025,130686.53,19602.98,150289.51,0.00
MDS-00899,DDS-2025-118,Meridian Downhole Services Ltd,NGP-WS-059,NG-Rig 21,Qarn Alam North,Standard,20-Nov-2025,23-Nov-2025,09-Dec-2025,98365.99,14754.90,113120.89,0.00
MDS-00900,DDS-2025-118,Meridian Downhole Services Ltd,NGP-WS-114,NG-Rig 30,Burqan Deep,HPHT,20-Nov-2025,25-Nov-2025,09-Dec-2025,131551.83,19732.77,151284.60,0.00
MDS-00901,DDS-2025-118,Meridian Downhole Services Ltd,NGP-BD-149,NG-Rig 35,Burqan Deep,HPHT,21-Nov-2025,23-Nov-2025,04-Dec-2025,131704.92,19755.74,151460.66,0.00
MDS-00902,DDS-2025-118,Meridian Downhole Services Ltd,NGP-QA-042,NG-Rig 17,Harran,Standard,21-Nov-2025,23-Nov-2025,22-Dec-2025,60103.39,9015.51,69118.90,0.00
MDS-00903,DDS-2025-118,Meridian Downhole Services Ltd,NGP-WS-166,NG-Rig 38,Harran,Standard,21-Nov-2025,22-Nov-2025,30-Nov-2025,74234.98,11135.25,85370.23,0.00
MDS-00904,DDS-2025-118,Meridian Downhole Services Ltd,NGP-BD-218,NG-Rig 47,Harran,Standard,22-Nov-2025,24-Nov-2025,16-Dec-2025,116233.76,17435.06,133668.82,0.00
MDS-00905,DDS-2025-118,Meridian Downhole Services Ltd,NGP-QA-078,NG-Rig 23,Harran,Extended Reach,22-Nov-2025,27-Nov-2025,09-Dec-2025,144501.14,21675.17,166176.31,0.00
MDS-00906,DDS-2025-118,Meridian Downhole Services Ltd,NGP-QA-096,NG-Rig 26,Harran,Extended Reach,22-Nov-2025,26-Nov-2025,18-Dec-2025,83956.25,12593.44,96549.69,0.00
MDS-00907,DDS-2025-118,Meridian Downhole Services Ltd,NGP-HA-202,NG-Rig 44,Harran,HPHT,23-Nov-2025,26-Nov-2025,14-Dec-2025,102624.33,15393.65,118017.98,0.00
MDS-00908,DDS-2025-118,Meridian Downhole Services Ltd,NGP-QA-131,NG-Rig 32,Qarn Alam North,Standard,23-Nov-2025,28-Nov-2025,22-Dec-2025,244426.11,36663.92,281090.03,0.00
MDS-00909,DDS-2025-118,Meridian Downhole Services Ltd,NGP-WS-008,NG-Rig 11,Wadi Sahm,Standard,23-Nov-2025,26-Nov-2025,07-Dec-2025,104047.83,15607.17,119655.00,0.00
MDS-00910,DDS-2025-118,Meridian Downhole Services Ltd,NGP-BD-149,NG-Rig 35,Burqan Deep,HPHT,24-Nov-2025,27-Nov-2025,11-Dec-2025,177235.95,26585.39,203821.34,0.00
MDS-00911,DDS-2025-118,Meridian Downhole Services Ltd,NGP-BD-184,NG-Rig 41,Burqan Deep,Extended Reach,24-Nov-2025,27-Nov-2025,08-Dec-2025,608035.19,91205.28,699240.47,0.00
MDS-00912,DDS-2025-118,Meridian Downhole Services Ltd,NGP-QA-025,NG-Rig 14,Qarn Alam North,Standard,24-Nov-2025,28-Nov-2025,11-Dec-2025,180853.48,27128.02,207981.50,0.00
MDS-00913,DDS-2025-118,Meridian Downhole Services Ltd,NGP-QA-042,NG-Rig 17,Harran,Standard,24-Nov-2025,26-Nov-2025,17-Dec-2025,59306.39,8895.96,68202.35,0.00
MDS-00914,DDS-2025-118,Meridian Downhole Services Ltd,NGP-QA-167,NG-Rig 38,Burqan Deep,Extended Reach,24-Nov-2025,29-Nov-2025,28-Dec-2025,133409.83,20011.47,153421.30,0.00
MDS-00915,DDS-2025-118,Meridian Downhole Services Ltd,NGP-WS-059,NG-Rig 21,Qarn Alam North,Standard,24-Nov-2025,26-Nov-2025,08-Dec-2025,72467.74,10870.16,83337.90,0.00
MDS-00916,DDS-2025-118,Meridian Downhole Services Ltd,NGP-BD-218,NG-Rig 47,Harran,Standard,25-Nov-2025,26-Nov-2025,13-Dec-2025,84102.83,12615.42,96782.40,0.00
MDS-00917,DDS-2025-118,Meridian Downhole Services Ltd,NGP-WS-114,NG-Rig 30,Burqan Deep,HPHT,26-Nov-2025,30-Nov-2025,22-Dec-2025,77864.54,11679.68,89544.22,0.00
MDS-00918,DDS-2025-118,Meridian Downhole Services Ltd,NGP-HA-202,NG-Rig 44,Harran,HPHT,27-Nov-2025,29-Nov-2025,20-Dec-2025,50634.65,7595.20,58229.85,0.00
MDS-00919,DDS-2025-118,Meridian Downhole Services Ltd,NGP-QA-042,NG-Rig 17,Harran,Standard,27-Nov-2025,29-Nov-2025,09-Dec-2025,72704.07,10905.61,83609.68,0.00
MDS-00920,DDS-2025-118,Meridian Downhole Services Ltd,NGP-QA-096,NG-Rig 26,Harran,Extended Reach,27-Nov-2025,01-Dec-2025,15-Dec-2025,99297.51,14894.63,114192.14,0.00
MDS-00921,DDS-2025-118,Meridian Downhole Services Ltd,NGP-WS-008,NG-Rig 11,Wadi Sahm,Standard,27-Nov-2025,02-Dec-2025,26-Dec-2025,146445.82,21966.87,168412.69,0.00
MDS-00922,DDS-2025-118,Meridian Downhole Services Ltd,NGP-WS-059,NG-Rig 21,Qarn Alam North,Standard,27-Nov-2025,29-Nov-2025,08-Dec-2025,101226.94,15184.04,116410.98,0.00
MDS-00923,DDS-2025-118,Meridian Downhole Services Ltd,NGP-BD-149,NG-Rig 35,Burqan Deep,HPHT,28-Nov-2025,02-Dec-2025,05-Dec-2025,201830.61,30274.59,232105.20,0.00
MDS-00924,DDS-2025-118,Meridian Downhole Services Ltd,NGP-BD-184,NG-Rig 41,Burqan Deep,Extended Reach,28-Nov-2025,01-Dec-2025,18-Dec-2025,104056.91,15608.54,119665.45,0.00
MDS-00925,DDS-2025-118,Meridian Downhole Services Ltd,NGP-QA-078,NG-Rig 23,Harran,Extended Reach,28-Nov-2025,01-Dec-2025,04-Dec-2025,92213.54,13832.03,106045.57,0.00
MDS-00926,DDS-2025-118,Meridian Downhole Services Ltd,NGP-BD-219,NG-Rig 47,Burqan Deep,Standard,29-Nov-2025,03-Dec-2025,11-Dec-2025,110385.22,16557.78,126943.00,0.00
MDS-00927,DDS-2025-118,Meridian Downhole Services Ltd,NGP-QA-025,NG-Rig 14,Qarn Alam North,Standard,29-Nov-2025,04-Dec-2025,16-Dec-2025,192535.34,28880.30,221415.64,0.00
MDS-00928,DDS-2025-118,Meridian Downhole Services Ltd,NGP-HA-202,NG-Rig 44,Harran,HPHT,30-Nov-2025,02-Dec-2025,26-Dec-2025,43038.26,6455.74,49494.00,0.00
MDS-00929,DDS-2025-118,Meridian Downhole Services Ltd,NGP-QA-042,NG-Rig 17,Harran,Standard,30-Nov-2025,05-Dec-2025,17-Dec-2025,176989.63,26548.44,203538.07,0.00
MDS-00930,DDS-2025-118,Meridian Downhole Services Ltd,NGP-QA-167,NG-Rig 38,Burqan Deep,Extended Reach,30-Nov-2025,02-Dec-2025,24-Dec-2025,53059.62,7958.94,61018.56,0.00
MDS-00931,DDS-2025-118,Meridian Downhole Services Ltd,NGP-WS-114,NG-Rig 30,Burqan Deep,HPHT,01-Dec-2025,05-Dec-2025,09-Dec-2025,112801.68,16920.25,129721.93,0.00
MDS-00932,DDS-2025-118,Meridian Downhole Services Ltd,NGP-BD-184,NG-Rig 41,Burqan Deep,Extended Reach,02-Dec-2025,06-Dec-2025,24-Dec-2025,78266.65,11740.00,90006.65,0.00
MDS-00933,DDS-2025-118,Meridian Downhole Services Ltd,NGP-QA-078,NG-Rig 23,Harran,Extended Reach,02-Dec-2025,04-Dec-2025,12-Dec-2025,77271.47,11590.72,88862.19,0.00
MDS-00934,DDS-2025-118,Meridian Downhole Services Ltd,NGP-QA-096,NG-Rig 26,Harran,Extended Reach,02-Dec-2025,05-Dec-2025,27-Dec-2025,85098.72,12764.81,97863.53,0.00
MDS-00935,DDS-2025-118,Meridian Downhole Services Ltd,NGP-WS-132,NG-Rig 32,Harran,HPHT,02-Dec-2025,04-Dec-2025,11-Dec-2025,84786.39,12717.96,97504.35,0.00
MDS-00936,DDS-2025-118,Meridian Downhole Services Ltd,NGP-BD-149,NG-Rig 35,Burqan Deep,HPHT,03-Dec-2025,05-Dec-2025,04-Jan-2026,122908.27,18436.24,141344.51,0.00
MDS-00937,DDS-2025-118,Meridian Downhole Services Ltd,NGP-HA-202,NG-Rig 44,Harran,HPHT,03-Dec-2025,08-Dec-2025,19-Dec-2025,506170.69,75925.60,582096.29,0.00
MDS-00938,DDS-2025-118,Meridian Downhole Services Ltd,NGP-QA-167,NG-Rig 38,Burqan Deep,Extended Reach,03-Dec-2025,06-Dec-2025,03-Jan-2026,66081.88,9912.28,75994.16,0.00
MDS-00939,DDS-2025-118,Meridian Downhole Services Ltd,NGP-WS-008,NG-Rig 11,Wadi Sahm,Standard,03-Dec-2025,06-Dec-2025,26-Dec-2025,117551.45,17632.72,135184.17,0.00
MDS-00940,DDS-2025-118,Meridian Downhole Services Ltd,NGP-BD-219,NG-Rig 47,Burqan Deep,Standard,04-Dec-2025,06-Dec-2025,02-Jan-2026,48049.58,7207.44,55257.02,0.00
MDS-00941,DDS-2025-118,Meridian Downhole Services Ltd,NGP-QA-060,NG-Rig 21,Qarn Alam North,Extended Reach,04-Dec-2025,09-Dec-2025,13-Dec-2025,138544.63,20781.69,159326.32,0.00
MDS-00942,DDS-2025-118,Meridian Downhole Services Ltd,NGP-QA-025,NG-Rig 14,Qarn Alam North,Standard,05-Dec-2025,09-Dec-2025,22-Dec-2025,183969.81,27595.47,211565.28,0.00
MDS-00943,DDS-2025-118,Meridian Downhole Services Ltd,NGP-QA-078,NG-Rig 23,Harran,Extended Reach,05-Dec-2025,07-Dec-2025,24-Dec-2025,70489.43,10573.41,81062.84,0.00
MDS-00944,DDS-2025-118,Meridian Downhole Services Ltd,NGP-WS-132,NG-Rig 32,Harran,HPHT,05-Dec-2025,09-Dec-2025,17-Dec-2025,76441.80,11466.27,87908.07,0.00
MDS-00945,DDS-2025-118,Meridian Downhole Services Ltd,NGP-BD-149,NG-Rig 35,Burqan Deep,HPHT,06-Dec-2025,11-Dec-2025,28-Dec-2025,246586.24,36987.94,283574.18,0.00
MDS-00946,DDS-2025-118,Meridian Downhole Services Ltd,NGP-QA-042,NG-Rig 17,Harran,Standard,06-Dec-2025,09-Dec-2025,12-Dec-2025,87011.28,13051.69,100062.97,0.00
MDS-00947,DDS-2025-118,Meridian Downhole Services Ltd,NGP-QA-096,NG-Rig 26,Harran,Extended Reach,06-Dec-2025,11-Dec-2025,01-Jan-2026,150414.11,22562.12,172976.23,0.00
MDS-00948,DDS-2025-118,Meridian Downhole Services Ltd,NGP-WS-114,NG-Rig 30,Burqan Deep,HPHT,06-Dec-2025,10-Dec-2025,15-Dec-2025,130752.41,19612.86,150365.27,0.00
MDS-00949,DDS-2025-118,Meridian Downhole Services Ltd,NGP-BD-184,NG-Rig 41,Burqan Deep,Extended Reach,07-Dec-2025,11-Dec-2025,28-Dec-2025,72136.76,10820.51,82957.27,0.00
MDS-00950,DDS-2025-118,Meridian Downhole Services Ltd,NGP-BD-219,NG-Rig 47,Burqan Deep,Standard,07-Dec-2025,11-Dec-2025,19-Dec-2025,224882.97,33732.45,258615.42,0.00
MDS-00951,DDS-2025-118,Meridian Downhole Services Ltd,NGP-QA-167,NG-Rig 38,Burqan Deep,Extended Reach,07-Dec-2025,12-Dec-2025,21-Dec-2025,214525.36,32178.80,246704.16,0.00
MDS-00952,DDS-2025-118,Meridian Downhole Services Ltd,NGP-QA-078,NG-Rig 23,Harran,Extended Reach,08-Dec-2025,13-Dec-2025,20-Dec-2025,100876.92,15131.54,116008.46,0.00
MDS-00953,DDS-2025-118,Meridian Downhole Services Ltd,NGP-HA-202,NG-Rig 44,Harran,HPHT,09-Dec-2025,12-Dec-2025,25-Dec-2025,101781.77,15267.27,117049.04,0.00
MDS-00954,DDS-2025-118,Meridian Downhole Services Ltd,NGP-WS-009,NG-Rig 11,Burqan Deep,Standard,09-Dec-2025,14-Dec-2025,03-Jan-2026,133851.00,20077.65,153928.65,0.00
MDS-00955,DDS-2025-118,Meridian Downhole Services Ltd,NGP-QA-025,NG-Rig 14,Qarn Alam North,Standard,10-Dec-2025,13-Dec-2025,16-Dec-2025,126860.80,19029.12,145889.92,0.00
MDS-00956,DDS-2025-118,Meridian Downhole Services Ltd,NGP-QA-042,NG-Rig 17,Harran,Standard,10-Dec-2025,15-Dec-2025,24-Dec-2025,90445.95,13566.89,104012.84,0.00
MDS-00957,DDS-2025-118,Meridian Downhole Services Ltd,NGP-QA-060,NG-Rig 21,Qarn Alam North,Extended Reach,10-Dec-2025,15-Dec-2025,23-Dec-2025,122576.29,18386.44,140962.73,0.00
MDS-00958,DDS-2025-118,Meridian Downhole Services Ltd,NGP-WS-132,NG-Rig 32,Harran,HPHT,10-Dec-2025,12-Dec-2025,27-Dec-2025,45865.08,6879.76,52744.84,0.00
MDS-00959,DDS-2025-118,Meridian Downhole Services Ltd,NGP-WS-114,NG-Rig 30,Burqan Deep,HPHT,11-Dec-2025,14-Dec-2025,11-Jan-2026,131211.42,19681.71,150893.13,0.00
MDS-00960,DDS-2025-118,Meridian Downhole Services Ltd,NGP-BD-149,NG-Rig 35,Burqan Deep,HPHT,12-Dec-2025,14-Dec-2025,12-Jan-2026,122614.97,18392.25,141007.22,0.00
MDS-00961,DDS-2025-118,Meridian Downhole Services Ltd,NGP-BD-184,NG-Rig 41,Burqan Deep,Extended Reach,12-Dec-2025,12-Dec-2025,20-Dec-2025,44483.82,6672.57,51156.39,0.00
MDS-00962,DDS-2025-118,Meridian Downhole Services Ltd,NGP-BD-219,NG-Rig 47,Burqan Deep,Standard,12-Dec-2025,16-Dec-2025,19-Dec-2025,134223.45,20133.52,154356.97,0.00
MDS-00963,DDS-2025-118,Meridian Downhole Services Ltd,NGP-QA-096,NG-Rig 26,Harran,Extended Reach,12-Dec-2025,15-Dec-2025,02-Jan-2026,79797.00,11969.55,91766.55,0.00
MDS-00964,DDS-2025-118,Meridian Downhole Services Ltd,NGP-HA-202,NG-Rig 44,Harran,HPHT,13-Dec-2025,15-Dec-2025,12-Jan-2026,92397.33,13859.60,106256.93,0.00
MDS-00965,DDS-2025-118,Meridian Downhole Services Ltd,NGP-QA-167,NG-Rig 38,Burqan Deep,Extended Reach,13-Dec-2025,17-Dec-2025,25-Dec-2025,192968.51,28945.28,221913.79,0.00
MDS-00966,DDS-2025-118,Meridian Downhole Services Ltd,NGP-WS-132,NG-Rig 32,Harran,HPHT,13-Dec-2025,17-Dec-2025,21-Dec-2025,135980.40,20397.06,156377.46,0.00
MDS-00967,DDS-2025-118,Meridian Downhole Services Ltd,NGP-QA-078,NG-Rig 23,Harran,Extended Reach,14-Dec-2025,16-Dec-2025,09-Jan-2026,74678.84,11201.83,85880.67,0.00
MDS-00968,DDS-2025-118,Meridian Downhole Services Ltd,NGP-BD-149,NG-Rig 35,Burqan Deep,HPHT,15-Dec-2025,18-Dec-2025,23-Dec-2025,196821.41,29523.21,226344.62,0.00
MDS-00969,DDS-2025-118,Meridian Downhole Services Ltd,NGP-WS-009,NG-Rig 11,Burqan Deep,Standard,15-Dec-2025,17-Dec-2025,08-Jan-2026,48049.58,7207.44,55257.02,0.00
MDS-00970,DDS-2025-118,Meridian Downhole Services Ltd,NGP-WS-114,NG-Rig 30,Burqan Deep,HPHT,15-Dec-2025,20-Dec-2025,15-Jan-2026,190227.66,28534.15,218761.81,0.00
MDS-00971,DDS-2025-118,Meridian Downhole Services Ltd,NGP-HA-202,NG-Rig 44,Harran,HPHT,16-Dec-2025,19-Dec-2025,06-Jan-2026,110343.75,16551.56,126895.31,0.00
MDS-00972,DDS-2025-118,Meridian Downhole Services Ltd,NGP-QA-026,NG-Rig 14,Qarn Alam North,Standard,16-Dec-2025,21-Dec-2025,01-Jan-2026,126750.89,19012.63,145763.52,0.00
MDS-00973,DDS-2025-118,Meridian Downhole Services Ltd,NGP-QA-042,NG-Rig 17,Harran,Standard,16-Dec-2025,16-Dec-2025,24-Dec-2025,42785.42,6417.81,49203.23,0.00
MDS-00974,DDS-2025-118,Meridian Downhole Services Ltd,NGP-QA-060,NG-Rig 21,Qarn Alam North,Extended Reach,16-Dec-2025,20-Dec-2025,12-Jan-2026,105436.92,15815.54,121252.46,0.00
MDS-00975,DDS-2025-118,Meridian Downhole Services Ltd,NGP-QA-096,NG-Rig 26,Harran,Extended Reach,16-Dec-2025,17-Dec-2025,22-Dec-2025,379636.93,56945.54,436582.47,0.00
MDS-00976,DDS-2025-118,Meridian Downhole Services Ltd,NGP-BD-219,NG-Rig 47,Burqan Deep,Standard,17-Dec-2025,19-Dec-2025,11-Jan-2026,83457.22,12518.58,95975.80,0.00
MDS-00977,DDS-2025-118,Meridian Downhole Services Ltd,NGP-QA-167,NG-Rig 38,Burqan Deep,Extended Reach,18-Dec-2025,23-Dec-2025,01-Jan-2026,193467.85,29020.18,222488.03,0.00
MDS-00978,DDS-2025-118,Meridian Downhole Services Ltd,NGP-WS-009,NG-Rig 11,Burqan Deep,Standard,18-Dec-2025,20-Dec-2025,05-Jan-2026,194222.98,29133.45,223356.43,0.00
MDS-00979,DDS-2025-118,Meridian Downhole Services Ltd,NGP-WS-079,NG-Rig 23,Harran,Standard,18-Dec-2025,21-Dec-2025,06-Jan-2026,98419.99,14763.00,113182.99,0.00
MDS-00980,DDS-2025-118,Meridian Downhole Services Ltd,NGP-WS-132,NG-Rig 32,Harran,HPHT,18-Dec-2025,21-Dec-2025,08-Jan-2026,85020.99,12753.15,97774.14,0.00
MDS-00981,DDS-2025-118,Meridian Downhole Services Ltd,NGP-WS-185,NG-Rig 41,Wadi Sahm,Extended Reach,18-Dec-2025,20-Dec-2025,07-Jan-2026,80640.37,12096.06,92736.43,0.00
MDS-00982,DDS-2025-118,Meridian Downhole Services Ltd,NGP-BD-149,NG-Rig 35,Burqan Deep,HPHT,19-Dec-2025,23-Dec-2025,08-Jan-2026,81109.21,12166.38,93275.59,0.00
MDS-00983,DDS-2025-118,Meridian Downhole Services Ltd,NGP-BD-219,NG-Rig 47,Burqan Deep,Standard,20-Dec-2025,23-Dec-2025,07-Jan-2026,105606.62,15840.99,121447.61,0.00
MDS-00984,DDS-2025-118,Meridian Downhole Services Ltd,NGP-HA-202,NG-Rig 44,Harran,HPHT,20-Dec-2025,25-Dec-2025,03-Jan-2026,174834.84,26225.23,201060.07,0.00
MDS-00985,DDS-2025-118,Meridian Downhole Services Ltd,NGP-WS-043,NG-Rig 17,Burqan Deep,Standard,20-Dec-2025,22-Dec-2025,06-Jan-2026,82290.76,12343.61,94634.37,0.00
MDS-00986,DDS-2025-118,Meridian Downhole Services Ltd,NGP-QA-060,NG-Rig 21,Qarn Alam North,Extended Reach,21-Dec-2025,25-Dec-2025,01-Jan-2026,110600.61,16590.09,127190.70,0.00
MDS-00987,DDS-2025-118,Meridian Downhole Services Ltd,NGP-WS-009,NG-Rig 11,Burqan Deep,Standard,21-Dec-2025,23-Dec-2025,03-Jan-2026,61374.07,9206.11,70580.18,0.00
MDS-00988,DSS-2025-118,Meridian Downhole Services Ltd,NGP-WS-185,NG-Rig 41,Wadi Sahm,Extended Reach,21-Dec-2025,26-Dec-2025,23-Jan-2026,94122.92,14118.44,108241.36,0.00
MDS-00989,DDS-2025-118,Meridian Downhole Services Ltd,NGP-QA-026,NG-Rig 14,Qarn Alam North,Standard,22-Dec-2025,26-Dec-2025,30-Dec-2025,79317.25,11897.59,91214.84,0.00
MDS-00990,DDS-2025-118,Meridian Downhole Services Ltd,NGP-WS-079,NG-Rig 23,Harran,Standard,22-Dec-2025,24-Dec-2025,09-Jan-2026,43157.28,6473.59,49630.87,0.00
MDS-00991,DDS-2025-118,Meridian Downhole Services Ltd,NGP-WS-132,NG-Rig 32,Harran,HPHT,22-Dec-2025,27-Dec-2025,17-Jan-2026,201969.01,30295.35,232264.36,0.00
MDS-00992,DDS-2025-118,Meridian Downhole Services Ltd,NGP-HA-097,NG-Rig 26,Harran,Extended Reach,23-Dec-2025,28-Dec-2025,11-Jan-2026,135667.75,20350.16,156017.91,0.00
MDS-00993,DDS-2025-118,Meridian Downhole Services Ltd,NGP-WS-043,NG-Rig 17,Burqan Deep,Standard,23-Dec-2025,27-Dec-2025,16-Jan-2026,70772.25,10615.84,81388.09,0.00
MDS-00994,DDS-2025-118,Meridian Downhole Services Ltd,NGP-BD-115,NG-Rig 30,Qarn Alam North,Standard,24-Dec-2025,26-Dec-2025,04-Jan-2026,80024.06,12003.61,92027.67,0.00
MDS-00995,DDS-2025-118,Meridian Downhole Services Ltd,NGP-BD-149,NG-Rig 35,Burqan Deep,HPHT,24-Dec-2025,25-Dec-2025,10-Jan-2026,59811.36,8971.70,68783.06,0.00
MDS-00996,DDS-2025-118,Meridian Downhole Services Ltd,NGP-BD-219,NG-Rig 47,Burqan Deep,Standard,24-Dec-2025,28-Dec-2025,27-Jan-2026,122246.04,18336.91,140582.95,0.00
MDS-00997,DDS-2025-118,Meridian Downhole Services Ltd,NGP-QA-167,NG-Rig 38,Burqan Deep,Extended Reach,24-Dec-2025,27-Dec-2025,20-Jan-2026,62533.16,9379.97,71913.13,0.00
MDS-00998,DDS-2025-118,Meridian Downhole Services Ltd,NGP-WS-009,NG-Rig 11,Burqan Deep,Standard,24-Dec-2025,29-Dec-2025,03-Jan-2026,111360.03,16704.00,128064.03,0.00
MDS-00999,DDS-2025-118,Meridian Downhole Services Ltd,NGP-WS-079,NG-Rig 23,Harran,Standard,25-Dec-2025,29-Dec-2025,09-Jan-2026,81763.40,12264.51,94027.91,0.00
MDS-01000,DDS-2025-118,Meridian Downhole Services Ltd,NGP-HA-202,NG-Rig 44,Harran,HPHT,26-Dec-2025,31-Dec-2025,30-Jan-2026,140061.78,21009.27,161071.05,0.00
MDS-01001,DDS-2025-118,Meridian Downhole Services Ltd,NGP-QA-060,NG-Rig 21,Qarn Alam North,Extended Reach,26-Dec-2025,31-Dec-2025,18-Jan-2026,484437.04,72665.56,557102.60,0.00
MDS-01002,DDS-2025-118,Meridian Downhole Services Ltd,NGP-BD-115,NG-Rig 30,Qarn Alam North,Standard,27-Dec-2025,30-Dec-2025,04-Jan-2026,62435.34,9365.30,71800.64,0.00
MDS-01003,DDS-2025-118,Meridian Downhole Services Ltd,NGP-QA-026,NG-Rig 14,Qarn Alam North,Standard,27-Dec-2025,01-Jan-2026,09-Jan-2026,202153.35,30323.00,232476.35,0.00
MDS-01004,DDS-2025-118,Meridian Downhole Services Ltd,NGP-WS-185,NG-Rig 41,Wadi Sahm,Extended Reach,27-Dec-2025,01-Jan-2026,25-Jan-2026,107850.39,16177.56,124027.95,0.00
MDS-01005,DDS-2025-118,Meridian Downhole Services Ltd,NGP-QA-150,NG-Rig 35,Burqan Deep,HPHT,28-Dec-2025,30-Dec-2025,03-Jan-2026,86194.24,12929.14,99123.38,0.00
MDS-01006,DDS-2025-118,Meridian Downhole Services Ltd,NGP-QA-167,NG-Rig 38,Burqan Deep,Extended Reach,28-Dec-2025,30-Dec-2025,16-Jan-2026,75354.90,11303.24,86658.14,0.00
MDS-01007,DDS-2025-118,Meridian Downhole Services Ltd,NGP-WS-043,NG-Rig 17,Burqan Deep,Standard,28-Dec-2025,30-Dec-2025,02-Jan-2026,49222.98,7383.45,56606.43,0.00
MDS-01008,DDS-2025-118,Meridian Downhole Services Ltd,NGP-WS-132,NG-Rig 32,Harran,HPHT,28-Dec-2025,02-Jan-2026,26-Jan-2026,172989.08,25948.36,198937.44,0.00
MDS-01009,DDS-2025-118,Meridian Downhole Services Ltd,NGP-BD-219,NG-Rig 47,Burqan Deep,Standard,29-Dec-2025,01-Jan-2026,19-Jan-2026,102202.69,15330.40,117533.09,0.00
MDS-01010,DDS-2025-118,Meridian Downhole Services Ltd,NGP-HA-097,NG-Rig 26,Harran,Extended Reach,29-Dec-2025,02-Jan-2026,06-Jan-2026,81568.63,12235.29,93803.92,0.00
MDS-01011,DDS-2025-118,Meridian Downhole Services Ltd,NGP-WS-009,NG-Rig 11,Burqan Deep,Standard,30-Dec-2025,01-Jan-2026,29-Jan-2026,89268.01,13390.20,102658.21,0.00
MDS-01012,DDS-2025-118,Meridian Downhole Services Ltd,NGP-WS-079,NG-Rig 23,Harran,Standard,30-Dec-2025,01-Jan-2026,29-Jan-2026,57686.48,8652.97,66339.45,0.00
MDS-01013,DDS-2025-118,Meridian Downhole Services Ltd,NGP-BD-115,NG-Rig 30,Qarn Alam North,Standard,31-Dec-2025,04-Jan-2026,18-Jan-2026,99238.00,14885.70,114123.70,0.00
MDS-01014,DDS-2025-118,Meridian Downhole Services Ltd,NGP-QA-150,NG-Rig 35,Burqan Deep,HPHT,31-Dec-2025,03-Jan-2026,31-Jan-2026,62090.94,9313.64,71404.58,0.00
MDS-01015,DDS-2025-118,Meridian Downhole Services Ltd,NGP-WS-043,NG-Rig 17,Burqan Deep,Standard,31-Dec-2025,05-Jan-2026,23-Jan-2026,252377.33,37856.60,290233.93,0.00
MDS-01016,DDS-2025-118,Meridian Downhole Services Ltd,NGP-HA-202,NG-Rig 44,Harran,HPHT,01-Jan-2026,06-Jan-2026,24-Jan-2026,94267.14,14140.07,108407.21,0.00
MDS-01017,DDS-2025-118,Meridian Downhole Services Ltd,NGP-QA-060,NG-Rig 21,Qarn Alam North,Extended Reach,01-Jan-2026,04-Jan-2026,07-Jan-2026,137864.11,20679.62,158543.73,0.00
MDS-01018,DDS-2025-118,Meridian Downhole Services Ltd,NGP-BD-219,NG-Rig 47,Burqan Deep,Standard,02-Jan-2026,04-Jan-2026,07-Jan-2026,95964.57,14394.69,110359.26,0.00
MDS-01019,DDS-2025-118,Meridian Downhole Services Ltd,NGP-QA-026,NG-Rig 14,Qarn Alam North,Standard,02-Jan-2026,05-Jan-2026,31-Jan-2026,133016.10,19952.42,152968.52,0.00
MDS-01020,DDS-2025-118,Meridian Downhole Services Ltd,NGP-QA-168,NG-Rig 38,Qarn Alam North,Extended Reach,02-Jan-2026,04-Jan-2026,11-Jan-2026,81580.33,12237.05,93817.38,0.00
MDS-01021,DDS-2025-118,Meridian Downhole Services Ltd,NGP-WS-009,NG-Rig 11,Burqan Deep,Standard,02-Jan-2026,06-Jan-2026,02-Feb-2026,121552.99,18232.95,139785.94,0.00
MDS-01022,DDS-2025-118,Meridian Downhole Services Ltd,NGP-WS-079,NG-Rig 23,Harran,Standard,02-Jan-2026,06-Jan-2026,18-Jan-2026,102712.10,15406.82,118118.92,0.00
MDS-01023,DDS-2025-118,Meridian Downhole Services Ltd,NGP-WS-185,NG-Rig 41,Wadi Sahm,Extended Reach,02-Jan-2026,07-Jan-2026,02-Feb-2026,129463.14,19419.47,148882.61,0.00
MDS-01024,DDS-2025-118,Meridian Downhole Services Ltd,NGP-HA-097,NG-Rig 26,Harran,Extended Reach,03-Jan-2026,05-Jan-2026,01-Feb-2026,109429.10,16414.36,125843.46,0.00
MDS-01025,DDS-2025-118,Meridian Downhole Services Ltd,NGP-WS-132,NG-Rig 32,Harran,HPHT,03-Jan-2026,07-Jan-2026,20-Jan-2026,82597.46,12389.62,94987.08,0.00
MDS-01026,DDS-2025-118,Meridian Downhole Services Ltd,NGP-QA-150,NG-Rig 35,Burqan Deep,HPHT,04-Jan-2026,07-Jan-2026,26-Jan-2026,72238.04,10835.71,83073.75,0.00
MDS-01027,DDS-2025-118,Meridian Downhole Services Ltd,NGP-BD-115,NG-Rig 30,Qarn Alam North,Standard,05-Jan-2026,07-Jan-2026,10-Jan-2026,98512.50,14776.88,113289.38,0.00
MDS-01028,DDS-2025-118,Meridian Downhole Services Ltd,NGP-QA-168,NG-Rig 38,Qarn Alam North,Extended Reach,05-Jan-2026,09-Jan-2026,07-Feb-2026,70798.65,10619.80,81418.45,0.00
MDS-01029,DDS-2025-118,Meridian Downhole Services Ltd,NGP-HA-097,NG-Rig 26,Harran,Extended Reach,06-Jan-2026,09-Jan-2026,05-Feb-2026,149229.45,22384.42,171613.87,0.00
MDS-01030,DDS-2025-118,Meridian Downhole Services Ltd,NGP-QA-026,NG-Rig 14,Qarn Alam North,Standard,06-Jan-2026,08-Jan-2026,19-Jan-2026,124968.26,18745.24,143713.50,0.00
MDS-01031,DDS-2025-118,Meridian Downhole Services Ltd,NGP-WS-043,NG-Rig 17,Burqan Deep,Standard,06-Jan-2026,10-Jan-2026,24-Jan-2026,211685.75,31752.86,243438.61,0.00
MDS-01032,DDS-2025-118,Meridian Downhole Services Ltd,NGP-BD-220,NG-Rig 47,Harran,Standard,07-Jan-2026,12-Jan-2026,18-Jan-2026,138889.31,20833.40,159722.71,0.00
MDS-01033,DDS-2025-118,Meridian Downhole Services Ltd,NGP-HA-202,NG-Rig 44,Harran,HPHT,07-Jan-2026,08-Jan-2026,11-Jan-2026,60204.04,9030.61,69234.65,0.00
MDS-01034,DDS-2025-118,Meridian Downhole Services Ltd,NGP-WS-009,NG-Rig 11,Burqan Deep,Standard,07-Jan-2026,09-Jan-2026,22-Jan-2026,73388.72,11008.31,84397.03,0.00
MDS-01035,DDS-2025-118,Meridian Downhole Services Ltd,NGP-WS-079,NG-Rig 23,Harran,Standard,07-Jan-2026,12-Jan-2026,10-Feb-2026,161073.85,24161.08,185234.93,0.00
MDS-01036,DDS-2025-118,Meridian Downhole Services Ltd,NGP-BD-115,NG-Rig 30,Qarn Alam North,Standard,08-Jan-2026,12-Jan-2026,31-Jan-2026,187894.85,28184.23,216079.08,0.00
MDS-01037,DDS-2025-118,Meridian Downhole Services Ltd,NGP-QA-150,NG-Rig 35,Burqan Deep,HPHT,08-Jan-2026,10-Jan-2026,25-Jan-2026,65539.25,9830.89,75370.14,0.00
MDS-01038,DDS-2025-118,Meridian Downhole Services Ltd,NGP-WS-061,NG-Rig 21,Wadi Sahm,Standard,08-Jan-2026,13-Jan-2026,06-Feb-2026,138624.76,20793.71,159418.47,0.00
MDS-01039,DDS-2025-118,Meridian Downhole Services Ltd,NGP-WS-132,NG-Rig 32,Harran,HPHT,08-Jan-2026,11-Jan-2026,14-Jan-2026,93270.15,13990.52,107260.67,0.00
MDS-01040,DDS-2025-118,Meridian Downhole Services Ltd,NGP-WS-185,NG-Rig 41,Wadi Sahm,Extended Reach,08-Jan-2026,10-Jan-2026,30-Jan-2026,65945.65,9891.85,75837.50,0.00
MDS-01041,DDS-2025-118,Meridian Downhole Services Ltd,NGP-QA-026,NG-Rig 14,Qarn Alam North,Standard,09-Jan-2026,14-Jan-2026,07-Feb-2026,214965.82,32244.87,247210.69,0.00
MDS-01042,DDS-2025-118,Meridian Downhole Services Ltd,NGP-HA-097,NG-Rig 26,Harran,Extended Reach,10-Jan-2026,12-Jan-2026,21-Jan-2026,94797.36,14219.60,109016.96,0.00
MDS-01043,DDS-2025-118,Meridian Downhole Services Ltd,NGP-QA-168,NG-Rig 38,Qarn Alam North,Extended Reach,10-Jan-2026,12-Jan-2026,23-Jan-2026,55598.66,8339.80,63938.46,0.00
MDS-01044,DDS-2025-118,Meridian Downhole Services Ltd,NGP-WS-009,NG-Rig 11,Burqan Deep,Standard,10-Jan-2026,11-Jan-2026,29-Jan-2026,85314.02,12797.10,98111.12,0.00
MDS-01045,DDS-2025-118,Meridian Downhole Services Ltd,NGP-QA-150,NG-Rig 35,Burqan Deep,HPHT,11-Jan-2026,13-Jan-2026,23-Jan-2026,67651.29,10147.69,77798.98,0.00
MDS-01046,DDS-2025-118,Meridian Downhole Services Ltd,NGP-WS-043,NG-Rig 17,Burqan Deep,Standard,11-Jan-2026,16-Jan-2026,08-Feb-2026,250525.97,37578.90,288104.87,0.00
MDS-01047,DDS-2025-118,Meridian Downhole Services Ltd,NGP-WS-185,NG-Rig 41,Wadi Sahm,Extended Reach,11-Jan-2026,13-Jan-2026,05-Feb-2026,118759.72,17813.96,136573.68,0.00
MDS-01048,DDS-2025-118,Meridian Downhole Services Ltd,NGP-BD-115,NG-Rig 30,Qarn Alam North,Standard,13-Jan-2026,16-Jan-2026,15-Feb-2026,127244.85,19086.73,146331.58,0.00
MDS-01049,DDS-2025-118,Meridian Downhole Services Ltd,NGP-BD-220,NG-Rig 47,Harran,Standard,13-Jan-2026,17-Jan-2026,25-Jan-2026,274592.55,41188.88,315781.43,0.00
MDS-01050,DDS-2025-118,Meridian Downhole Services Ltd,NGP-HA-097,NG-Rig 26,Harran,Extended Reach,13-Jan-2026,17-Jan-2026,20-Jan-2026,685783.34,102867.50,788650.84,0.00
MDS-01051,DDS-2025-118,Meridian Downhole Services Ltd,NGP-QA-010,NG-Rig 11,Wadi Sahm,Standard,13-Jan-2026,18-Jan-2026,15-Feb-2026,136178.61,20426.79,156605.40,0.00
MDS-01052,DDS-2025-118,Meridian Downhole Services Ltd,NGP-QA-168,NG-Rig 38,Qarn Alam North,Extended Reach,13-Jan-2026,18-Jan-2026,21-Jan-2026,121785.05,18267.76,140052.81,0.00
MDS-01053,DDS-2025-118,Meridian Downhole Services Ltd,NGP-WS-079,NG-Rig 23,Harran,Standard,13-Jan-2026,18-Jan-2026,17-Feb-2026,140399.02,21059.85,161458.87,0.00
MDS-01054,DDS-2025-118,Meridian Downhole Services Ltd,NGP-HA-203,NG-Rig 44,Burqan Deep,Extended Reach,14-Jan-2026,18-Jan-2026,07-Feb-2026,114224.65,17133.70,131358.35,0.00
MDS-01055,DDS-2025-118,Meridian Downhole Services Ltd,NGP-QA-150,NG-Rig 35,Burqan Deep,HPHT,14-Jan-2026,19-Jan-2026,30-Jan-2026,172796.19,25919.43,198715.62,0.00
MDS-01056,DDS-2025-118,Meridian Downhole Services Ltd,NGP-WS-061,NG-Rig 21,Wadi Sahm,Standard,14-Jan-2026,16-Jan-2026,12-Feb-2026,44062.20,6609.33,50671.53,0.00
MDS-01057,DDS-2025-118,Meridian Downhole Services Ltd,NGP-WS-185,NG-Rig 41,Wadi Sahm,Extended Reach,14-Jan-2026,16-Jan-2026,22-Jan-2026,67948.91,10192.34,78141.25,0.00
MDS-01058,DDS-2025-118,Meridian Downhole Services Ltd,NGP-QA-026,NG-Rig 14,Qarn Alam North,Standard,15-Jan-2026,16-Jan-2026,29-Jan-2026,75444.90,11316.74,86761.64,0.00
MDS-01059,DDS-2025-118,Meridian Downhole Services Ltd,NGP-QA-133,NG-Rig 32,Wadi Sahm,Standard,16-Jan-2026,18-Jan-2026,01-Feb-2026,80150.21,12022.53,92172.74,0.00
MDS-01060,DDS-2025-118,Meridian Downhole Services Ltd,NGP-BD-115,NG-Rig 30,Qarn Alam North,Standard,17-Jan-2026,20-Jan-2026,29-Jan-2026,150797.59,22619.64,173417.23,0.00
MDS-01061,DDS-2025-118,Meridian Downhole Services Ltd,NGP-WS-043,NG-Rig 17,Burqan Deep,Standard,17-Jan-2026,22-Jan-2026,19-Feb-2026,210141.18,31521.18,241662.36,0.00
MDS-01062,DDS-2025-118,Meridian Downhole Services Ltd,NGP-WS-061,NG-Rig 21,Wadi Sahm,Standard,17-Jan-2026,21-Jan-2026,06-Feb-2026,94646.05,14196.91,108842.96,0.00
MDS-01063,DDS-2025-118,Meridian Downhole Services Ltd,NGP-WS-185,NG-Rig 41,Wadi Sahm,Extended Reach,17-Jan-2026,19-Jan-2026,05-Feb-2026,93496.73,14024.51,107521.24,0.00
MDS-01064,DDS-2025-118,Meridian Downhole Services Ltd,NGP-BD-220,NG-Rig 47,Harran,Standard,18-Jan-2026,21-Jan-2026,25-Jan-2026,168137.40,25220.61,193358.01,0.00
MDS-01065,DDS-2025-118,Meridian Downhole Services Ltd,NGP-HA-097,NG-Rig 26,Harran,Extended Reach,18-Jan-2026,23-Jan-2026,09-Feb-2026,184765.55,27714.83,212480.38,0.00
MDS-01066,DDS-2025-118,Meridian Downhole Services Ltd,NGP-HA-203,NG-Rig 44,Burqan Deep,Extended Reach,19-Jan-2026,22-Jan-2026,17-Feb-2026,63163.19,9474.48,72637.67,0.00
MDS-01067,DDS-2025-118,Meridian Downhole Services Ltd,NGP-QA-010,NG-Rig 11,Wadi Sahm,Standard,19-Jan-2026,21-Jan-2026,09-Feb-2026,48954.50,7343.18,56297.68,0.00
MDS-01068,DDS-2025-118,Meridian Downhole Services Ltd,NGP-QA-133,NG-Rig 32,Wadi Sahm,Standard,19-Jan-2026,24-Jan-2026,11-Feb-2026,88124.40,13218.66,101343.06,0.00
MDS-01069,DDS-2025-118,Meridian Downhole Services Ltd,NGP-QA-168,NG-Rig 38,Qarn Alam North,Extended Reach,19-Jan-2026,23-Jan-2026,08-Feb-2026,112100.11,16815.02,128915.13,0.00
MDS-01070,DDS-2025-118,Meridian Downhole Services Ltd,NGP-WS-079,NG-Rig 23,Harran,Standard,19-Jan-2026,22-Jan-2026,04-Feb-2026,80718.36,12107.75,92826.11,0.00
MDS-01071,DDS-2025-118,Meridian Downhole Services Ltd,NGP-BD-027,NG-Rig 14,Qarn Alam North,HPHT,20-Jan-2026,22-Jan-2026,04-Feb-2026,85479.05,12821.86,98300.91,0.00
MDS-01072,DDS-2025-118,Meridian Downhole Services Ltd,NGP-QA-150,NG-Rig 35,Burqan Deep,HPHT,20-Jan-2026,25-Jan-2026,18-Feb-2026,177409.68,26611.45,204021.13,0.00
MDS-01073,DDS-2025-118,Meridian Downhole Services Ltd,NGP-WS-185,NG-Rig 41,Wadi Sahm,Extended Reach,20-Jan-2026,23-Jan-2026,19-Feb-2026,87932.01,13189.80,101121.81,0.00
MDS-01074,DDS-2025-118,Meridian Downhole Services Ltd,NGP-BD-115,NG-Rig 30,Qarn Alam North,Standard,21-Jan-2026,25-Jan-2026,13-Feb-2026,204916.89,30737.53,235654.42,0.00
MDS-01075,DDS-2025-118,Meridian Downhole Services Ltd,NGP-BD-220,NG-Rig 47,Harran,Standard,22-Jan-2026,25-Jan-2026,07-Feb-2026,150471.04,22570.66,173041.70,0.00
MDS-01076,DDS-2025-118,Meridian Downhole Services Ltd,NGP-QA-010,NG-Rig 11,Wadi Sahm,Standard,22-Jan-2026,25-Jan-2026,05-Feb-2026,82206.10,12330.92,94537.02,0.00
MDS-01077,DDS-2025-118,Meridian Downhole Services Ltd,NGP-WS-061,NG-Rig 21,Wadi Sahm,Standard,22-Jan-2026,24-Jan-2026,12-Feb-2026,57484.30,8622.64,66106.94,0.00
MDS-01078,DDS-2025-118,Meridian Downhole Services Ltd,NGP-BD-027,NG-Rig 14,Qarn Alam North,HPHT,23-Jan-2026,28-Jan-2026,14-Feb-2026,98497.46,14774.62,113272.08,0.00
MDS-01079,DDS-2025-118,Meridian Downhole Services Ltd,NGP-HA-203,NG-Rig 44,Burqan Deep,Extended Reach,23-Jan-2026,28-Jan-2026,15-Feb-2026,173835.99,26075.40,199911.39,0.00
MDS-01080,DDS-2025-118,Meridian Downhole Services Ltd,NGP-WS-043,NG-Rig 17,Burqan Deep,Standard,23-Jan-2026,25-Jan-2026,07-Feb-2026,108656.53,16298.48,124955.01,0.00
MDS-01081,DDS-2025-118,Meridian Downhole Services Ltd,NGP-WS-079,NG-Rig 23,Harran,Standard,23-Jan-2026,25-Jan-2026,16-Feb-2026,46299.72,6944.96,53244.68,0.00
MDS-01082,DDS-2025-118,Meridian Downhole Services Ltd,NGP-HA-097,NG-Rig 26,Harran,Extended Reach,24-Jan-2026,27-Jan-2026,05-Feb-2026,68333.89,10250.08,78583.97,0.00
MDS-01083,DDS-2025-118,Meridian Downhole Services Ltd,NGP-QA-168,NG-Rig 38,Qarn Alam North,Extended Reach,24-Jan-2026,29-Jan-2026,07-Feb-2026,168603.53,25290.53,193894.06,0.00
MDS-01084,DDS-2025-118,Meridian Downhole Services Ltd,NGP-WS-185,NG-Rig 41,Wadi Sahm,Extended Reach,24-Jan-2026,27-Jan-2026,30-Jan-2026,62855.73,9428.36,72284.09,0.00
MDS-01085,DDS-2025-118,Meridian Downhole Services Ltd,NGP-QA-133,NG-Rig 32,Wadi Sahm,Standard,25-Jan-2026,28-Jan-2026,10-Feb-2026,88734.90,13310.24,102045.14,0.00
MDS-01086,DDS-2025-118,Meridian Downhole Services Ltd,NGP-WS-061,NG-Rig 21,Wadi Sahm,Standard,25-Jan-2026,27-Jan-2026,06-Feb-2026,57601.09,8640.16,66241.25,0.00
MDS-01087,DDS-2025-118,Meridian Downhole Services Ltd,NGP-BD-115,NG-Rig 30,Qarn Alam North,Standard,26-Jan-2026,27-Jan-2026,20-Feb-2026,80386.97,12058.05,92445.02,0.00
MDS-01088,DDS-2025-118,Meridian Downhole Services Ltd,NGP-BD-220,NG-Rig 47,Harran,Standard,26-Jan-2026,28-Jan-2026,13-Feb-2026,137356.19,20603.43,157959.62,0.00
MDS-01089,DDS-2025-118,Meridian Downhole Services Ltd,NGP-QA-010,NG-Rig 11,Wadi Sahm,Standard,26-Jan-2026,29-Jan-2026,07-Feb-2026,1309585.42,196437.81,1506023.23,0.00
MDS-01090,DDS-2025-118,Meridian Downhole Services Ltd,NGP-QA-150,NG-Rig 35,Burqan Deep,HPHT,26-Jan-2026,29-Jan-2026,16-Feb-2026,112905.98,16935.90,129841.88,0.00
MDS-01091,DDS-2025-118,Meridian Downhole Services Ltd,NGP-WS-079,NG-Rig 23,Harran,Standard,26-Jan-2026,30-Jan-2026,22-Feb-2026,105376.47,15806.47,121182.94,0.00
MDS-01092,DDS-2025-118,Meridian Downhole Services Ltd,NGP-HA-097,NG-Rig 26,Harran,Extended Reach,28-Jan-2026,01-Feb-2026,08-Feb-2026,74186.63,11127.99,85314.62,0.00
MDS-01093,DDS-2025-118,Meridian Downhole Services Ltd,NGP-WS-061,NG-Rig 21,Wadi Sahm,Standard,28-Jan-2026,31-Jan-2026,22-Feb-2026,87397.25,13109.59,100506.84,0.00
MDS-01094,DDS-2025-118,Meridian Downhole Services Ltd,NGP-WS-185,NG-Rig 41,Wadi Sahm,Extended Reach,28-Jan-2026,02-Feb-2026,03-Mar-2026,123901.89,18585.28,142487.17,0.00
MDS-01095,DDS-2025-118,Meridian Downhole Services Ltd,NGP-BD-027,NG-Rig 14,Qarn Alam North,HPHT,29-Jan-2026,03-Feb-2026,27-Feb-2026,136076.60,20411.49,156488.09,0.00
MDS-01096,DDS-2025-118,Meridian Downhole Services Ltd,NGP-BD-220,NG-Rig 47,Harran,Standard,29-Jan-2026,01-Feb-2026,22-Feb-2026,163528.72,24529.31,188058.03,0.00
MDS-01097,DDS-2025-118,Meridian Downhole Services Ltd,NGP-HA-203,NG-Rig 44,Burqan Deep,Extended Reach,29-Jan-2026,31-Jan-2026,23-Feb-2026,92567.02,13885.05,106452.07,0.00
MDS-01098,DDS-2025-118,Meridian Downhole Services Ltd,NGP-QA-133,NG-Rig 32,Wadi Sahm,Standard,29-Jan-2026,01-Feb-2026,24-Feb-2026,113354.41,17003.16,130357.57,0.00
MDS-01099,DDS-2025-118,Meridian Downhole Services Ltd,NGP-QA-010,NG-Rig 11,Wadi Sahm,Standard,30-Jan-2026,02-Feb-2026,01-Mar-2026,130905.01,19635.75,150540.76,0.00
MDS-01100,DDS-2025-118,Meridian Downhole Services Ltd,NGP-QA-150,NG-Rig 35,Burqan Deep,HPHT,30-Jan-2026,03-Feb-2026,01-Mar-2026,83643.67,12546.55,96190.22,0.00
MDS-01101,DDS-2025-118,Meridian Downhole Services Ltd,NGP-QA-168,NG-Rig 38,Qarn Alam North,Extended Reach,30-Jan-2026,31-Jan-2026,11-Feb-2026,81655.48,12248.32,93903.80,0.00
MDS-01102,DDS-2025-118,Meridian Downhole Services Ltd,NGP-QA-116,NG-Rig 30,Burqan Deep,Extended Reach,31-Jan-2026,05-Feb-2026,05-Mar-2026,134852.11,20227.82,155079.93,0.00
MDS-01103,DDS-2025-118,Meridian Downhole Services Ltd,NGP-WS-044,NG-Rig 17,Harran,Standard,31-Jan-2026,04-Feb-2026,14-Feb-2026,112677.88,16901.68,129579.56,0.00
MDS-01104,DDS-2025-118,Meridian Downhole Services Ltd,NGP-HA-203,NG-Rig 44,Burqan Deep,Extended Reach,01-Feb-2026,06-Feb-2026,16-Feb-2026,191037.06,28655.56,219692.62,0.00
MDS-01105,DDS-2025-118,Meridian Downhole Services Ltd,NGP-WS-061,NG-Rig 21,Wadi Sahm,Standard,01-Feb-2026,04-Feb-2026,17-Feb-2026,114342.25,17151.34,131493.59,0.00
MDS-01106,DDS-2025-118,Meridian Downhole Services Ltd,NGP-BD-220,NG-Rig 47,Harran,Standard,02-Feb-2026,05-Feb-2026,14-Feb-2026,149557.37,22433.61,171990.98,0.00
MDS-01107,DDS-2025-118,Meridian Downhole Services Ltd,NGP-HA-097,NG-Rig 26,Harran,Extended Reach,02-Feb-2026,02-Feb-2026,08-Feb-2026,44873.08,6730.96,51604.04,0.00
MDS-01108,DDS-2025-118,Meridian Downhole Services Ltd,NGP-QA-133,NG-Rig 32,Wadi Sahm,Standard,02-Feb-2026,05-Feb-2026,25-Feb-2026,111665.34,16749.80,128415.14,0.00
MDS-01109,DDS-2025-118,Meridian Downhole Services Ltd,NGP-QA-010,NG-Rig 11,Wadi Sahm,Standard,03-Feb-2026,07-Feb-2026,02-Mar-2026,175680.96,26352.14,202033.10,0.00
MDS-01110,DDS-2025-118,Meridian Downhole Services Ltd,NGP-WS-169,NG-Rig 38,Burqan Deep,HPHT,03-Feb-2026,08-Feb-2026,12-Feb-2026,126843.09,19026.46,145869.55,0.00
MDS-01111,DDS-2025-118,Meridian Downhole Services Ltd,NGP-BD-027,NG-Rig 14,Qarn Alam North,HPHT,04-Feb-2026,06-Feb-2026,28-Feb-2026,58169.65,8725.45,66895.10,0.00
MDS-01112,DDS-2025-118,Meridian Downhole Services Ltd,NGP-QA-150,NG-Rig 35,Burqan Deep,HPHT,04-Feb-2026,08-Feb-2026,15-Feb-2026,109672.36,16450.85,126123.21,0.00
MDS-01113,DDS-2025-118,Meridian Downhole Services Ltd,NGP-WS-186,NG-Rig 41,Wadi Sahm,Extended Reach,04-Feb-2026,07-Feb-2026,25-Feb-2026,97662.45,14649.37,112311.82,0.00
MDS-01114,DDS-2025-118,Meridian Downhole Services Ltd,NGP-HA-080,NG-Rig 23,Burqan Deep,Standard,05-Feb-2026,09-Feb-2026,18-Feb-2026,114005.20,17100.78,131105.98,0.00
MDS-01115,DDS-2025-118,Meridian Downhole Services Ltd,NGP-WS-044,NG-Rig 17,Harran,Standard,05-Feb-2026,07-Feb-2026,26-Feb-2026,44127.57,6619.14,50746.71,0.00
MDS-01116,DDS-2025-118,Meridian Downhole Services Ltd,NGP-WS-061,NG-Rig 21,Wadi Sahm,Standard,05-Feb-2026,10-Feb-2026,17-Feb-2026,137789.83,20668.47,158458.30,0.00
MDS-01117,DDS-2025-118,Meridian Downhole Services Ltd,NGP-BD-220,NG-Rig 47,Harran,Standard,06-Feb-2026,11-Feb-2026,07-Mar-2026,214938.68,32240.80,247179.48,0.00
MDS-01118,DDS-2025-118,Meridian Downhole Services Ltd,NGP-QA-098,NG-Rig 26,Wadi Sahm,Standard,06-Feb-2026,10-Feb-2026,28-Feb-2026,111857.45,16778.62,128636.07,0.00
MDS-01119,DDS-2025-118,Meridian Downhole Services Ltd,NGP-QA-116,NG-Rig 30,Burqan Deep,Extended Reach,06-Feb-2026,10-Feb-2026,12-Mar-2026,101425.66,15213.85,116639.51,0.00
MDS-01120,DDS-2025-118,Meridian Downhole Services Ltd,NGP-QA-133,NG-Rig 32,Wadi Sahm,Standard,06-Feb-2026,08-Feb-2026,17-Feb-2026,82462.05,12369.31,94831.36,0.00
MDS-01121,DDS-2025-118,Meridian Downhole Services Ltd,NGP-BD-027,NG-Rig 14,Qarn Alam North,HPHT,07-Feb-2026,10-Feb-2026,15-Feb-2026,95052.29,14257.84,109310.13,0.00
MDS-01122,DDS-2025-118,Meridian Downhole Services Ltd,NGP-HA-203,NG-Rig 44,Burqan Deep,Extended Reach,07-Feb-2026,09-Feb-2026,24-Feb-2026,139276.91,20891.54,160168.45,0.00
MDS-01123,DDS-2025-118,Meridian Downhole Services Ltd,NGP-QA-010,NG-Rig 11,Wadi Sahm,Standard,08-Feb-2026,13-Feb-2026,13-Mar-2026,163598.09,24539.71,188137.80,0.00
MDS-01124,DDS-2025-118,Meridian Downhole Services Ltd,NGP-WS-044,NG-Rig 17,Harran,Standard,08-Feb-2026,12-Feb-2026,10-Mar-2026,83116.00,12467.40,95583.40,0.00
MDS-01125,DDS-2025-118,Meridian Downhole Services Ltd,NGP-WS-186,NG-Rig 41,Wadi Sahm,Extended Reach,08-Feb-2026,12-Feb-2026,24-Feb-2026,80913.30,12137.00,93050.30,0.00
MDS-01126,DDS-2025-118,Meridian Downhole Services Ltd,NGP-QA-133,NG-Rig 32,Wadi Sahm,Standard,09-Feb-2026,11-Feb-2026,16-Feb-2026,97553.07,14632.96,112186.03,0.00
MDS-01127,DDS-2025-118,Meridian Downhole Services Ltd,NGP-WS-169,NG-Rig 38,Burqan Deep,HPHT,09-Feb-2026,11-Feb-2026,13-Mar-2026,54223.95,8133.59,62357.54,0.00
MDS-01128,DDS-2025-118,Meridian Downhole Services Ltd,NGP-HA-080,NG-Rig 23,Burqan Deep,Standard,10-Feb-2026,14-Feb-2026,25-Feb-2026,73605.64,11040.85,84646.49,0.00
MDS-01129,DDS-2025-118,Meridian Downhole Services Ltd,NGP-HA-203,NG-Rig 44,Burqan Deep,Extended Reach,10-Feb-2026,10-Feb-2026,27-Feb-2026,52112.61,7816.89,59929.50,0.00
MDS-01130,DDS-2025-118,Meridian Downhole Services Ltd,NGP-BD-027,NG-Rig 14,Qarn Alam North,HPHT,11-Feb-2026,13-Feb-2026,14-Mar-2026,89391.98,13408.80,102800.78,0.00
MDS-01131,DDS-2025-118,Meridian Downhole Services Ltd,NGP-QA-098,NG-Rig 26,Wadi Sahm,Standard,11-Feb-2026,15-Feb-2026,06-Mar-2026,85617.15,12842.57,98459.72,0.00
MDS-01132,DDS-2025-118,Meridian Downhole Services Ltd,NGP-QA-116,NG-Rig 30,Burqan Deep,Extended Reach,11-Feb-2026,13-Feb-2026,05-Mar-2026,102368.17,15355.23,117723.40,0.00
MDS-01133,DDS-2025-118,Meridian Downhole Services Ltd,NGP-WS-061,NG-Rig 21,Wadi Sahm,Standard,11-Feb-2026,16-Feb-2026,09-Mar-2026,96897.70,14534.66,111432.36,0.00
MDS-01134,DDS-2025-118,Meridian Downhole Services Ltd,NGP-WS-151,NG-Rig 35,Harran,Standard,11-Feb-2026,15-Feb-2026,11-Mar-2026,109377.45,16406.62,125784.07,0.00
MDS-01135,DDS-2025-118,Meridian Downhole Services Ltd,NGP-BD-220,NG-Rig 47,Harran,Standard,12-Feb-2026,12-Feb-2026,23-Feb-2026,49937.04,7490.56,57427.60,0.00
MDS-01136,DDS-2025-118,Meridian Downhole Services Ltd,NGP-QA-133,NG-Rig 32,Wadi Sahm,Standard,12-Feb-2026,16-Feb-2026,01-Mar-2026,104273.14,15640.97,119914.11,0.00
MDS-01137,DDS-2025-118,Meridian Downhole Services Ltd,NGP-WS-169,NG-Rig 38,Burqan Deep,HPHT,12-Feb-2026,14-Feb-2026,14-Mar-2026,62750.10,9412.52,72162.62,0.00
MDS-01138,DDS-2025-118,Meridian Downhole Services Ltd,NGP-WS-204,NG-Rig 44,Burqan Deep,Extended Reach,12-Feb-2026,15-Feb-2026,16-Mar-2026,97927.00,14689.05,112616.05,0.00
MDS-01139,DDS-2025-118,Meridian Downhole Services Ltd,NGP-WS-044,NG-Rig 17,Harran,Standard,13-Feb-2026,18-Feb-2026,22-Feb-2026,1274238.03,191135.70,1465373.73,0.00
MDS-01140,DDS-2025-118,Meridian Downhole Services Ltd,NGP-WS-186,NG-Rig 41,Wadi Sahm,Extended Reach,13-Feb-2026,18-Feb-2026,10-Mar-2026,99164.66,14874.70,114039.36,0.00
MDS-01141,DDS-2025-118,Meridian Downhole Services Ltd,NGP-BD-027,NG-Rig 14,Qarn Alam North,HPHT,14-Feb-2026,16-Feb-2026,21-Feb-2026,121545.13,18231.77,139776.90,0.00
MDS-01142,DDS-2025-118,Meridian Downhole Services Ltd,NGP-QA-010,NG-Rig 11,Wadi Sahm,Standard,14-Feb-2026,18-Feb-2026,20-Mar-2026,76375.42,11456.31,87831.73,0.00
MDS-01143,DDS-2025-118,Meridian Downhole Services Ltd,NGP-QA-116,NG-Rig 30,Burqan Deep,Extended Reach,14-Feb-2026,17-Feb-2026,19-Mar-2026,142124.88,21318.73,163443.61,0.00
MDS-01144,DDS-2025-118,Meridian Downhole Services Ltd,NGP-HA-080,NG-Rig 23,Burqan Deep,Standard,15-Feb-2026,18-Feb-2026,06-Mar-2026,77584.98,11637.75,89222.73,0.00
MDS-01145,DDS-2025-118,Meridian Downhole Services Ltd,NGP-WS-169,NG-Rig 38,Burqan Deep,HPHT,15-Feb-2026,20-Feb-2026,10-Mar-2026,137034.33,20555.15,157589.48,0.00
MDS-01146,DDS-2025-118,Meridian Downhole Services Ltd,NGP-QA-098,NG-Rig 26,Wadi Sahm,Standard,16-Feb-2026,19-Feb-2026,04-Mar-2026,107064.62,16059.69,123124.31,0.00
MDS-01147,DDS-2025-118,Meridian Downhole Services Ltd,NGP-QA-221,NG-Rig 47,Harran,Standard,16-Feb-2026,19-Feb-2026,23-Feb-2026,85350.25,12802.54,98152.79,0.00
MDS-01148,DDS-2025-118,Meridian Downhole Services Ltd,NGP-WS-151,NG-Rig 35,Harran,Standard,16-Feb-2026,20-Feb-2026,20-Mar-2026,85826.70,12874.00,98700.70,0.00
MDS-01149,DDS-2025-118,Meridian Downhole Services Ltd,NGP-WS-204,NG-Rig 44,Burqan Deep,Extended Reach,16-Feb-2026,21-Feb-2026,15-Mar-2026,96117.50,14417.62,110535.12,0.00
MDS-01150,DDS-2025-118,Meridian Downhole Services Ltd,NGP-BD-027,NG-Rig 14,Qarn Alam North,HPHT,17-Feb-2026,20-Feb-2026,23-Feb-2026,125893.68,18884.05,144777.73,0.00
MDS-01151,DDS-2025-118,Meridian Downhole Services Ltd,NGP-QA-133,NG-Rig 32,Wadi Sahm,Standard,17-Feb-2026,21-Feb-2026,11-Mar-2026,106215.39,15932.31,122147.70,0.00
MDS-01152,DDS-2025-118,Meridian Downhole Services Ltd,NGP-WS-061,NG-Rig 21,Wadi Sahm,Standard,17-Feb-2026,19-Feb-2026,26-Feb-2026,74021.12,11103.17,85124.29,0.00
MDS-01153,DDS-2025-118,Meridian Downhole Services Ltd,NGP-QA-116,NG-Rig 30,Burqan Deep,Extended Reach,18-Feb-2026,20-Feb-2026,11-Mar-2026,109959.15,16493.87,126453.02,0.00
MDS-01154,DDS-2025-118,Meridian Downhole Services Ltd,NGP-HA-080,NG-Rig 23,Burqan Deep,Standard,19-Feb-2026,21-Feb-2026,22-Mar-2026,81940.08,12291.01,94231.09,0.00
MDS-01155,DDS-2025-118,Meridian Downhole Services Ltd,NGP-QA-010,NG-Rig 11,Wadi Sahm,Standard,19-Feb-2026,19-Feb-2026,14-Mar-2026,43961.37,6594.21,50555.58,0.00
MDS-01156,DDS-2025-118,Meridian Downhole Services Ltd,NGP-WS-044,NG-Rig 17,Harran,Standard,19-Feb-2026,24-Feb-2026,25-Mar-2026,151998.43,22799.76,174798.19,0.00
MDS-01157,DDS-2025-118,Meridian Downhole Services Ltd,NGP-WS-186,NG-Rig 41,Wadi Sahm,Extended Reach,19-Feb-2026,24-Feb-2026,09-Mar-2026,135818.65,20372.80,156191.45,0.00
MDS-01158,DDS-2025-118,Meridian Downhole Services Ltd,NGP-QA-098,NG-Rig 26,Wadi Sahm,Standard,20-Feb-2026,25-Feb-2026,22-Mar-2026,159632.54,23944.88,183577.42,0.00
MDS-01159,DDS-2025-118,Meridian Downhole Services Ltd,NGP-QA-221,NG-Rig 47,Harran,Standard,20-Feb-2026,24-Feb-2026,09-Mar-2026,85959.60,12893.94,98853.54,0.00
MDS-01160,DDS-2025-118,Meridian Downhole Services Ltd,NGP-BD-027,NG-Rig 14,Qarn Alam North,HPHT,21-Feb-2026,23-Feb-2026,23-Mar-2026,82333.22,12349.98,94683.20,0.00
MDS-01161,DDS-2025-118,Meridian Downhole Services Ltd,NGP-BD-062,NG-Rig 21,Qarn Alam North,Extended Reach,21-Feb-2026,23-Feb-2026,25-Mar-2026,81400.05,12210.01,93610.06,0.00
MDS-01162,DDS-2025-118,Meridian Downhole Services Ltd,NGP-QA-116,NG-Rig 30,Burqan Deep,Extended Reach,21-Feb-2026,23-Feb-2026,19-Mar-2026,110703.81,16605.57,127309.38,0.00
MDS-01163,DDS-2025-118,Meridian Downhole Services Ltd,NGP-WS-151,NG-Rig 35,Harran,Standard,21-Feb-2026,24-Feb-2026,05-Mar-2026,133189.64,19978.45,153168.09,0.00
MDS-01164,DDS-2025-118,Meridian Downhole Services Ltd,NGP-WS-169,NG-Rig 38,Burqan Deep,HPHT,21-Feb-2026,23-Feb-2026,19-Mar-2026,69309.18,10396.38,79705.56,0.00
MDS-01165,DDS-2025-118,Meridian Downhole Services Ltd,NGP-HA-080,NG-Rig 23,Burqan Deep,Standard,22-Feb-2026,26-Feb-2026,20-Mar-2026,108395.99,16259.40,124655.39,0.00
MDS-01166,DDS-2025-118,Meridian Downhole Services Ltd,NGP-WS-204,NG-Rig 44,Burqan Deep,Extended Reach,22-Feb-2026,25-Feb-2026,12-Mar-2026,120133.87,18020.08,138153.95,0.00
MDS-01167,DDS-2025-118,Meridian Downhole Services Ltd,NGP-BD-027,NG-Rig 14,Qarn Alam North,HPHT,24-Feb-2026,27-Feb-2026,10-Mar-2026,223531.96,33529.79,257061.75,0.00
MDS-01168,DDS-2025-118,Meridian Downhole Services Ltd,NGP-BD-062,NG-Rig 21,Qarn Alam North,Extended Reach,24-Feb-2026,28-Feb-2026,28-Mar-2026,83199.90,12479.98,95679.88,0.00
MDS-01169,DDS-2025-118,Meridian Downhole Services Ltd,NGP-QA-116,NG-Rig 30,Burqan Deep,Extended Reach,24-Feb-2026,27-Feb-2026,18-Mar-2026,179054.50,26858.18,205912.68,0.00
MDS-01170,DDS-2025-118,Meridian Downhole Services Ltd,NGP-WS-169,NG-Rig 38,Burqan Deep,HPHT,24-Feb-2026,01-Mar-2026,13-Mar-2026,161685.13,24252.77,185937.90,0.00
MDS-01171,DDS-2025-118,Meridian Downhole Services Ltd,NGP-BD-011,NG-Rig 11,Wadi Sahm,Standard,25-Feb-2026,27-Feb-2026,07-Mar-2026,76074.97,11411.25,87486.22,0.00
MDS-01172,DDS-2025-118,Meridian Downhole Services Ltd,NGP-QA-221,NG-Rig 47,Harran,Standard,25-Feb-2026,28-Feb-2026,16-Mar-2026,63729.06,9559.36,73288.42,0.00
MDS-01173,DDS-2025-118,Meridian Downhole Services Ltd,NGP-WS-044,NG-Rig 17,Harran,Standard,25-Feb-2026,01-Mar-2026,06-Mar-2026,127552.94,19132.94,146685.88,0.00
MDS-01174,DDS-2025-118,Meridian Downhole Services Ltd,NGP-WS-134,NG-Rig 32,Qarn Alam North,HPHT,25-Feb-2026,01-Mar-2026,12-Mar-2026,119828.55,17974.28,137802.83,0.00
MDS-01175,DDS-2025-118,Meridian Downhole Services Ltd,NGP-WS-151,NG-Rig 35,Harran,Standard,25-Feb-2026,27-Feb-2026,28-Mar-2026,99027.68,14854.15,113881.83,0.00
MDS-01176,DDS-2025-118,Meridian Downhole Services Ltd,NGP-WS-186,NG-Rig 41,Wadi Sahm,Extended Reach,25-Feb-2026,01-Mar-2026,10-Mar-2026,149320.77,22398.12,171718.89,0.00
MDS-01177,DDS-2025-118,Meridian Downhole Services Ltd,NGP-QA-098,NG-Rig 26,Wadi Sahm,Standard,26-Feb-2026,01-Mar-2026,28-Mar-2026,90768.51,13615.28,104383.79,0.00
MDS-01178,DDS-2025-118,Meridian Downhole Services Ltd,NGP-WS-204,NG-Rig 44,Burqan Deep,Extended Reach,26-Feb-2026,01-Mar-2026,06-Mar-2026,143565.32,21534.80,165100.12,0.00
MDS-01179,DDS-2025-118,Meridian Downhole Services Ltd,NGP-HA-080,NG-Rig 23,Burqan Deep,Standard,27-Feb-2026,04-Mar-2026,31-Mar-2026,156773.67,23516.05,180289.72,0.00
MDS-01180,DDS-2025-118,Meridian Downhole Services Ltd,NGP-BD-011,NG-Rig 11,Wadi Sahm,Standard,28-Feb-2026,02-Mar-2026,12-Mar-2026,50793.54,7619.03,58412.57,0.00
MDS-01181,DDS-2025-118,Meridian Downhole Services Ltd,NGP-BD-027,NG-Rig 14,Qarn Alam North,HPHT,28-Feb-2026,03-Mar-2026,08-Mar-2026,59916.65,8987.50,68904.15,0.00
MDS-01182,DDS-2025-118,Meridian Downhole Services Ltd,NGP-QA-116,NG-Rig 30,Burqan Deep,Extended Reach,28-Feb-2026,04-Mar-2026,26-Mar-2026,179458.13,26918.72,206376.85,0.00
MDS-01183,DDS-2025-118,Meridian Downhole Services Ltd,NGP-WS-151,NG-Rig 35,Harran,Standard,28-Feb-2026,02-Mar-2026,25-Mar-2026,78067.61,11710.14,89777.75,0.00
MDS-01184,DDS-2025-118,Meridian Downhole Services Ltd,NGP-BD-062,NG-Rig 21,Qarn Alam North,Extended Reach,01-Mar-2026,05-Mar-2026,04-Apr-2026,138131.08,20719.66,158850.74,0.00
MDS-01185,DDS-2025-118,Meridian Downhole Services Ltd,NGP-QA-221,NG-Rig 47,Harran,Standard,01-Mar-2026,04-Mar-2026,09-Mar-2026,80685.75,12102.86,92788.61,0.00
MDS-01186,DDS-2025-118,Meridian Downhole Services Ltd,NGP-QA-098,NG-Rig 26,Wadi Sahm,Standard,02-Mar-2026,04-Mar-2026,03-Apr-2026,68457.72,10268.66,78726.38,0.00
MDS-01187,DDS-2025-118,Meridian Downhole Services Ltd,NGP-WS-044,NG-Rig 17,Harran,Standard,02-Mar-2026,04-Mar-2026,29-Mar-2026,92088.83,13813.32,105902.15,0.00
MDS-01188,DDS-2025-118,Meridian Downhole Services Ltd,NGP-WS-134,NG-Rig 32,Qarn Alam North,HPHT,02-Mar-2026,04-Mar-2026,01-Apr-2026,41592.92,6238.94,47831.86,0.00
MDS-01189,DDS-2025-118,Meridian Downhole Services Ltd,NGP-WS-169,NG-Rig 38,Burqan Deep,HPHT,02-Mar-2026,05-Mar-2026,19-Mar-2026,110339.37,16550.91,126890.28,0.00
MDS-01190,DDS-2025-118,Meridian Downhole Services Ltd,NGP-WS-186,NG-Rig 41,Wadi Sahm,Extended Reach,02-Mar-2026,07-Mar-2026,26-Mar-2026,186679.18,28001.88,214681.06,0.00
MDS-01191,DDS-2025-118,Meridian Downhole Services Ltd,NGP-WS-204,NG-Rig 44,Burqan Deep,Extended Reach,02-Mar-2026,04-Mar-2026,03-Apr-2026,110092.88,16513.93,126606.81,0.00
MDS-01192,DDS-2025-118,Meridian Downhole Services Ltd,NGP-BD-011,NG-Rig 11,Wadi Sahm,Standard,03-Mar-2026,05-Mar-2026,13-Mar-2026,49075.85,7361.38,56437.23,0.00
MDS-01193,DDS-2025-118,Meridian Downhole Services Ltd,NGP-WS-151,NG-Rig 35,Harran,Standard,03-Mar-2026,06-Mar-2026,29-Mar-2026,163312.82,24496.92,187809.74,0.00
MDS-01194,DDS-2025-118,Meridian Downhole Services Ltd,NGP-BD-027,NG-Rig 14,Qarn Alam North,HPHT,04-Mar-2026,07-Mar-2026,18-Mar-2026,68876.94,10331.54,79208.48,0.00
MDS-01195,DDS-2025-118,Meridian Downhole Services Ltd,NGP-HA-080,NG-Rig 23,Burqan Deep,Standard,05-Mar-2026,10-Mar-2026,25-Mar-2026,178317.91,26747.69,205065.60,0.00
MDS-01196,DDS-2025-118,Meridian Downhole Services Ltd,NGP-QA-098,NG-Rig 26,Wadi Sahm,Standard,05-Mar-2026,08-Mar-2026,31-Mar-2026,117541.15,17631.17,135172.32,0.00
MDS-01197,DDS-2025-118,Meridian Downhole Services Ltd,NGP-QA-116,NG-Rig 30,Burqan Deep,Extended Reach,05-Mar-2026,08-Mar-2026,27-Mar-2026,134018.98,20102.85,154121.83,0.00
MDS-01198,DDS-2025-118,Meridian Downhole Services Ltd,NGP-QA-221,NG-Rig 47,Harran,Standard,05-Mar-2026,09-Mar-2026,15-Mar-2026,153528.83,23029.32,176558.15,0.00
MDS-01199,DDS-2025-118,Meridian Downhole Services Ltd,NGP-WS-044,NG-Rig 17,Harran,Standard,05-Mar-2026,09-Mar-2026,06-Apr-2026,86719.61,13007.94,99727.55,0.00
MDS-01200,DDS-2025-118,Meridian Downhole Services Ltd,NGP-WS-134,NG-Rig 32,Qarn Alam North,HPHT,05-Mar-2026,09-Mar-2026,30-Mar-2026,86772.75,13015.91,99788.66,0.00
MDS-01201,DDS-2025-118,Meridian Downhole Services Ltd,NGP-WS-204,NG-Rig 44,Burqan Deep,Extended Reach,05-Mar-2026,08-Mar-2026,15-Mar-2026,142578.93,21386.84,163965.77,0.00
MDS-01202,DDS-2025-118,Meridian Downhole Services Ltd,NGP-BD-011,NG-Rig 11,Wadi Sahm,Standard,06-Mar-2026,10-Mar-2026,24-Mar-2026,99806.68,14971.00,114777.68,0.00
MDS-01203,DDS-2025-118,Meridian Downhole Services Ltd,NGP-BD-062,NG-Rig 21,Qarn Alam North,Extended Reach,06-Mar-2026,08-Mar-2026,27-Mar-2026,82450.45,12367.57,94818.02,0.00
MDS-01204,DDS-2025-118,Meridian Downhole Services Ltd,NGP-WS-169,NG-Rig 38,Burqan Deep,HPHT,06-Mar-2026,09-Mar-2026,13-Mar-2026,127349.78,19102.47,146452.25,0.00
MDS-01205,DDS-2025-118,Meridian Downhole Services Ltd,NGP-WS-151,NG-Rig 35,Harran,Standard,07-Mar-2026,12-Mar-2026,26-Mar-2026,238569.88,35785.48,274355.36,0.00
MDS-01206,DDS-2025-118,Meridian Downhole Services Ltd,NGP-BD-027,NG-Rig 14,Qarn Alam North,HPHT,08-Mar-2026,10-Mar-2026,29-Mar-2026,78428.92,11764.34,90193.26,0.00
MDS-01207,DDS-2025-118,Meridian Downhole Services Ltd,NGP-WS-186,NG-Rig 41,Wadi Sahm,Extended Reach,08-Mar-2026,10-Mar-2026,27-Mar-2026,81036.99,12155.55,93192.54,0.00
MDS-01208,DDS-2025-118,Meridian Downhole Services Ltd,NGP-BD-062,NG-Rig 21,Qarn Alam North,Extended Reach,09-Mar-2026,12-Mar-2026,06-Apr-2026,145544.17,21831.63,167375.80,0.00
MDS-01209,DDS-2025-118,Meridian Downhole Services Ltd,NGP-QA-116,NG-Rig 30,Burqan Deep,Extended Reach,09-Mar-2026,11-Mar-2026,15-Mar-2026,121533.80,18230.07,139763.87,0.00
MDS-01210,DDS-2025-118,Meridian Downhole Services Ltd,NGP-WS-204,NG-Rig 44,Burqan Deep,Extended Reach,09-Mar-2026,11-Mar-2026,06-Apr-2026,118531.12,17779.67,136310.79,0.00
MDS-01211,DDS-2025-118,Meridian Downhole Services Ltd,NGP-QA-221,NG-Rig 47,Harran,Standard,10-Mar-2026,15-Mar-2026,20-Mar-2026,207554.61,31133.19,238687.80,0.00
MDS-01212,DDS-2025-118,Meridian Downhole Services Ltd,NGP-WS-044,NG-Rig 17,Harran,Standard,10-Mar-2026,13-Mar-2026,27-Mar-2026,94055.20,14108.28,108163.48,0.00
MDS-01213,DDS-2025-118,Meridian Downhole Services Ltd,NGP-WS-134,NG-Rig 32,Qarn Alam North,HPHT,10-Mar-2026,15-Mar-2026,11-Apr-2026,257158.96,38573.84,295732.80,0.00
MDS-01214,DDS-2025-118,Meridian Downhole Services Ltd,NGP-WS-169,NG-Rig 38,Burqan Deep,HPHT,10-Mar-2026,11-Mar-2026,31-Mar-2026,76484.02,11472.60,87956.62,0.00
MDS-01215,DDS-2025-118,Meridian Downhole Services Ltd,NGP-BD-011,NG-Rig 11,Wadi Sahm,Standard,11-Mar-2026,16-Mar-2026,13-Apr-2026,119967.86,17995.18,137963.04,0.00
MDS-01216,DDS-2025-118,Meridian Downhole Services Ltd,NGP-HA-080,NG-Rig 23,Burqan Deep,Standard,11-Mar-2026,15-Mar-2026,04-Apr-2026,106105.36,15915.80,122021.16,0.00
MDS-01217,DDS-2025-118,Meridian Downhole Services Ltd,NGP-WS-186,NG-Rig 41,Wadi Sahm,Extended Reach,11-Mar-2026,14-Mar-2026,01-Apr-2026,79302.54,11895.38,91197.92,0.00
MDS-01218,DDS-2025-118,Meridian Downhole Services Ltd,NGP-BD-099,NG-Rig 26,Burqan Deep,Standard,12-Mar-2026,17-Mar-2026,05-Apr-2026,126916.14,19037.42,145953.56,0.00
MDS-01219,DDS-2025-118,Meridian Downhole Services Ltd,NGP-WS-204,NG-Rig 44,Burqan Deep,Extended Reach,12-Mar-2026,14-Mar-2026,30-Mar-2026,118695.82,17804.37,136500.19,0.00
MDS-01220,DDS-2025-118,Meridian Downhole Services Ltd,NGP-BD-062,NG-Rig 21,Qarn Alam North,Extended Reach,13-Mar-2026,17-Mar-2026,30-Mar-2026,177509.64,26626.45,204136.09,0.00
MDS-01221,DDS-2025-118,Meridian Downhole Services Ltd,NGP-QA-117,NG-Rig 30,Harran,Standard,13-Mar-2026,17-Mar-2026,04-Apr-2026,110320.62,16548.09,126868.71,0.00
MDS-01222,DDS-2025-118,Meridian Downhole Services Ltd,NGP-WS-151,NG-Rig 35,Harran,Standard,13-Mar-2026,17-Mar-2026,09-Apr-2026,182311.84,27346.78,209658.62,0.00
MDS-01223,DDS-2025-118,Meridian Downhole Services Ltd,NGP-HA-028,NG-Rig 14,Qarn Alam North,Extended Reach,14-Mar-2026,18-Mar-2026,11-Apr-2026,118333.47,17750.02,136083.49,0.00
MDS-01224,DDS-2025-118,Meridian Downhole Services Ltd,NGP-BD-170,NG-Rig 38,Burqan Deep,Standard,15-Mar-2026,18-Mar-2026,10-Apr-2026,94749.74,14212.46,108962.20,0.00
MDS-01225,DDS-2025-118,Meridian Downhole Services Ltd,NGP-WS-186,NG-Rig 41,Wadi Sahm,Extended Reach,15-Mar-2026,17-Mar-2026,30-Mar-2026,47738.61,7160.79,54899.40,0.00
MDS-01226,DDS-2025-118,Meridian Downhole Services Ltd,NGP-WS-204,NG-Rig 44,Burqan Deep,Extended Reach,15-Mar-2026,19-Mar-2026,02-Apr-2026,140118.05,21017.71,161135.76,0.00
MDS-01227,DDS-2025-118,Meridian Downhole Services Ltd,NGP-HA-080,NG-Rig 23,Burqan Deep,Standard,16-Mar-2026,19-Mar-2026,31-Mar-2026,62448.02,9367.20,71815.22,0.00
MDS-01228,DDS-2025-118,Meridian Downhole Services Ltd,NGP-QA-221,NG-Rig 47,Harran,Standard,16-Mar-2026,20-Mar-2026,31-Mar-2026,182368.00,27355.20,209723.20,0.00
MDS-01229,DDS-2025-118,Meridian Downhole Services Ltd,NGP-WS-134,NG-Rig 32,Qarn Alam North,HPHT,16-Mar-2026,18-Mar-2026,04-Apr-2026,122279.19,18341.88,140621.07,0.00
MDS-01230,DDS-2025-118,Meridian Downhole Services Ltd,NGP-BD-011,NG-Rig 11,Wadi Sahm,Standard,17-Mar-2026,20-Mar-2026,27-Mar-2026,99354.97,14903.25,114258.22,0.00
MDS-01231,DDS-2025-118,Meridian Downhole Services Ltd,NGP-BD-062,NG-Rig 21,Qarn Alam North,Extended Reach,18-Mar-2026,22-Mar-2026,09-Apr-2026,233220.23,34983.03,268203.26,0.00
MDS-01232,DDS-2025-118,Meridian Downhole Services Ltd,NGP-BD-099,NG-Rig 26,Burqan Deep,Standard,18-Mar-2026,23-Mar-2026,21-Apr-2026,110535.21,16580.28,127115.49,0.00
MDS-01233,DDS-2025-118,Meridian Downhole Services Ltd,NGP-QA-045,NG-Rig 17,Burqan Deep,Extended Reach,18-Mar-2026,23-Mar-2026,09-Apr-2026,132305.70,19845.86,152151.56,0.00
MDS-01234,DDS-2025-118,Meridian Downhole Services Ltd,NGP-QA-117,NG-Rig 30,Harran,Standard,18-Mar-2026,20-Mar-2026,16-Apr-2026,39340.63,5901.09,45241.72,0.00
MDS-01235,DDS-2025-118,Meridian Downhole Services Ltd,NGP-WS-186,NG-Rig 41,Wadi Sahm,Extended Reach,18-Mar-2026,23-Mar-2026,10-Apr-2026,82092.10,12313.82,94405.92,0.00
MDS-01236,DDS-2025-118,Meridian Downhole Services Ltd,NGP-BD-170,NG-Rig 38,Burqan Deep,Standard,19-Mar-2026,22-Mar-2026,28-Mar-2026,63803.70,9570.56,73374.26,0.00
MDS-01237,DDS-2025-118,Meridian Downhole Services Ltd,NGP-HA-028,NG-Rig 14,Qarn Alam North,Extended Reach,19-Mar-2026,22-Mar-2026,12-Apr-2026,73132.99,10969.95,84102.94,0.00
MDS-01238,DDS-2025-118,Meridian Downhole Services Ltd,NGP-WS-134,NG-Rig 32,Qarn Alam North,HPHT,19-Mar-2026,23-Mar-2026,29-Mar-2026,219138.31,32870.75,252009.06,0.00
MDS-01239,DDS-2025-118,Meridian Downhole Services Ltd,NGP-HA-080,NG-Rig 23,Burqan Deep,Standard,20-Mar-2026,22-Mar-2026,12-Apr-2026,74120.38,11118.06,85238.44,0.00
MDS-01240,DDS-2025-118,Meridian Downhole Services Ltd,NGP-WS-204,NG-Rig 44,Burqan Deep,Extended Reach,20-Mar-2026,24-Mar-2026,14-Apr-2026,84436.36,12665.45,97101.81,0.00
MDS-01241,DDS-2025-118,Meridian Downhole Services Ltd,NGP-BD-011,NG-Rig 11,Wadi Sahm,Standard,21-Mar-2026,25-Mar-2026,16-Apr-2026,140147.87,21022.18,161170.05,0.00
MDS-01242,DDS-2025-118,Meridian Downhole Services Ltd,NGP-QA-117,NG-Rig 30,Harran,Standard,21-Mar-2026,23-Mar-2026,15-Apr-2026,51522.00,7728.30,59250.30,0.00
MDS-01243,DDS-2025-118,Meridian Downhole Services Ltd,NGP-QA-221,NG-Rig 47,Harran,Standard,21-Mar-2026,24-Mar-2026,05-Apr-2026,87745.14,13161.77,100906.91,0.00
MDS-01244,DDS-2025-118,Meridian Downhole Services Ltd,NGP-BD-062,NG-Rig 21,Qarn Alam North,Extended Reach,23-Mar-2026,24-Mar-2026,31-Mar-2026,96730.03,14509.50,111239.53,0.00
MDS-01245,DDS-2025-118,Meridian Downhole Services Ltd,NGP-BD-152,NG-Rig 35,Wadi Sahm,Standard,23-Mar-2026,27-Mar-2026,20-Apr-2026,120055.84,18008.38,138064.22,0.00
MDS-01246,DDS-2025-118,Meridian Downhole Services Ltd,NGP-BD-170,NG-Rig 38,Burqan Deep,Standard,23-Mar-2026,25-Mar-2026,20-Apr-2026,34497.71,5174.66,39672.37,0.00
MDS-01247,DDS-2025-118,Meridian Downhole Services Ltd,NGP-HA-028,NG-Rig 14,Qarn Alam North,Extended Reach,23-Mar-2026,25-Mar-2026,28-Mar-2026,56526.92,8479.04,65005.96,0.00
MDS-01248,DDS-2025-118,Meridian Downhole Services Ltd,NGP-BD-099,NG-Rig 26,Burqan Deep,Standard,24-Mar-2026,28-Mar-2026,24-Apr-2026,142228.90,21334.34,163563.24,0.00
MDS-01249,DDS-2025-118,Meridian Downhole Services Ltd,NGP-QA-045,NG-Rig 17,Burqan Deep,Extended Reach,24-Mar-2026,26-Mar-2026,09-Apr-2026,48122.83,7218.42,55341.25,0.00
MDS-01250,DDS-2025-118,Meridian Downhole Services Ltd,NGP-QA-117,NG-Rig 30,Harran,Standard,24-Mar-2026,29-Mar-2026,19-Apr-2026,121056.44,18158.47,139214.91,0.00
MDS-01251,DDS-2025-118,Meridian Downhole Services Ltd,NGP-WS-134,NG-Rig 32,Qarn Alam North,HPHT,24-Mar-2026,28-Mar-2026,03-Apr-2026,297582.86,44637.43,342220.29,0.00
MDS-01252,DDS-2025-118,Meridian Downhole Services Ltd,NGP-WS-186,NG-Rig 41,Wadi Sahm,Extended Reach,24-Mar-2026,25-Mar-2026,15-Apr-2026,60709.67,9106.45,69816.12,0.00
MDS-01253,DDS-2025-118,Meridian Downhole Services Ltd,NGP-QA-221,NG-Rig 47,Harran,Standard,25-Mar-2026,29-Mar-2026,23-Apr-2026,81154.88,12173.23,93328.11,0.00
MDS-01254,DDS-2025-118,Meridian Downhole Services Ltd,NGP-WS-204,NG-Rig 44,Burqan Deep,Extended Reach,25-Mar-2026,26-Mar-2026,31-Mar-2026,60348.95,9052.34,69401.29,0.00
MDS-01255,DDS-2025-118,Meridian Downhole Services Ltd,NGP-BD-011,NG-Rig 11,Wadi Sahm,Standard,26-Mar-2026,30-Mar-2026,19-Apr-2026,146286.45,21942.97,168229.42,0.00
MDS-01256,DDS-2025-118,Meridian Downhole Services Ltd,NGP-BD-170,NG-Rig 38,Burqan Deep,Standard,26-Mar-2026,30-Mar-2026,02-Apr-2026,92616.41,13892.46,106508.87,0.00
MDS-01257,DDS-2025-118,Meridian Downhole Services Ltd,NGP-HA-028,NG-Rig 14,Qarn Alam North,Extended Reach,26-Mar-2026,31-Mar-2026,05-Apr-2026,128306.34,19245.95,147552.29,0.00
MDS-01258,DDS-2025-118,Meridian Downhole Services Ltd,NGP-WS-081,NG-Rig 23,Qarn Alam North,Standard,26-Mar-2026,28-Mar-2026,26-Mar-2026,82468.04,12370.21,94838.25,0.00
MDS-01259,DDS-2025-118,Meridian Downhole Services Ltd,NGP-QA-045,NG-Rig 17,Burqan Deep,Extended Reach,27-Mar-2026,29-Mar-2026,01-Apr-2026,202809.21,30421.38,233230.59,0.00
MDS-01260,DDS-2025-118,Meridian Downhole Services Ltd,NGP-WS-187,NG-Rig 41,Qarn Alam North,HPHT,27-Mar-2026,01-Apr-2026,17-Apr-2026,130433.82,19565.07,149998.89,0.00
MDS-01261,DDS-2025-118,Meridian Downhole Services Ltd,NGP-BD-152,NG-Rig 35,Wadi Sahm,Standard,28-Mar-2026,01-Apr-2026,04-Apr-2026,98685.78,14802.87,113488.65,0.00
MDS-01262,DDS-2025-118,Meridian Downhole Services Ltd,NGP-HA-063,NG-Rig 21,Qarn Alam North,Standard,28-Mar-2026,31-Mar-2026,25-Apr-2026,99906.59,14985.99,114892.58,0.00
MDS-01263,DDS-2025-118,Meridian Downhole Services Ltd,NGP-BD-099,NG-Rig 26,Burqan Deep,Standard,29-Mar-2026,02-Apr-2026,01-May-2026,102140.04,15321.01,117461.05,0.00
MDS-01264,DDS-2025-118,Meridian Downhole Services Ltd,NGP-WS-081,NG-Rig 23,Qarn Alam North,Standard,29-Mar-2026,02-Apr-2026,18-Apr-2026,68266.19,10239.93,78506.12,0.00
MDS-01265,DDS-2025-118,Meridian Downhole Services Ltd,NGP-WS-134,NG-Rig 32,Qarn Alam North,HPHT,29-Mar-2026,30-Mar-2026,13-Apr-2026,94593.76,14189.06,108782.82,0.00
MDS-01266,DDS-2025-118,Meridian Downhole Services Ltd,NGP-QA-045,NG-Rig 17,Burqan Deep,Extended Reach,30-Mar-2026,04-Apr-2026,17-Apr-2026,173421.80,26013.27,199435.07,0.00
MDS-01267,DDS-2025-118,Meridian Downhole Services Ltd,NGP-QA-117,NG-Rig 30,Harran,Standard,30-Mar-2026,01-Apr-2026,25-Apr-2026,55608.90,8341.34,63950.24,0.00
MDS-01268,DDS-2025-118,Meridian Downhole Services Ltd,NGP-QA-221,NG-Rig 47,Harran,Standard,30-Mar-2026,30-Mar-2026,09-Apr-2026,45197.07,6779.56,51976.63,0.00
MDS-01269,DDS-2025-118,Meridian Downhole Services Ltd,NGP-BD-011,NG-Rig 11,Wadi Sahm,Standard,31-Mar-2026,05-Apr-2026,27-Apr-2026,103744.08,15561.61,119305.69,0.00
MDS-01270,DDS-2025-118,Meridian Downhole Services Ltd,NGP-BD-170,NG-Rig 38,Burqan Deep,Standard,31-Mar-2026,02-Apr-2026,23-Apr-2026,82702.65,12405.40,95108.05,0.00
MDS-01271,DDS-2025-118,Meridian Downhole Services Ltd,NGP-WS-205,NG-Rig 44,Burqan Deep,HPHT,31-Mar-2026,05-Apr-2026,04-May-2026,134565.23,20184.78,154750.01,0.00
MDS-01272,DDS-2025-118,Meridian Downhole Services Ltd,NGP-BD-135,NG-Rig 32,Burqan Deep,Standard,01-Apr-2026,04-Apr-2026,17-Apr-2026,97851.04,14677.66,112528.70,0.00
MDS-01273,DDS-2025-118,Meridian Downhole Services Ltd,NGP-HA-028,NG-Rig 14,Qarn Alam North,Extended Reach,01-Apr-2026,06-Apr-2026,20-Apr-2026,139804.14,20970.62,160774.76,0.00
MDS-01274,DDS-2025-118,Meridian Downhole Services Ltd,NGP-HA-063,NG-Rig 21,Qarn Alam North,Standard,01-Apr-2026,03-Apr-2026,26-Apr-2026,43388.34,6508.25,49896.59,0.00
MDS-01275,DDS-2025-118,Meridian Downhole Services Ltd,NGP-BD-152,NG-Rig 35,Wadi Sahm,Standard,02-Apr-2026,05-Apr-2026,14-Apr-2026,106354.69,15953.20,122307.89,0.00
MDS-01276,DDS-2025-118,Meridian Downhole Services Ltd,NGP-QA-117,NG-Rig 30,Harran,Standard,02-Apr-2026,06-Apr-2026,28-Apr-2026,433556.06,65033.41,498589.47,0.00
MDS-01277,DDS-2025-118,Meridian Downhole Services Ltd,NGP-WS-187,NG-Rig 41,Qarn Alam North,HPHT,02-Apr-2026,04-Apr-2026,26-Apr-2026,49770.82,7465.62,57236.44,0.00
MDS-01278,DDS-2025-118,Meridian Downhole Services Ltd,NGP-BD-099,NG-Rig 26,Burqan Deep,Standard,03-Apr-2026,08-Apr-2026,15-Apr-2026,163044.71,24456.71,187501.42,0.00
MDS-01279,DDS-2025-118,Meridian Downhole Services Ltd,NGP-BD-170,NG-Rig 38,Burqan Deep,Standard,03-Apr-2026,06-Apr-2026,15-Apr-2026,105305.66,15795.85,121101.51,0.00
MDS-01280,DDS-2025-118,Meridian Downhole Services Ltd,NGP-WS-081,NG-Rig 23,Qarn Alam North,Standard,03-Apr-2026,07-Apr-2026,12-Apr-2026,123667.02,18550.05,142217.07,0.00
MDS-01281,DDS-2025-118,Meridian Downhole Services Ltd,NGP-HA-063,NG-Rig 21,Qarn Alam North,Standard,04-Apr-2026,08-Apr-2026,22-Apr-2026,84330.10,12649.52,96979.62,0.00
MDS-01282,DDS-2025-118,Meridian Downhole Services Ltd,NGP-BD-135,NG-Rig 32,Burqan Deep,Standard,05-Apr-2026,07-Apr-2026,21-Apr-2026,49423.94,7413.59,56837.53,0.00
MDS-01283,DDS-2025-118,Meridian Downhole Services Ltd,NGP-HA-222,NG-Rig 47,Burqan Deep,Extended Reach,05-Apr-2026,09-Apr-2026,02-May-2026,110529.53,16579.43,127108.96,0.00
MDS-01284,DDS-2025-118,Meridian Downhole Services Ltd,NGP-QA-045,NG-Rig 17,Burqan Deep,Extended Reach,05-Apr-2026,09-Apr-2026,27-Apr-2026,140965.16,21144.77,162109.93,0.00
MDS-01285,DDS-2025-118,Meridian Downhole Services Ltd,NGP-WS-187,NG-Rig 41,Qarn Alam North,HPHT,05-Apr-2026,07-Apr-2026,02-May-2026,78263.96,11739.59,90003.55,0.00
MDS-01286,DDS-2025-118,Meridian Downhole Services Ltd,NGP-BD-011,NG-Rig 11,Wadi Sahm,Standard,06-Apr-2026,10-Apr-2026,01-May-2026,104061.98,15609.30,119671.28,0.00
MDS-01287,DDS-2025-118,Meridian Downhole Services Ltd,NGP-BD-152,NG-Rig 35,Wadi Sahm,Standard,06-Apr-2026,08-Apr-2026,13-Apr-2026,77266.86,11590.03,88856.89,0.00
MDS-01288,DDS-2025-118,Meridian Downhole Services Ltd,NGP-WS-205,NG-Rig 44,Burqan Deep,HPHT,06-Apr-2026,08-Apr-2026,12-Apr-2026,48627.52,7294.13,55921.65,0.00
MDS-01289,DDS-2025-118,Meridian Downhole Services Ltd,NGP-BD-170,NG-Rig 38,Burqan Deep,Standard,07-Apr-2026,09-Apr-2026,03-May-2026,64703.15,9705.47,74408.62,0.00
MDS-01290,DDS-2025-118,Meridian Downhole Services Ltd,NGP-HA-028,NG-Rig 14,Qarn Alam North,Extended Reach,07-Apr-2026,09-Apr-2026,20-Apr-2026,83204.64,12480.70,95685.34,0.00
MDS-01291,DDS-2025-118,Meridian Downhole Services Ltd,NGP-QA-117,NG-Rig 30,Harran,Standard,07-Apr-2026,11-Apr-2026,23-Apr-2026,134785.96,20217.89,155003.85,0.00
MDS-01292,DDS-2025-118,Meridian Downhole Services Ltd,NGP-BD-135,NG-Rig 32,Burqan Deep,Standard,08-Apr-2026,13-Apr-2026,02-May-2026,89101.89,13365.28,102467.17,0.00
MDS-01293,DDS-2025-118,Meridian Downhole Services Ltd,NGP-WS-081,NG-Rig 23,Qarn Alam North,Standard,08-Apr-2026,11-Apr-2026,04-May-2026,113564.74,17034.71,130599.45,0.00
MDS-01294,DDS-2025-118,Meridian Downhole Services Ltd,NGP-WS-187,NG-Rig 41,Qarn Alam North,HPHT,08-Apr-2026,10-Apr-2026,27-Apr-2026,108489.93,16273.49,124763.42,0.00
MDS-01295,DDS-2025-118,Meridian Downhole Services Ltd,NGP-BD-099,NG-Rig 26,Burqan Deep,Standard,09-Apr-2026,11-Apr-2026,08-May-2026,72336.11,10850.42,83186.53,0.00
MDS-01296,DDS-2025-118,Meridian Downhole Services Ltd,NGP-BD-152,NG-Rig 35,Wadi Sahm,Standard,09-Apr-2026,11-Apr-2026,09-May-2026,585581.70,87837.26,673418.96,0.00
MDS-01297,DDS-2025-118,Meridian Downhole Services Ltd,NGP-HA-063,NG-Rig 21,Qarn Alam North,Standard,09-Apr-2026,11-Apr-2026,26-Apr-2026,94923.80,14238.57,109162.37,0.00
MDS-01298,DDS-2025-118,Meridian Downhole Services Ltd,NGP-WS-205,NG-Rig 44,Burqan Deep,HPHT,09-Apr-2026,13-Apr-2026,11-May-2026,147849.02,22177.35,170026.37,0.00
MDS-01299,DDS-2025-118,Meridian Downhole Services Ltd,NGP-BD-170,NG-Rig 38,Burqan Deep,Standard,10-Apr-2026,15-Apr-2026,23-Apr-2026,140736.94,21110.54,161847.48,0.00
MDS-01300,DDS-2025-118,Meridian Downhole Services Ltd,NGP-HA-028,NG-Rig 14,Qarn Alam North,Extended Reach,10-Apr-2026,12-Apr-2026,27-Apr-2026,82226.84,12334.03,94560.87,0.00
MDS-01301,DDS-2025-118,Meridian Downhole Services Ltd,NGP-HA-222,NG-Rig 47,Burqan Deep,Extended Reach,10-Apr-2026,15-Apr-2026,04-May-2026,89595.76,13439.36,103035.12,0.00
MDS-01302,DDS-2025-118,Meridian Downhole Services Ltd,NGP-QA-045,NG-Rig 17,Burqan Deep,Extended Reach,10-Apr-2026,13-Apr-2026,30-Apr-2026,101137.12,15170.57,116307.69,0.00
MDS-01303,DDS-2025-118,Meridian Downhole Services Ltd,NGP-WS-187,NG-Rig 41,Qarn Alam North,HPHT,11-Apr-2026,16-Apr-2026,04-May-2026,221766.10,33264.92,255031.02,0.00
MDS-01304,DDS-2025-118,Meridian Downhole Services Ltd,NGP-BD-099,NG-Rig 26,Burqan Deep,Standard,12-Apr-2026,14-Apr-2026,21-Apr-2026,90182.61,13527.39,103710.00,0.00
MDS-01305,DDS-2025-118,Meridian Downhole Services Ltd,NGP-BD-152,NG-Rig 35,Wadi Sahm,Standard,12-Apr-2026,17-Apr-2026,06-May-2026,145497.73,21824.66,167322.39,0.00
MDS-01306,DDS-2025-118,Meridian Downhole Services Ltd,NGP-HA-063,NG-Rig 21,Qarn Alam North,Standard,12-Apr-2026,15-Apr-2026,25-Apr-2026,135442.71,20316.41,155759.12,0.00
MDS-01307,DDS-2025-118,Meridian Downhole Services Ltd,NGP-QA-117,NG-Rig 30,Harran,Standard,12-Apr-2026,14-Apr-2026,22-Apr-2026,96498.55,14474.78,110973.33,0.00
MDS-01308,DDS-2025-118,Meridian Downhole Services Ltd,NGP-WS-081,NG-Rig 23,Qarn Alam North,Standard,12-Apr-2026,14-Apr-2026,28-Apr-2026,107597.45,16139.62,123737.07,0.00
MDS-01309,DDS-2025-118,Meridian Downhole Services Ltd,NGP-HA-028,NG-Rig 14,Qarn Alam North,Extended Reach,13-Apr-2026,17-Apr-2026,04-May-2026,167724.84,25158.73,192883.57,0.00
MDS-01310,DDS-2025-118,Meridian Downhole Services Ltd,NGP-BD-135,NG-Rig 32,Burqan Deep,Standard,14-Apr-2026,18-Apr-2026,02-May-2026,177697.92,26654.69,204352.61,0.00
MDS-01311,DDS-2025-118,Meridian Downhole Services Ltd,NGP-QA-045,NG-Rig 17,Burqan Deep,Extended Reach,14-Apr-2026,19-Apr-2026,01-May-2026,158029.37,23704.41,181733.78,0.00
MDS-01312,DDS-2025-118,Meridian Downhole Services Ltd,NGP-WS-205,NG-Rig 44,Burqan Deep,HPHT,14-Apr-2026,16-Apr-2026,12-May-2026,90243.69,13536.55,103780.24,0.00
MDS-01313,DDS-2025-118,Meridian Downhole Services Ltd,NGP-WS-081,NG-Rig 23,Qarn Alam North,Standard,15-Apr-2026,18-Apr-2026,27-Apr-2026,135386.09,20307.91,155694.00,0.00
MDS-01314,DDS-2025-118,Meridian Downhole Services Ltd,NGP-BD-170,NG-Rig 38,Burqan Deep,Standard,16-Apr-2026,18-Apr-2026,14-May-2026,74649.34,11197.40,85846.74,0.00
MDS-01315,DDS-2025-118,Meridian Downhole Services Ltd,NGP-HA-012,NG-Rig 11,Burqan Deep,Standard,16-Apr-2026,20-Apr-2026,08-May-2026,115638.72,17345.81,132984.53,0.00
MDS-01316,DDS-2025-118,Meridian Downhole Services Ltd,NGP-HA-063,NG-Rig 21,Qarn Alam North,Standard,16-Apr-2026,18-Apr-2026,27-Apr-2026,109799.16,16469.87,126269.03,0.00
MDS-01317,DDS-2025-118,Meridian Downhole Services Ltd,NGP-HA-222,NG-Rig 47,Burqan Deep,Extended Reach,16-Apr-2026,20-Apr-2026,12-May-2026,119265.26,17889.79,137837.79,0.00
MDS-01318,DDS-2025-118,Meridian Downhole Services Ltd,NGP-HA-118,NG-Rig 30,Qarn Alam North,Standard,17-Apr-2026,19-Apr-2026,19-May-2026,70868.26,10630.24,81498.50,0.00
MDS-01319,DDS-2025-118,Meridian Downhole Services Ltd,NGP-WS-187,NG-Rig 41,Qarn Alam North,HPHT,17-Apr-2026,21-Apr-2026,18-May-2026,1331220.34,199683.05,1530903.39,0.00
MDS-01320,DDS-2025-118,Meridian Downhole Services Ltd,NGP-WS-205,NG-Rig 44,Burqan Deep,HPHT,17-Apr-2026,19-Apr-2026,24-Apr-2026,86830.99,13024.65,99855.64,0.00
MDS-01321,DDS-2025-118,Meridian Downhole Services Ltd,NGP-BD-152,NG-Rig 35,Wadi Sahm,Standard,18-Apr-2026,21-Apr-2026,11-May-2026,98834.91,14825.24,113660.15,0.00
MDS-01322,DDS-2025-118,Meridian Downhole Services Ltd,NGP-HA-028,NG-Rig 14,Qarn Alam North,Extended Reach,18-Apr-2026,18-Apr-2026,27-Apr-2026,49055.70,7358.36,56414.06,0.00
MDS-01323,DDS-2025-118,Meridian Downhole Services Ltd,NGP-BD-135,NG-Rig 32,Burqan Deep,Standard,19-Apr-2026,21-Apr-2026,24-Apr-2026,100014.17,15002.13,115016.30,0.00
MDS-01324,DDS-2025-118,Meridian Downhole Services Ltd,NGP-BD-170,NG-Rig 38,Burqan Deep,Standard,19-Apr-2026,22-Apr-2026,28-Apr-2026,83185.21,12477.78,95662.99,0.00
MDS-01325,DDS-2025-118,Meridian Downhole Services Ltd,NGP-HA-063,NG-Rig 21,Qarn Alam North,Standard,19-Apr-2026,24-Apr-2026,11-May-2026,239556.62,35933.49,275490.11,0.00
MDS-01326,DDS-2025-118,Meridian Downhole Services Ltd,NGP-WS-081,NG-Rig 23,Qarn Alam North,Standard,19-Apr-2026,23-Apr-2026,04-May-2026,195335.81,29300.37,224636.18,0.00
MDS-01327,DDS-2025-118,Meridian Downhole Services Ltd,NGP-HA-100,NG-Rig 26,Harran,Standard,20-Apr-2026,22-Apr-2026,29-Apr-2026,79025.06,11853.76,90878.82,0.00
MDS-01328,DDS-2025-118,Meridian Downhole Services Ltd,NGP-HA-118,NG-Rig 30,Qarn Alam North,Standard,20-Apr-2026,24-Apr-2026,27-Apr-2026,78947.89,11842.18,90790.07,0.00
MDS-01329,DDS-2025-118,Meridian Downhole Services Ltd,NGP-QA-045,NG-Rig 17,Burqan Deep,Extended Reach,20-Apr-2026,25-Apr-2026,28-Apr-2026,97072.51,14560.88,111633.39,0.00
MDS-01330,DDS-2025-118,Meridian Downhole Services Ltd,NGP-WS-205,NG-Rig 44,Burqan Deep,HPHT,20-Apr-2026,22-Apr-2026,20-May-2026,101908.16,15286.22,117194.38,0.00
MDS-01331,DDS-2025-118,Meridian Downhole Services Ltd,NGP-HA-012,NG-Rig 11,Burqan Deep,Standard,21-Apr-2026,25-Apr-2026,11-May-2026,79437.80,11915.67,91353.47,0.00
MDS-01332,DDS-2025-118,Meridian Downhole Services Ltd,NGP-HA-222,NG-Rig 47,Burqan Deep,Extended Reach,21-Apr-2026,24-Apr-2026,27-Apr-2026,114499.58,17174.94,131674.52,0.00
MDS-01333,DDS-2025-118,Meridian Downhole Services Ltd,NGP-BD-135,NG-Rig 32,Burqan Deep,Standard,22-Apr-2026,26-Apr-2026,02-May-2026,193019.55,28952.93,221972.48,0.00
MDS-01334,DDS-2025-118,Meridian Downhole Services Ltd,NGP-BD-152,NG-Rig 35,Wadi Sahm,Standard,22-Apr-2026,23-Apr-2026,06-May-2026,70875.67,10631.35,81507.02,0.00
MDS-01335,DDS-2025-118,Meridian Downhole Services Ltd,NGP-WS-187,NG-Rig 41,Qarn Alam North,HPHT,22-Apr-2026,26-Apr-2026,12-May-2026,174009.68,26101.45,200111.13,0.00
MDS-01336,DDS-2025-118,Meridian Downhole Services Ltd,NGP-BD-170,NG-Rig 38,Burqan Deep,Standard,23-Apr-2026,27-Apr-2026,13-May-2026,70879.02,10631.85,81510.87,0.00
MDS-01337,DDS-2025-118,Meridian Downhole Services Ltd,NGP-HA-100,NG-Rig 26,Harran,Standard,23-Apr-2026,25-Apr-2026,06-May-2026,45834.49,6875.17,52709.66,0.00
MDS-01338,DDS-2025-118,Meridian Downhole Services Ltd,NGP-WS-029,NG-Rig 14,Qarn Alam North,HPHT,23-Apr-2026,28-Apr-2026,16-May-2026,130860.30,19629.04,150489.34,0.00
MDS-01339,DDS-2025-118,Meridian Downhole Services Ltd,NGP-WS-205,NG-Rig 44,Burqan Deep,HPHT,23-Apr-2026,26-Apr-2026,14-May-2026,152079.01,22811.85,174890.86,0.00
MDS-01340,DDS-2025-118,Meridian Downhole Services Ltd,NGP-HA-063,NG-Rig 21,Qarn Alam North,Standard,25-Apr-2026,27-Apr-2026,25-May-2026,115139.43,17270.91,132410.34,0.00
MDS-01341,DDS-2025-118,Meridian Downhole Services Ltd,NGP-HA-118,NG-Rig 30,Qarn Alam North,Standard,25-Apr-2026,27-Apr-2026,24-May-2026,44318.95,6647.84,50966.79,0.00
MDS-01342,DDS-2025-118,Meridian Downhole Services Ltd,NGP-HA-222,NG-Rig 47,Burqan Deep,Extended Reach,25-Apr-2026,30-Apr-2026,20-May-2026,165820.11,24873.02,190693.13,0.00
MDS-01343,DDS-2025-118,Meridian Downhole Services Ltd,NGP-HA-012,NG-Rig 11,Burqan Deep,Standard,26-Apr-2026,01-May-2026,07-May-2026,164806.14,24720.92,189527.06,0.00
MDS-01344,DDS-2025-118,Meridian Downhole Services Ltd,NGP-HA-100,NG-Rig 26,Harran,Standard,26-Apr-2026,29-Apr-2026,17-May-2026,57851.12,8677.67,66528.79,0.00
MDS-01345,DDS-2025-118,Meridian Downhole Services Ltd,NGP-QA-045,NG-Rig 17,Burqan Deep,Extended Reach,26-Apr-2026,26-Apr-2026,06-May-2026,43486.40,6522.96,50009.36,0.00
MDS-01346,DDS-2025-118,Meridian Downhole Services Ltd,NGP-BD-135,NG-Rig 32,Burqan Deep,Standard,27-Apr-2026,02-May-2026,19-May-2026,168615.72,25292.36,193908.08,0.00
MDS-01347,DDS-2025-118,Meridian Downhole Services Ltd,NGP-WS-153,NG-Rig 35,Wadi Sahm,HPHT,27-Apr-2026,29-Apr-2026,11-May-2026,74716.15,11207.42,85923.57,0.00
MDS-01348,DDS-2025-118,Meridian Downhole Services Ltd,NGP-WS-187,NG-Rig 41,Qarn Alam North,HPHT,27-Apr-2026,30-Apr-2026,07-May-2026,64381.34,9657.20,74038.54,0.00
MDS-01349,DDS-2025-118,Meridian Downhole Services Ltd,NGP-WS-205,NG-Rig 44,Burqan Deep,HPHT,27-Apr-2026,29-Apr-2026,05-May-2026,116722.18,17508.33,134230.51,0.00
MDS-01350,DDS-2025-118,Meridian Downhole Services Ltd,NGP-BD-082,NG-Rig 23,Burqan Deep,Extended Reach,28-Apr-2026,03-May-2026,02-Jun-2026,125855.67,18878.35,144734.02,0.00
MDS-01351,DDS-2025-118,Meridian Downhole Services Ltd,NGP-BD-170,NG-Rig 38,Burqan Deep,Standard,28-Apr-2026,30-Apr-2026,23-May-2026,45284.55,6792.68,52077.23,0.00
MDS-01352,DDS-2025-118,Meridian Downhole Services Ltd,NGP-HA-063,NG-Rig 21,Qarn Alam North,Standard,28-Apr-2026,03-May-2026,15-May-2026,111381.43,16707.21,128088.64,0.00
MDS-01353,DDS-2025-118,Meridian Downhole Services Ltd,NGP-HA-118,NG-Rig 30,Qarn Alam North,Standard,28-Apr-2026,30-Apr-2026,19-May-2026,70595.10,10589.26,81184.36,0.00
MDS-01354,DDS-2025-118,Meridian Downhole Services Ltd,NGP-WS-029,NG-Rig 14,Qarn Alam North,HPHT,29-Apr-2026,02-May-2026,22-May-2026,71320.28,10698.04,82018.32,0.00
MDS-01355,DDS-2025-118,Meridian Downhole Services Ltd,NGP-BD-046,NG-Rig 17,Wadi Sahm,Standard,30-Apr-2026,04-May-2026,19-May-2026,111809.13,16771.37,128580.50,0.00
MDS-01356,DDS-2025-118,Meridian Downhole Services Ltd,NGP-HA-100,NG-Rig 26,Harran,Standard,30-Apr-2026,05-May-2026,19-May-2026,180483.21,27072.48,207555.69,0.00
MDS-01357,DDS-2025-118,Meridian Downhole Services Ltd,NGP-WS-153,NG-Rig 35,Wadi Sahm,HPHT,30-Apr-2026,04-May-2026,27-May-2026,84960.50,12744.08,97704.58,0.00
MDS-01358,DDS-2025-118,Meridian Downhole Services Ltd,NGP-WS-205,NG-Rig 44,Burqan Deep,HPHT,30-Apr-2026,05-May-2026,08-May-2026,212488.36,31873.25,244361.61,0.00
MDS-01359,DDS-2025-118,Meridian Downhole Services Ltd,NGP-BD-170,NG-Rig 38,Burqan Deep,Standard,01-May-2026,03-May-2026,01-Jun-2026,73673.71,11051.06,84724.77,0.00
MDS-01360,DDS-2025-118,Meridian Downhole Services Ltd,NGP-HA-118,NG-Rig 30,Qarn Alam North,Standard,01-May-2026,06-May-2026,30-May-2026,215044.25,32256.64,247300.89,0.00
MDS-01361,DDS-2025-118,Meridian Downhole Services Ltd,NGP-HA-222,NG-Rig 47,Burqan Deep,Extended Reach,01-May-2026,05-May-2026,19-May-2026,120607.48,18091.12,138698.60,0.00
MDS-01362,DDS-2025-118,Meridian Downhole Services Ltd,NGP-WS-187,NG-Rig 41,Qarn Alam North,HPHT,01-May-2026,04-May-2026,20-May-2026,91047.29,13657.09,104704.38,0.00
MDS-01363,DDS-2025-118,Meridian Downhole Services Ltd,NGP-HA-012,NG-Rig 11,Burqan Deep,Standard,02-May-2026,05-May-2026,29-May-2026,439305.99,65895.90,505201.89,0.00
MDS-01364,DDS-2025-118,Meridian Downhole Services Ltd,NGP-BD-135,NG-Rig 32,Burqan Deep,Standard,03-May-2026,05-May-2026,11-May-2026,45951.60,6892.74,52844.34,0.00
MDS-01365,DDS-2025-118,Meridian Downhole Services Ltd,NGP-WS-029,NG-Rig 14,Qarn Alam North,HPHT,03-May-2026,05-May-2026,25-May-2026,73883.37,11082.51,84965.88,0.00
MDS-01366,DDS-2025-118,Meridian Downhole Services Ltd,NGP-BD-082,NG-Rig 23,Burqan Deep,Extended Reach,04-May-2026,06-May-2026,25-May-2026,49731.14,7459.67,57190.81,0.00
MDS-01367,DDS-2025-118,Meridian Downhole Services Ltd,NGP-HA-063,NG-Rig 21,Qarn Alam North,Standard,04-May-2026,07-May-2026,28-May-2026,60639.66,9095.95,69735.61,0.00
MDS-01368,DDS-2025-118,Meridian Downhole Services Ltd,NGP-BD-046,NG-Rig 17,Wadi Sahm,Standard,05-May-2026,08-May-2026,17-May-2026,62681.18,9402.18,72083.36,0.00
MDS-01369,DDS-2025-118,Meridian Downhole Services Ltd,NGP-WS-153,NG-Rig 35,Wadi Sahm,HPHT,05-May-2026,10-May-2026,24-May-2026,165151.16,24772.67,189923.83,0.00
MDS-01370,DDS-2025-118,Meridian Downhole Services Ltd,NGP-BD-135,NG-Rig 32,Burqan Deep,Standard,06-May-2026,07-May-2026,13-May-2026,58761.29,8814.19,67575.48,0.00
MDS-01371,DDS-2025-118,Meridian Downhole Services Ltd,NGP-HA-012,NG-Rig 11,Burqan Deep,Standard,06-May-2026,10-May-2026,21-May-2026,130292.04,19543.81,149835.85,0.00
MDS-01372,DDS-2025-118,Meridian Downhole Services Ltd,NGP-HA-100,NG-Rig 26,Harran,Standard,06-May-2026,11-May-2026,01-Jun-2026,209323.55,31398.53,240722.08,0.00
MDS-01373,DDS-2025-118,Meridian Downhole Services Ltd,NGP-HA-222,NG-Rig 47,Burqan Deep,Extended Reach,06-May-2026,11-May-2026,14-May-2026,154581.71,23187.26,177768.97,0.00
MDS-01374,DDS-2025-118,Meridian Downhole Services Ltd,NGP-WS-029,NG-Rig 14,Qarn Alam North,HPHT,06-May-2026,09-May-2026,18-May-2026,132607.10,19891.06,152498.16,0.00
MDS-01375,DDS-2025-118,Meridian Downhole Services Ltd,NGP-WS-205,NG-Rig 44,Burqan Deep,HPHT,06-May-2026,11-May-2026,06-Jun-2026,97365.98,14604.90,111970.88,0.00
MDS-01376,DDS-2025-118,Meridian Downhole Services Ltd,NGP-BD-082,NG-Rig 23,Burqan Deep,Extended Reach,07-May-2026,12-May-2026,22-May-2026,140827.40,21124.11,161951.51,0.00
MDS-01377,DDS-2025-118,Meridian Downhole Services Ltd,NGP-HA-118,NG-Rig 30,Qarn Alam North,Standard,07-May-2026,09-May-2026,27-May-2026,93047.84,13957.18,107005.02,0.00
MDS-01378,DDS-2025-118,Meridian Downhole Services Ltd,NGP-HA-063,NG-Rig 21,Qarn Alam North,Standard,08-May-2026,08-May-2026,14-May-2026,43350.84,6502.63,49853.47,0.00
MDS-01379,DDS-2025-118,Meridian Downhole Services Ltd,NGP-BD-046,NG-Rig 17,Wadi Sahm,Standard,09-May-2026,13-May-2026,21-May-2026,115345.68,17301.85,132647.53,0.00
MDS-01380,DDS-2025-118,Meridian Downhole Services Ltd,NGP-QA-171,NG-Rig 38,Burqan Deep,Extended Reach,09-May-2026,12-May-2026,30-May-2026,98084.56,14712.68,112797.24,0.00
MDS-01381,DDS-2025-118,Meridian Downhole Services Ltd,NGP-QA-188,NG-Rig 41,Wadi Sahm,Standard,09-May-2026,13-May-2026,03-Jun-2026,102812.45,15421.87,118234.32,0.00
MDS-01382,DDS-2025-118,Meridian Downhole Services Ltd,NGP-HA-118,NG-Rig 30,Qarn Alam North,Standard,10-May-2026,15-May-2026,20-May-2026,217264.26,32589.64,249853.90,0.00
MDS-01383,DDS-2025-118,Meridian Downhole Services Ltd,NGP-WS-029,NG-Rig 14,Qarn Alam North,HPHT,10-May-2026,12-May-2026,15-May-2026,120560.46,18084.07,138644.53,0.00
MDS-01384,DDS-2025-118,Meridian Downhole Services Ltd,NGP-HA-012,NG-Rig 11,Burqan Deep,Standard,11-May-2026,14-May-2026,28-May-2026,85875.25,12881.29,98756.54,0.00
MDS-01385,DDS-2025-118,Meridian Downhole Services Ltd,NGP-WS-064,NG-Rig 21,Wadi Sahm,Extended Reach,11-May-2026,15-May-2026,02-Jun-2026,115212.44,17281.87,132494.31,0.00
MDS-01386,DDS-2025-118,Meridian Downhole Services Ltd,NGP-WS-136,NG-Rig 32,Harran,Extended Reach,11-May-2026,13-May-2026,02-Jun-2026,85584.43,12837.66,98422.09,0.00
MDS-01387,DDS-2025-118,Meridian Downhole Services Ltd,NGP-WS-153,NG-Rig 35,Wadi Sahm,HPHT,11-May-2026,15-May-2026,18-May-2026,201308.63,30196.29,231504.92,0.00
MDS-01388,DDS-2025-118,Meridian Downhole Services Ltd,NGP-HA-100,NG-Rig 26,Harran,Standard,12-May-2026,15-May-2026,14-Jun-2026,153468.53,23020.28,176488.81,0.00
MDS-01389,DDS-2025-118,Meridian Downhole Services Ltd,NGP-HA-222,NG-Rig 47,Burqan Deep,Extended Reach,12-May-2026,12-May-2026,03-Jun-2026,47698.60,7154.79,54853.39,0.00
MDS-01390,DDS-2025-118,Meridian Downhole Services Ltd,NGP-WS-205,NG-Rig 44,Burqan Deep,HPHT,12-May-2026,14-May-2026,06-Jun-2026,76874.17,11531.13,88405.30,0.00
MDS-01391,DDS-2025-118,Meridian Downhole Services Ltd,NGP-BD-082,NG-Rig 23,Burqan Deep,Extended Reach,13-May-2026,17-May-2026,11-Jun-2026,129727.04,19459.06,149186.10,0.00
MDS-01392,DDS-2025-118,Meridian Downhole Services Ltd,NGP-QA-171,NG-Rig 38,Burqan Deep,Extended Reach,13-May-2026,15-May-2026,08-Jun-2026,57069.59,8560.44,65630.03,0.00
MDS-01393,DDS-2025-118,Meridian Downhole Services Ltd,NGP-WS-029,NG-Rig 14,Qarn Alam North,HPHT,13-May-2026,17-May-2026,13-Jun-2026,201755.18,30263.28,232018.46,0.00
MDS-01394,DDS-2025-118,Meridian Downhole Services Ltd,NGP-BD-046,NG-Rig 17,Wadi Sahm,Standard,14-May-2026,19-May-2026,02-Jun-2026,209096.76,31364.51,240461.27,0.00
MDS-01395,DDS-2025-118,Meridian Downhole Services Ltd,NGP-QA-188,NG-Rig 41,Wadi Sahm,Standard,14-May-2026,16-May-2026,04-Jun-2026,43341.66,6501.25,49842.91,0.00
MDS-01396,DDS-2025-118,Meridian Downhole Services Ltd,NGP-WS-136,NG-Rig 32,Harran,Extended Reach,14-May-2026,16-May-2026,11-Jun-2026,44838.84,6725.83,51564.67,0.00
MDS-01397,DDS-2025-118,Meridian Downhole Services Ltd,NGP-HA-012,NG-Rig 11,Burqan Deep,Standard,15-May-2026,19-May-2026,15-Jun-2026,136990.74,20548.61,157539.35,0.00
MDS-01398,DDS-2025-118,Meridian Downhole Services Ltd,NGP-HA-100,NG-Rig 26,Harran,Standard,16-May-2026,19-May-2026,30-May-2026,161786.99,24268.05,186055.04,0.00
MDS-01399,DDS-2025-118,Meridian Downhole Services Ltd,NGP-HA-118,NG-Rig 30,Qarn Alam North,Standard,16-May-2026,18-May-2026,08-Jun-2026,112904.44,16935.67,129840.11,0.00
MDS-01400,DDS-2025-118,Meridian Downhole Services Ltd,NGP-QA-171,NG-Rig 38,Burqan Deep,Extended Reach,16-May-2026,20-May-2026,30-May-2026,85953.95,12893.09,98847.04,0.00
MDS-01401,DDS-2025-118,Meridian Downhole Services Ltd,NGP-WS-064,NG-Rig 21,Wadi Sahm,Extended Reach,16-May-2026,21-May-2026,15-Jun-2026,99247.73,14887.16,114134.89,0.00
MDS-01402,DDS-2025-118,Meridian Downhole Services Ltd,NGP-WS-153,NG-Rig 35,Wadi Sahm,HPHT,16-May-2026,20-May-2026,23-May-2026,179366.72,26905.01,206271.73,0.00
MDS-01403,DDS-2025-118,Meridian Downhole Services Ltd,NGP-QA-188,NG-Rig 41,Wadi Sahm,Standard,17-May-2026,19-May-2026,22-May-2026,38551.57,5782.74,44334.31,0.00
MDS-01404,DDS-2025-118,Meridian Downhole Services Ltd,NGP-WS-136,NG-Rig 32,Harran,Extended Reach,17-May-2026,20-May-2026,24-May-2026,59785.12,8967.77,68752.89,0.00
MDS-01405,DDS-2025-118,Meridian Downhole Services Ltd,NGP-BD-082,NG-Rig 23,Burqan Deep,Extended Reach,18-May-2026,20-May-2026,08-Jun-2026,82517.66,12377.65,94895.31,0.00
MDS-01406,DDS-2025-118,Meridian Downhole Services Ltd,NGP-BD-223,NG-Rig 47,Qarn Alam North,Standard,18-May-2026,20-May-2026,01-Jun-2026,84394.05,12659.11,97053.16,0.00
MDS-01407,DDS-2025-118,Meridian Downhole Services Ltd,NGP-QA-206,NG-Rig 44,Qarn Alam North,Extended Reach,18-May-2026,22-May-2026,27-May-2026,109637.87,16445.68,126083.55,0.00
MDS-01408,DDS-2025-118,Meridian Downhole Services Ltd,NGP-WS-029,NG-Rig 14,Qarn Alam North,HPHT,18-May-2026,23-May-2026,29-May-2026,224011.43,33601.71,257613.14,0.00
MDS-01409,DDS-2025-118,Meridian Downhole Services Ltd,NGP-HA-118,NG-Rig 30,Qarn Alam North,Standard,19-May-2026,21-May-2026,30-May-2026,91428.39,13714.26,105142.65,0.00
MDS-01410,DDS-2025-118,Meridian Downhole Services Ltd,NGP-BD-046,NG-Rig 17,Wadi Sahm,Standard,20-May-2026,22-May-2026,04-Jun-2026,95485.49,14322.82,109808.31,0.00
MDS-01411,DDS-2025-118,Meridian Downhole Services Ltd,NGP-HA-012,NG-Rig 11,Burqan Deep,Standard,20-May-2026,22-May-2026,07-Jun-2026,111558.60,16733.79,128292.39,0.00
MDS-01412,DDS-2025-118,Meridian Downhole Services Ltd,NGP-HA-100,NG-Rig 26,Harran,Standard,20-May-2026,23-May-2026,11-Jun-2026,138676.47,20801.47,159477.94,0.00
MDS-01413,DDS-2025-118,Meridian Downhole Services Ltd,NGP-QA-188,NG-Rig 41,Wadi Sahm,Standard,20-May-2026,25-May-2026,11-Jun-2026,148980.40,22347.06,171327.46,0.00
MDS-01414,DDS-2025-118,Meridian Downhole Services Ltd,NGP-BD-082,NG-Rig 23,Burqan Deep,Extended Reach,21-May-2026,24-May-2026,30-May-2026,115528.79,17329.32,132858.11,0.00
MDS-01415,DDS-2025-118,Meridian Downhole Services Ltd,NGP-BD-223,NG-Rig 47,Qarn Alam North,Standard,21-May-2026,26-May-2026,15-Jun-2026,93274.37,13991.16,107265.53,0.00
MDS-01416,DDS-2025-118,Meridian Downhole Services Ltd,NGP-QA-171,NG-Rig 38,Burqan Deep,Extended Reach,21-May-2026,23-May-2026,13-Jun-2026,65758.38,9863.76,75622.14,0.00
MDS-01417,DDS-2025-118,Meridian Downhole Services Ltd,NGP-WS-136,NG-Rig 32,Harran,Extended Reach,21-May-2026,23-May-2026,10-Jun-2026,95325.28,14298.79,109624.07,0.00
MDS-01418,DDS-2025-118,Meridian Downhole Services Ltd,NGP-WS-153,NG-Rig 35,Wadi Sahm,HPHT,21-May-2026,25-May-2026,02-Jun-2026,203901.43,30585.21,234486.64,0.00
MDS-01419,DDS-2025-118,Meridian Downhole Services Ltd,NGP-HA-118,NG-Rig 30,Qarn Alam North,Standard,22-May-2026,25-May-2026,21-Jun-2026,149991.38,22498.71,172490.09,0.00
MDS-01420,DDS-2025-118,Meridian Downhole Services Ltd,NGP-WS-064,NG-Rig 21,Wadi Sahm,Extended Reach,22-May-2026,26-May-2026,24-Jun-2026,144821.55,21723.23,166544.78,0.00
MDS-01421,DDS-2025-118,Meridian Downhole Services Ltd,NGP-BD-046,NG-Rig 17,Wadi Sahm,Standard,23-May-2026,27-May-2026,16-Jun-2026,190250.81,28537.62,218788.43,0.00
MDS-01422,DDS-2025-118,Meridian Downhole Services Ltd,NGP-QA-206,NG-Rig 44,Qarn Alam North,Extended Reach,23-May-2026,28-May-2026,01-Jun-2026,96272.48,14440.87,110713.35,0.00
MDS-01423,DDS-2025-118,Meridian Downhole Services Ltd,NGP-HA-100,NG-Rig 26,Harran,Standard,24-May-2026,28-May-2026,13-Jun-2026,107416.71,16112.51,123529.22,0.00
MDS-01424,DDS-2025-118,Meridian Downhole Services Ltd,NGP-QA-171,NG-Rig 38,Burqan Deep,Extended Reach,24-May-2026,28-May-2026,09-Jun-2026,105920.11,15888.02,121808.13,0.00
MDS-01425,DDS-2025-118,Meridian Downhole Services Ltd,NGP-WS-029,NG-Rig 14,Qarn Alam North,HPHT,24-May-2026,26-May-2026,18-Jun-2026,49135.09,7370.26,56505.35,0.00
MDS-01426,DDS-2025-118,Meridian Downhole Services Ltd,NGP-WS-136,NG-Rig 32,Harran,Extended Reach,24-May-2026,29-May-2026,02-Jun-2026,1376621.00,206493.15,1583114.15,0.00
MDS-01427,DDS-2025-118,Meridian Downhole Services Ltd,NGP-BD-082,NG-Rig 23,Burqan Deep,Extended Reach,25-May-2026,27-May-2026,17-Jun-2026,96144.86,14421.73,110566.59,0.00
MDS-01428,DDS-2025-118,Meridian Downhole Services Ltd,NGP-HA-118,NG-Rig 30,Qarn Alam North,Standard,26-May-2026,30-May-2026,28-Jun-2026,79951.84,11992.78,91944.62,0.00
MDS-01429,DDS-2025-118,Meridian Downhole Services Ltd,NGP-QA-188,NG-Rig 41,Wadi Sahm,Standard,26-May-2026,31-May-2026,20-Jun-2026,205943.03,30891.45,236834.48,0.00
MDS-01430,DDS-2025-118,Meridian Downhole Services Ltd,NGP-WS-153,NG-Rig 35,Wadi Sahm,HPHT,26-May-2026,29-May-2026,25-Jun-2026,165316.61,24797.49,190114.10,0.00
MDS-01431,DDS-2025-118,Meridian Downhole Services Ltd,NGP-BD-013,NG-Rig 11,Qarn Alam North,Standard,27-May-2026,30-May-2026,25-Jun-2026,96215.67,14432.35,110648.02,0.00
MDS-01432,DDS-2025-118,Meridian Downhole Services Ltd,NGP-BD-223,NG-Rig 47,Qarn Alam North,Standard,27-May-2026,31-May-2026,18-Jun-2026,121481.76,18222.26,139704.02,0.00
MDS-01433,DDS-2025-118,Meridian Downhole Services Ltd,NGP-WS-029,NG-Rig 14,Qarn Alam North,HPHT,27-May-2026,29-May-2026,19-Jun-2026,48351.45,7252.72,55604.17,0.00
MDS-01434,DDS-2025-118,Meridian Downhole Services Ltd,NGP-WS-064,NG-Rig 21,Wadi Sahm,Extended Reach,27-May-2026,29-May-2026,20-Jun-2026,71956.52,10793.48,82750.00,0.00
MDS-01435,DDS-2025-118,Meridian Downhole Services Ltd,NGP-BD-046,NG-Rig 17,Wadi Sahm,Standard,28-May-2026,31-May-2026,09-Jun-2026,165211.37,24781.71,189993.08,0.00
MDS-01436,DDS-2025-118,Meridian Downhole Services Ltd,NGP-BD-082,NG-Rig 23,Burqan Deep,Extended Reach,28-May-2026,01-Jun-2026,09-Jun-2026,1208356.07,181253.41,1389609.48,0.00
MDS-01437,DDS-2025-118,Meridian Downhole Services Ltd,NGP-HA-100,NG-Rig 26,Harran,Standard,29-May-2026,01-Jun-2026,08-Jun-2026,61059.09,9158.86,70217.95,0.00
MDS-01438,DDS-2025-118,Meridian Downhole Services Ltd,NGP-QA-171,NG-Rig 38,Burqan Deep,Extended Reach,29-May-2026,31-May-2026,10-Jun-2026,115442.21,17316.33,132758.54,0.00
MDS-01439,DDS-2025-118,Meridian Downhole Services Ltd,NGP-QA-206,NG-Rig 44,Qarn Alam North,Extended Reach,29-May-2026,03-Jun-2026,12-Jun-2026,124488.17,18673.23,143161.40,0.00
MDS-01440,DDS-2025-118,Meridian Downhole Services Ltd,NGP-WS-029,NG-Rig 14,Qarn Alam North,HPHT,30-May-2026,03-Jun-2026,21-Jun-2026,107537.67,16130.65,123668.32,0.00
MDS-01441,DDS-2025-118,Meridian Downhole Services Ltd,NGP-WS-064,NG-Rig 21,Wadi Sahm,Extended Reach,30-May-2026,04-Jun-2026,26-Jun-2026,137886.88,20683.03,158569.91,0.00
MDS-01442,DDS-2025-118,Meridian Downhole Services Ltd,NGP-WS-136,NG-Rig 32,Harran,Extended Reach,30-May-2026,02-Jun-2026,08-Jun-2026,98370.20,14755.53,113125.73,0.00
MDS-01443,DDS-2025-118,Meridian Downhole Services Ltd,NGP-WS-153,NG-Rig 35,Wadi Sahm,HPHT,30-May-2026,30-May-2026,09-Jun-2026,52780.47,7917.07,60697.54,0.00
MDS-01444,DDS-2025-118,Meridian Downhole Services Ltd,NGP-BD-013,NG-Rig 11,Qarn Alam North,Standard,31-May-2026,05-Jun-2026,29-Jun-2026,90577.23,13586.58,104163.81,0.00
MDS-01445,DDS-2025-118,Meridian Downhole Services Ltd,NGP-HA-118,NG-Rig 30,Qarn Alam North,Standard,31-May-2026,03-Jun-2026,02-Jul-2026,55953.53,8393.03,64346.56,0.00
MDS-01446,DDS-2025-118,Meridian Downhole Services Ltd,NGP-BD-223,NG-Rig 47,Qarn Alam North,Standard,01-Jun-2026,05-Jun-2026,30-Jun-2026,176076.62,26411.49,202488.11,0.00
MDS-01447,DDS-2025-118,Meridian Downhole Services Ltd,NGP-QA-171,NG-Rig 38,Burqan Deep,Extended Reach,01-Jun-2026,04-Jun-2026,09-Jun-2026,129535.25,19430.29,148965.54,0.00
MDS-01448,DDS-2025-118,Meridian Downhole Services Ltd,NGP-QA-188,NG-Rig 41,Wadi Sahm,Standard,01-Jun-2026,04-Jun-2026,15-Jun-2026,145218.23,21782.73,167000.96,0.00
MDS-01449,DDS-2025-118,Meridian Downhole Services Ltd,NGP-HA-047,NG-Rig 17,Qarn Alam North,Standard,02-Jun-2026,06-Jun-2026,27-Jun-2026,119012.12,17851.82,136863.94,0.00
MDS-01450,DDS-2025-118,Meridian Downhole Services Ltd,NGP-HA-100,NG-Rig 26,Harran,Standard,02-Jun-2026,03-Jun-2026,23-Jun-2026,57430.73,8614.61,66045.34,0.00
MDS-01451,DDS-2025-118,Meridian Downhole Services Ltd,NGP-WS-136,NG-Rig 32,Harran,Extended Reach,03-Jun-2026,06-Jun-2026,22-Jun-2026,140408.62,21061.29,161469.91,0.00
MDS-01452,DDS-2025-118,Meridian Downhole Services Ltd,NGP-BD-083,NG-Rig 23,Wadi Sahm,Standard,04-Jun-2026,06-Jun-2026,23-Jun-2026,79108.88,11866.33,90975.21,0.00
MDS-01453,DDS-2025-118,Meridian Downhole Services Ltd,NGP-HA-118,NG-Rig 30,Qarn Alam North,Standard,04-Jun-2026,05-Jun-2026,01-Jul-2026,59023.32,8853.50,67876.82,0.00
MDS-01454,DDS-2025-118,Meridian Downhole Services Ltd,NGP-QA-206,NG-Rig 44,Qarn Alam North,Extended Reach,04-Jun-2026,09-Jun-2026,02-Jul-2026,146192.96,21928.94,168121.90,0.00
MDS-01455,DDS-2025-118,Meridian Downhole Services Ltd,NGP-WS-154,NG-Rig 35,Qarn Alam North,Standard,04-Jun-2026,06-Jun-2026,24-Jun-2026,82084.13,12312.62,94396.75,0.00
MDS-01456,DDS-2025-118,Meridian Downhole Services Ltd,NGP-QA-171,NG-Rig 38,Burqan Deep,Extended Reach,05-Jun-2026,10-Jun-2026,22-Jun-2026,203702.74,30555.41,234258.15,0.00
MDS-01457,DDS-2025-118,Meridian Downhole Services Ltd,NGP-QA-188,NG-Rig 41,Wadi Sahm,Standard,05-Jun-2026,10-Jun-2026,30-Jun-2026,243642.03,36546.30,280188.33,0.00
MDS-01458,DDS-2025-118,Meridian Downhole Services Ltd,NGP-WS-064,NG-Rig 21,Wadi Sahm,Extended Reach,05-Jun-2026,10-Jun-2026,28-Jun-2026,549120.82,82368.12,631488.94,0.00
MDS-01459,DDS-2025-118,Meridian Downhole Services Ltd,NGP-BD-013,NG-Rig 11,Qarn Alam North,Standard,06-Jun-2026,08-Jun-2026,14-Jun-2026,57692.91,8653.94,66346.85,0.00
MDS-01460,DDS-2025-118,Meridian Downhole Services Ltd,NGP-BD-223,NG-Rig 47,Qarn Alam North,Standard,06-Jun-2026,09-Jun-2026,13-Jun-2026,131628.50,19744.28,151372.78,0.00
MDS-01461,DDS-2025-118,Meridian Downhole Services Ltd,NGP-BD-083,NG-Rig 23,Wadi Sahm,Standard,07-Jun-2026,11-Jun-2026,21-Jun-2026,78473.95,11771.09,90245.04,0.00
MDS-01462,DDS-2025-118,Meridian Downhole Services Ltd,NGP-HA-047,NG-Rig 17,Qarn Alam North,Standard,07-Jun-2026,10-Jun-2026,13-Jun-2026,55584.39,8337.66,63922.05,0.00
MDS-01463,DDS-2025-118,Meridian Downhole Services Ltd,NGP-WS-136,NG-Rig 32,Harran,Extended Reach,07-Jun-2026,10-Jun-2026,04-Jul-2026,148845.65,22326.85,171172.50,0.00
MDS-01464,DDS-2025-118,Meridian Downhole Services Ltd,NGP-WS-154,NG-Rig 35,Qarn Alam North,Standard,07-Jun-2026,11-Jun-2026,22-Jun-2026,72438.35,10865.75,83304.10,0.00
MDS-01465,DDS-2025-118,Meridian Downhole Services Ltd,NGP-QA-101,NG-Rig 26,Qarn Alam North,Standard,08-Jun-2026,11-Jun-2026,30-Jun-2026,101199.55,15179.93,116379.48,0.00
MDS-01466,DDS-2025-118,Meridian Downhole Services Ltd,NGP-WS-030,NG-Rig 14,Burqan Deep,Standard,08-Jun-2026,13-Jun-2026,04-Jul-2026,132134.18,19820.13,151954.31,0.00
MDS-01467,DDS-2025-118,Meridian Downhole Services Ltd,NGP-BD-013,NG-Rig 11,Qarn Alam North,Standard,09-Jun-2026,11-Jun-2026,27-Jun-2026,50877.25,7631.59,58508.84,0.00
MDS-01468,DDS-2025-118,Meridian Downhole Services Ltd,NGP-BD-223,NG-Rig 47,Qarn Alam North,Standard,10-Jun-2026,15-Jun-2026,26-Jun-2026,232839.04,34925.86,267764.90,0.00
MDS-01469,DDS-2025-118,Meridian Downhole Services Ltd,NGP-QA-206,NG-Rig 44,Qarn Alam North,Extended Reach,10-Jun-2026,13-Jun-2026,05-Jul-2026,102747.50,15412.12,118159.62,0.00
MDS-01470,DDS-2025-118,Meridian Downhole Services Ltd,NGP-BD-119,NG-Rig 30,Burqan Deep,Standard,11-Jun-2026,14-Jun-2026,14-Jul-2026,81346.64,12202.00,93548.64,0.00
MDS-01471,DDS-2025-118,Meridian Downhole Services Ltd,NGP-HA-047,NG-Rig 17,Qarn Alam North,Standard,11-Jun-2026,16-Jun-2026,05-Jul-2026,134929.99,20239.50,155169.49,0.00
MDS-01472,DDS-2025-118,Meridian Downhole Services Ltd,NGP-QA-171,NG-Rig 38,Burqan Deep,Extended Reach,11-Jun-2026,13-Jun-2026,06-Jul-2026,103897.43,15584.61,119482.04,0.00
MDS-01473,DDS-2025-118,Meridian Downhole Services Ltd,NGP-QA-188,NG-Rig 41,Wadi Sahm,Standard,11-Jun-2026,16-Jun-2026,08-Jul-2026,176211.50,26431.72,202643.22,0.00
MDS-01474,DDS-2025-118,Meridian Downhole Services Ltd,NGP-WS-064,NG-Rig 21,Wadi Sahm,Extended Reach,11-Jun-2026,14-Jun-2026,12-Jul-2026,104470.78,15670.62,120141.40,0.00
MDS-01475,DDS-2025-118,Meridian Downhole Services Ltd,NGP-WS-136,NG-Rig 32,Harran,Extended Reach,11-Jun-2026,14-Jun-2026,27-Jun-2026,185582.42,27837.36,213419.78,0.00
MDS-01476,DDS-2025-118,Meridian Downhole Services Ltd,NGP-BD-013,NG-Rig 11,Qarn Alam North,Standard,12-Jun-2026,14-Jun-2026,21-Jun-2026,59462.88,8919.43,68382.31,0.00
MDS-01477,DDS-2025-118,Meridian Downhole Services Ltd,NGP-BD-083,NG-Rig 23,Wadi Sahm,Standard,12-Jun-2026,15-Jun-2026,13-Jul-2026,67520.73,10128.11,77648.84,0.00
MDS-01478,DDS-2025-118,Meridian Downhole Services Ltd,NGP-QA-101,NG-Rig 26,Qarn Alam North,Standard,12-Jun-2026,14-Jun-2026,09-Jul-2026,47052.46,7057.87,54110.33,0.00
MDS-01479,DDS-2025-118,Meridian Downhole Services Ltd,NGP-WS-154,NG-Rig 35,Qarn Alam North,Standard,12-Jun-2026,17-Jun-2026,01-Jul-2026,136966.61,20544.99,157511.60,0.00
MDS-01480,DDS-2025-118,Meridian Downhole Services Ltd,NGP-QA-206,NG-Rig 44,Qarn Alam North,Extended Reach,14-Jun-2026,17-Jun-2026,07-Jul-2026,103203.40,15480.51,118683.91,0.00
MDS-01481,DDS-2025-118,Meridian Downhole Services Ltd,NGP-WS-030,NG-Rig 14,Burqan Deep,Standard,14-Jun-2026,19-Jun-2026,06-Jul-2026,108358.08,16253.71,124611.79,0.00
MDS-01482,DDS-2025-118,Meridian Downhole Services Ltd,NGP-BD-013,NG-Rig 11,Qarn Alam North,Standard,15-Jun-2026,17-Jun-2026,29-Jun-2026,57882.72,8682.41,66565.13,0.00
MDS-01483,DDS-2025-118,Meridian Downhole Services Ltd,NGP-BD-119,NG-Rig 30,Burqan Deep,Standard,15-Jun-2026,20-Jun-2026,12-Jul-2026,110282.58,16542.39,126824.97,0.00
MDS-01484,DDS-2025-118,Meridian Downhole Services Ltd,NGP-HA-172,NG-Rig 38,Burqan Deep,Extended Reach,15-Jun-2026,17-Jun-2026,17-Jul-2026,83823.77,12573.57,96397.34,0.00
MDS-01485,DDS-2025-118,Meridian Downhole Services Ltd,NGP-QA-101,NG-Rig 26,Qarn Alam North,Standard,15-Jun-2026,17-Jun-2026,05-Jul-2026,42240.02,6336.00,48576.02,0.00
MDS-01486,DDS-2025-118,Meridian Downhole Services Ltd,NGP-WS-064,NG-Rig 21,Wadi Sahm,Extended Reach,15-Jun-2026,16-Jun-2026,02-Jul-2026,71485.91,10722.89,82208.80,0.00
MDS-01487,DDS-2025-118,Meridian Downhole Services Ltd,NGP-WS-136,NG-Rig 32,Harran,Extended Reach,15-Jun-2026,19-Jun-2026,23-Jun-2026,123432.40,18514.86,141947.26,0.00
MDS-01488,DDS-2025-118,Meridian Downhole Services Ltd,NGP-BD-083,NG-Rig 23,Wadi Sahm,Standard,16-Jun-2026,18-Jun-2026,30-Jun-2026,88582.75,13287.41,101870.16,0.00
MDS-01489,DDS-2025-118,Meridian Downhole Services Ltd,NGP-BD-223,NG-Rig 47,Qarn Alam North,Standard,16-Jun-2026,19-Jun-2026,17-Jul-2026,149651.30,22447.70,172099.00,0.00
MDS-01490,DDS-2025-118,Meridian Downhole Services Ltd,NGP-HA-047,NG-Rig 17,Qarn Alam North,Standard,17-Jun-2026,20-Jun-2026,18-Jul-2026,129306.28,19395.94,148702.22,0.00
MDS-01491,DDS-2025-118,Meridian Downhole Services Ltd,NGP-QA-188,NG-Rig 41,Wadi Sahm,Standard,17-Jun-2026,19-Jun-2026,26-Jun-2026,45555.34,6833.30,52388.64,0.00
MDS-01492,DDS-2025-118,Meridian Downhole Services Ltd,NGP-BD-013,NG-Rig 11,Qarn Alam North,Standard,18-Jun-2026,20-Jun-2026,24-Jun-2026,70000.79,10500.12,80500.91,0.00
MDS-01493,DDS-2025-118,Meridian Downhole Services Ltd,NGP-HA-172,NG-Rig 38,Burqan Deep,Extended Reach,18-Jun-2026,22-Jun-2026,10-Jul-2026,84747.50,12712.12,97459.62,0.00
MDS-01494,DDS-2025-118,Meridian Downhole Services Ltd,NGP-QA-101,NG-Rig 26,Qarn Alam North,Standard,18-Jun-2026,23-Jun-2026,17-Jul-2026,167562.59,25134.39,192696.98,0.00
MDS-01495,DDS-2025-118,Meridian Downhole Services Ltd,NGP-QA-206,NG-Rig 44,Qarn Alam North,Extended Reach,18-Jun-2026,21-Jun-2026,16-Jul-2026,138569.26,20785.39,159354.65,0.00
MDS-01496,DDS-2025-118,Meridian Downhole Services Ltd,NGP-WS-065,NG-Rig 21,Harran,Extended Reach,18-Jun-2026,21-Jun-2026,21-Jul-2026,97610.81,14641.62,112252.43,0.00
MDS-01497,DDS-2025-118,Meridian Downhole Services Ltd,NGP-WS-154,NG-Rig 35,Qarn Alam North,Standard,18-Jun-2026,21-Jun-2026,28-Jun-2026,107620.74,16143.11,123763.85,0.00
MDS-01498,DDS-2025-118,Meridian Downhole Services Ltd,NGP-BD-083,NG-Rig 23,Wadi Sahm,Standard,19-Jun-2026,24-Jun-2026,14-Jul-2026,194883.20,29232.48,224115.68,0.00
MDS-01499,DDS-2025-118,Meridian Downhole Services Ltd,NGP-BD-223,NG-Rig 47,Qarn Alam North,Standard,20-Jun-2026,24-Jun-2026,22-Jul-2026,91556.71,13733.51,105290.22,0.00
MDS-01500,DDS-2025-118,Meridian Downhole Services Ltd,NGP-QA-188,NG-Rig 41,Wadi Sahm,Standard,20-Jun-2026,25-Jun-2026,15-Jul-2026,119299.39,17894.91,137194.30,0.00
MDS-01501,DDS-2025-118,Meridian Downhole Services Ltd,NGP-WS-030,NG-Rig 14,Burqan Deep,Standard,20-Jun-2026,22-Jun-2026,10-Jul-2026,104510.15,15676.52,120186.67,0.00
MDS-01502,DDS-2025-118,Meridian Downhole Services Ltd,NGP-WS-136,NG-Rig 32,Harran,Extended Reach,20-Jun-2026,24-Jun-2026,06-Jul-2026,77541.35,11631.20,89172.55,0.00
MDS-01503,DDS-2025-118,Meridian Downhole Services Ltd,NGP-BD-013,NG-Rig 11,Qarn Alam North,Standard,21-Jun-2026,24-Jun-2026,30-Jun-2026,96622.84,14493.43,111116.27,0.00
MDS-01504,DDS-2025-118,Meridian Downhole Services Ltd,NGP-BD-119,NG-Rig 30,Burqan Deep,Standard,21-Jun-2026,24-Jun-2026,16-Jul-2026,122963.58,18444.54,141408.12,0.00
MDS-01505,DDS-2025-118,Meridian Downhole Services Ltd,NGP-HA-047,NG-Rig 17,Qarn Alam North,Standard,21-Jun-2026,25-Jun-2026,17-Jul-2026,175256.02,26288.40,201544.42,0.00
MDS-01506,DDS-2025-118,Meridian Downhole Services Ltd,NGP-QA-206,NG-Rig 44,Qarn Alam North,Extended Reach,22-Jun-2026,22-Jun-2026,16-Jul-2026,48093.05,7213.96,55307.01,0.00
MDS-01507,DDS-2025-118,Meridian Downhole Services Ltd,NGP-WS-065,NG-Rig 21,Harran,Extended Reach,22-Jun-2026,25-Jun-2026,04-Jul-2026,64862.62,9729.39,74592.01,0.00
MDS-01508,DDS-2025-118,Meridian Downhole Services Ltd,NGP-WS-154,NG-Rig 35,Qarn Alam North,Standard,22-Jun-2026,25-Jun-2026,28-Jun-2026,103884.96,15582.74,119467.70,0.00
MDS-01509,DDS-2025-118,Meridian Downhole Services Ltd,NGP-HA-172,NG-Rig 38,Burqan Deep,Extended Reach,23-Jun-2026,26-Jun-2026,18-Jul-2026,66829.67,10024.45,76854.12,0.00
MDS-01510,DDS-2025-118,Meridian Downhole Services Ltd,NGP-WS-030,NG-Rig 14,Burqan Deep,Standard,23-Jun-2026,25-Jun-2026,22-Jul-2026,99021.93,14853.29,113875.22,0.00
MDS-01511,DDS-2025-118,Meridian Downhole Services Ltd,NGP-QA-101,NG-Rig 26,Qarn Alam North,Standard,24-Jun-2026,26-Jun-2026,14-Jul-2026,104556.65,15683.50,120240.15,0.00
MDS-01512,DDS-2025-118,Meridian Downhole Services Ltd,NGP-BD-013,NG-Rig 11,Qarn Alam North,Standard,25-Jun-2026,30-Jun-2026,30-Jul-2026,145711.82,21856.77,167568.59,0.00
MDS-01513,DDS-2025-118,Meridian Downhole Services Ltd,NGP-BD-083,NG-Rig 23,Wadi Sahm,Standard,25-Jun-2026,28-Jun-2026,05-Jul-2026,128861.26,19329.19,148190.45,0.00
MDS-01514,DDS-2025-118,Meridian Downhole Services Ltd,NGP-BD-119,NG-Rig 30,Burqan Deep,Standard,25-Jun-2026,29-Jun-2026,17-Jul-2026,168042.43,25206.36,193248.79,0.00
MDS-01515,DDS-2025-118,Meridian Downhole Services Ltd,NGP-BD-223,NG-Rig 47,Qarn Alam North,Standard,25-Jun-2026,27-Jun-2026,16-Jul-2026,49469.05,7420.36,56889.41,0.00
MDS-01516,DDS-2025-118,Meridian Downhole Services Ltd,NGP-WS-136,NG-Rig 32,Harran,Extended Reach,25-Jun-2026,25-Jun-2026,30-Jun-2026,43244.85,6486.73,49731.58,0.00
MDS-01517,DDS-2025-118,Meridian Downhole Services Ltd,NGP-HA-047,NG-Rig 17,Qarn Alam North,Standard,26-Jun-2026,30-Jun-2026,27-Jul-2026,205867.11,30880.07,236747.18,0.00
MDS-01518,DDS-2025-118,Meridian Downhole Services Ltd,NGP-WS-030,NG-Rig 14,Burqan Deep,Standard,26-Jun-2026,30-Jun-2026,13-Jul-2026,175222.23,26283.33,201505.56,0.00
MDS-01519,DDS-2025-118,Meridian Downhole Services Ltd,NGP-WS-065,NG-Rig 21,Harran,Extended Reach,26-Jun-2026,01-Jul-2026,15-Jul-2026,161620.08,24243.01,185863.09,0.00
MDS-01520,DDS-2025-118,Meridian Downhole Services Ltd,NGP-WS-154,NG-Rig 35,Qarn Alam North,Standard,26-Jun-2026,01-Jul-2026,27-Jul-2026,135922.90,20388.44,156311.34,0.00
MDS-01521,DDS-2025-118,Meridian Downhole Services Ltd,NGP-HA-172,NG-Rig 38,Burqan Deep,Extended Reach,27-Jun-2026,30-Jun-2026,03-Jul-2026,1253763.64,188064.55,1441828.19,0.00
MDS-01522,DDS-2025-118,Meridian Downhole Services Ltd,NGP-HA-189,NG-Rig 41,Qarn Alam North,Extended Reach,27-Jun-2026,01-Jul-2026,23-Jul-2026,114845.63,17226.84,132072.47,0.00
MDS-01523,DDS-2025-118,Meridian Downhole Services Ltd,NGP-QA-101,NG-Rig 26,Qarn Alam North,Standard,27-Jun-2026,30-Jun-2026,22-Jul-2026,141250.20,21187.53,162437.73,0.00
MDS-01524,DDS-2025-118,Meridian Downhole Services Ltd,NGP-BD-223,NG-Rig 47,Qarn Alam North,Standard,28-Jun-2026,30-Jun-2026,28-Jul-2026,72953.62,10943.04,83896.66,0.00
MDS-01525,DDS-2025-118,Meridian Downhole Services Ltd,NGP-WS-207,NG-Rig 44,Harran,Extended Reach,28-Jun-2026,30-Jun-2026,30-Jul-2026,84437.97,12665.70,97103.67,0.00
MDS-01526,DDS-2025-118,Meridian Downhole Services Ltd,NGP-BD-083,NG-Rig 23,Wadi Sahm,Standard,29-Jun-2026,04-Jul-2026,14-Jul-2026,221944.31,33291.65,255235.96,0.00
MDS-01527,DDS-2025-118,Meridian Downhole Services Ltd,NGP-BD-119,NG-Rig 30,Burqan Deep,Standard,30-Jun-2026,02-Jul-2026,19-Jul-2026,84055.58,12608.34,96663.92,0.00
MDS-01528,DDS-2025-118,Meridian Downhole Services Ltd,NGP-QA-137,NG-Rig 32,Harran,Standard,30-Jun-2026,04-Jul-2026,02-Aug-2026,107993.69,16199.05,124192.74,0.00
MDS-01529,DDS-2025-118,Meridian Downhole Services Ltd,NGP-BD-013,NG-Rig 11,Qarn Alam North,Standard,01-Jul-2026,04-Jul-2026,21-Jul-2026,59961.61,8994.24,68955.85,0.00
MDS-01530,DDS-2025-118,Meridian Downhole Services Ltd,NGP-HA-047,NG-Rig 17,Qarn Alam North,Standard,01-Jul-2026,04-Jul-2026,21-Jul-2026,137139.75,20570.96,157710.71,0.00
MDS-01531,DDS-2025-118,Meridian Downhole Services Ltd,NGP-HA-172,NG-Rig 38,Burqan Deep,Extended Reach,01-Jul-2026,03-Jul-2026,27-Jul-2026,62175.78,9326.37,71502.15,0.00
MDS-01532,DDS-2025-118,Meridian Downhole Services Ltd,NGP-QA-101,NG-Rig 26,Qarn Alam North,Standard,01-Jul-2026,05-Jul-2026,04-Aug-2026,230602.08,34590.31,265192.39,0.00
MDS-01533,DDS-2025-118,Meridian Downhole Services Ltd,NGP-WS-030,NG-Rig 14,Burqan Deep,Standard,01-Jul-2026,04-Jul-2026,10-Jul-2026,1243323.48,186498.52,1429822.00,0.00
MDS-01534,DDS-2025-118,Meridian Downhole Services Ltd,NGP-WS-207,NG-Rig 44,Harran,Extended Reach,01-Jul-2026,05-Jul-2026,21-Jul-2026,79414.64,11912.20,91326.84,0.00
MDS-01535,DDS-2025-118,Meridian Downhole Services Ltd,NGP-HA-189,NG-Rig 41,Qarn Alam North,Extended Reach,02-Jul-2026,07-Jul-2026,17-Jul-2026,91881.43,13782.21,105663.64,0.00
MDS-01536,DDS-2025-118,Meridian Downhole Services Ltd,NGP-WS-065,NG-Rig 21,Harran,Extended Reach,02-Jul-2026,05-Jul-2026,18-Jul-2026,126401.90,18960.28,145362.18,0.00
MDS-01537,DDS-2025-118,Meridian Downhole Services Ltd,NGP-WS-154,NG-Rig 35,Qarn Alam North,Standard,02-Jul-2026,04-Jul-2026,16-Jul-2026,44792.13,6718.82,51510.95,0.00
MDS-01538,DDS-2025-118,Meridian Downhole Services Ltd,NGP-BD-119,NG-Rig 30,Burqan Deep,Standard,03-Jul-2026,06-Jul-2026,15-Jul-2026,139073.51,20861.03,159934.54,0.00
MDS-01539,DDS-2025-118,Meridian Downhole Services Ltd,NGP-HA-172,NG-Rig 38,Burqan Deep,Extended Reach,04-Jul-2026,06-Jul-2026,10-Jul-2026,73949.89,11092.48,85042.37,0.00
MDS-01540,DDS-2025-118,Meridian Downhole Services Ltd,NGP-BD-013,NG-Rig 11,Qarn Alam North,Standard,05-Jul-2026,07-Jul-2026,11-Jul-2026,73270.74,10990.61,84261.35,0.00
MDS-01541,DDS-2025-118,Meridian Downhole Services Ltd,NGP-BD-083,NG-Rig 23,Wadi Sahm,Standard,05-Jul-2026,10-Jul-2026,08-Aug-2026,102465.67,15369.85,117835.52,0.00
MDS-01542,DDS-2025-118,Meridian Downhole Services Ltd,NGP-HA-047,NG-Rig 17,Qarn Alam North,Standard,05-Jul-2026,07-Jul-2026,11-Jul-2026,106148.48,15922.27,122070.75,0.00
MDS-01543,DDS-2025-118,Meridian Downhole Services Ltd,NGP-QA-137,NG-Rig 32,Harran,Standard,05-Jul-2026,10-Jul-2026,20-Jul-2026,81581.10,12237.16,93818.26,0.00
MDS-01544,DDS-2025-118,Meridian Downhole Services Ltd,NGP-WS-030,NG-Rig 14,Burqan Deep,Standard,05-Jul-2026,08-Jul-2026,23-Jul-2026,122520.04,18378.01,140898.05,0.00
MDS-01545,DDS-2025-118,Meridian Downhole Services Ltd,NGP-WS-154,NG-Rig 35,Qarn Alam North,Standard,05-Jul-2026,10-Jul-2026,22-Jul-2026,85794.08,12869.11,98663.19,0.00
MDS-01546,DDS-2025-118,Meridian Downhole Services Ltd,NGP-QA-101,NG-Rig 26,Qarn Alam North,Standard,06-Jul-2026,07-Jul-2026,14-Jul-2026,93803.95,14070.59,107874.54,0.00
MDS-01547,DDS-2025-118,Meridian Downhole Services Ltd,NGP-QA-224,NG-Rig 47,Wadi Sahm,Standard,06-Jul-2026,09-Jul-2026,17-Jul-2026,98534.19,14780.13,113314.32,0.00
MDS-01548,DDS-2025-118,Meridian Downhole Services Ltd,NGP-WS-065,NG-Rig 21,Harran,Extended Reach,06-Jul-2026,08-Jul-2026,16-Jul-2026,117024.14,17553.62,134577.76,0.00
MDS-01549,DDS-2025-118,Meridian Downhole Services Ltd,NGP-WS-207,NG-Rig 44,Harran,Extended Reach,06-Jul-2026,11-Jul-2026,19-Jul-2026,155671.21,23350.68,179021.89,0.00
MDS-01550,DDS-2025-118,Meridian Downhole Services Ltd,NGP-BD-119,NG-Rig 30,Burqan Deep,Standard,07-Jul-2026,10-Jul-2026,29-Jul-2026,646176.18,96926.43,743102.61,0.00
MDS-01551,DDS-2025-118,Meridian Downhole Services Ltd,NGP-HA-172,NG-Rig 38,Burqan Deep,Extended Reach,07-Jul-2026,09-Jul-2026,18-Jul-2026,100863.35,15129.50,115992.85,0.00
MDS-01552,DDS-2025-118,Meridian Downhole Services Ltd,NGP-HA-047,NG-Rig 17,Qarn Alam North,Standard,08-Jul-2026,12-Jul-2026,07-Aug-2026,89077.83,13361.67,102439.50,0.00
MDS-01553,DDS-2025-118,Meridian Downhole Services Ltd,NGP-HA-189,NG-Rig 41,Qarn Alam North,Extended Reach,08-Jul-2026,10-Jul-2026,03-Aug-2026,79354.20,11903.13,91257.33,0.00
MDS-01554,DDS-2025-118,Meridian Downhole Services Ltd,NGP-HA-014,NG-Rig 11,Wadi Sahm,HPHT,09-Jul-2026,14-Jul-2026,05-Aug-2026,134803.82,20220.57,155024.39,0.00
MDS-01555,DDS-2025-118,Meridian Downhole Services Ltd,NGP-WS-030,NG-Rig 14,Burqan Deep,Standard,09-Jul-2026,12-Jul-2026,31-Jul-2026,148732.70,22309.90,171042.60,0.00
MDS-01556,DDS-2025-118,Meridian Downhole Services Ltd,NGP-WS-065,NG-Rig 21,Harran,Extended Reach,09-Jul-2026,13-Jul-2026,25-Jul-2026,229835.71,34475.36,264311.07,0.00
MDS-01557,DDS-2025-118,Meridian Downhole Services Ltd,NGP-HA-172,NG-Rig 38,Burqan Deep,Extended Reach,10-Jul-2026,12-Jul-2026,22-Jul-2026,93492.11,14023.82,107515.93,0.00
MDS-01558,DDS-2025-118,Meridian Downhole Services Ltd,NGP-QA-224,NG-Rig 47,Wadi Sahm,Standard,10-Jul-2026,15-Jul-2026,18-Jul-2026,92509.00,13876.35,106385.35,0.00
MDS-01559,DDS-2025-118,Meridian Downhole Services Ltd,NGP-BD-083,NG-Rig 23,Wadi Sahm,Standard,11-Jul-2026,14-Jul-2026,01-Aug-2026,89008.72,13351.31,102360.03,0.00
MDS-01560,DDS-2025-118,Meridian Downhole Services Ltd,NGP-BD-119,NG-Rig 30,Burqan Deep,Standard,11-Jul-2026,14-Jul-2026,10-Aug-2026,160994.44,24149.17,185143.61,0.00
MDS-01561,DDS-2025-118,Meridian Downhole Services Ltd,NGP-HA-189,NG-Rig 41,Qarn Alam North,Extended Reach,11-Jul-2026,15-Jul-2026,09-Aug-2026,143549.77,21532.47,165082.24,0.00
MDS-01562,DDS-2025-118,Meridian Downhole Services Ltd,NGP-QA-137,NG-Rig 32,Harran,Standard,11-Jul-2026,13-Jul-2026,25-Jul-2026,77149.37,11572.41,88721.78,0.00
MDS-01563,DDS-2025-118,Meridian Downhole Services Ltd,NGP-WS-154,NG-Rig 35,Qarn Alam North,Standard,11-Jul-2026,12-Jul-2026,27-Jul-2026,56949.06,8542.36,65491.42,0.00
MDS-01564,DDS-2025-118,Meridian Downhole Services Ltd,NGP-WS-207,NG-Rig 44,Harran,Extended Reach,12-Jul-2026,14-Jul-2026,06-Aug-2026,130855.54,19628.33,150483.87,0.00
MDS-01565,DDS-2025-118,Meridian Downhole Services Ltd,NGP-HA-047,NG-Rig 17,Qarn Alam North,Standard,13-Jul-2026,17-Jul-2026,31-Jul-2026,102252.84,15337.93,117590.77,0.00
MDS-01566,DDS-2025-118,Meridian Downhole Services Ltd,NGP-HA-172,NG-Rig 38,Burqan Deep,Extended Reach,13-Jul-2026,15-Jul-2026,03-Aug-2026,66783.16,10017.47,76800.63,0.00
MDS-01567,DDS-2025-118,Meridian Downhole Services Ltd,NGP-QA-102,NG-Rig 26,Harran,Extended Reach,13-Jul-2026,15-Jul-2026,29-Jul-2026,83442.70,12516.40,95959.10,0.00
MDS-01568,DDS-2025-118,Meridian Downhole Services Ltd,NGP-WS-030,NG-Rig 14,Burqan Deep,Standard,13-Jul-2026,16-Jul-2026,24-Jul-2026,171954.55,25793.18,197747.73,0.00
MDS-01569,DDS-2025-118,Meridian Downhole Services Ltd,NGP-QA-137,NG-Rig 32,Harran,Standard,14-Jul-2026,18-Jul-2026,15-Aug-2026,210072.43,31510.86,241583.29,0.00
MDS-01570,DDS-2025-118,Meridian Downhole Services Ltd,NGP-WS-065,NG-Rig 21,Harran,Extended Reach,14-Jul-2026,16-Jul-2026,11-Aug-2026,154404.36,23160.65,177565.01,0.00
MDS-01571,DDS-2025-118,Meridian Downhole Services Ltd,NGP-HA-014,NG-Rig 11,Wadi Sahm,HPHT,15-Jul-2026,17-Jul-2026,15-Aug-2026,40690.15,6103.52,46793.67,0.00
MDS-01572,DDS-2025-118,Meridian Downhole Services Ltd,NGP-WS-207,NG-Rig 44,Harran,Extended Reach,15-Jul-2026,20-Jul-2026,15-Aug-2026,244947.21,36742.08,281689.29,0.00
MDS-01573,DDS-2025-118,Meridian Downhole Services Ltd,NGP-HA-172,NG-Rig 38,Burqan Deep,Extended Reach,16-Jul-2026,16-Jul-2026,20-Jul-2026,48709.75,7306.46,56016.21,0.00
MDS-01574,DDS-2025-118,Meridian Downhole Services Ltd,NGP-HA-189,NG-Rig 41,Qarn Alam North,Extended Reach,16-Jul-2026,18-Jul-2026,21-Jul-2026,79264.84,11889.73,91154.57,0.00
MDS-01575,DDS-2025-118,Meridian Downhole Services Ltd,NGP-QA-102,NG-Rig 26,Harran,Extended Reach,16-Jul-2026,20-Jul-2026,02-Aug-2026,79421.70,11913.26,91334.96,0.00
MDS-01576,DDS-2025-118,Meridian Downhole Services Ltd,NGP-QA-224,NG-Rig 47,Wadi Sahm,Standard,16-Jul-2026,18-Jul-2026,29-Jul-2026,69468.53,10420.28,79888.81,0.00
MDS-01577,DDS-2025-118,Meridian Downhole Services Ltd,NGP-BD-084,NG-Rig 23,Qarn Alam North,Extended Reach,17-Jul-2026,22-Jul-2026,13-Aug-2026,118281.83,17742.27,136024.10,0.00
MDS-01578,DDS-2025-118,Meridian Downhole Services Ltd,NGP-WS-120,NG-Rig 30,Harran,Standard,17-Jul-2026,22-Jul-2026,30-Jul-2026,491789.03,73768.35,565557.38,0.00
MDS-01579,DDS-2025-118,Meridian Downhole Services Ltd,NGP-HA-014,NG-Rig 11,Wadi Sahm,HPHT,18-Jul-2026,20-Jul-2026,10-Aug-2026,81663.25,12249.49,93912.74,0.00
MDS-01580,DDS-2025-118,Meridian Downhole Services Ltd,NGP-QA-155,NG-Rig 35,Burqan Deep,Standard,18-Jul-2026,23-Jul-2026,10-Aug-2026,269618.66,40442.80,310061.46,0.00
MDS-01581,DDS-2025-118,Meridian Downhole Services Ltd,NGP-HA-189,NG-Rig 41,Qarn Alam North,Extended Reach,19-Jul-2026,21-Jul-2026,15-Aug-2026,93099.13,13964.87,107064.00,0.00
MDS-01582,DDS-2025-118,Meridian Downhole Services Ltd,NGP-QA-137,NG-Rig 32,Harran,Standard,19-Jul-2026,23-Jul-2026,01-Aug-2026,190237.74,28535.66,218773.40,0.00
MDS-01583,DDS-2025-118,Meridian Downhole Services Ltd,NGP-QA-224,NG-Rig 47,Wadi Sahm,Standard,19-Jul-2026,22-Jul-2026,05-Aug-2026,126893.34,19034.00,145927.34,0.00
MDS-01584,DDS-2025-118,Meridian Downhole Services Ltd,NGP-HA-048,NG-Rig 17,Harran,Standard,20-Jul-2026,22-Jul-2026,09-Aug-2026,82833.97,12425.10,95259.07,0.00
MDS-01585,DDS-2025-118,Meridian Downhole Services Ltd,NGP-WS-066,NG-Rig 21,Burqan Deep,Extended Reach,20-Jul-2026,23-Jul-2026,18-Aug-2026,100280.12,15042.02,115322.14,0.00
MDS-01586,DDS-2025-118,Meridian Downhole Services Ltd,NGP-BD-173,NG-Rig 38,Harran,Standard,21-Jul-2026,25-Jul-2026,03-Aug-2026,107510.16,16126.52,123636.68,0.00
MDS-01587,DDS-2025-118,Meridian Downhole Services Ltd,NGP-HA-014,NG-Rig 11,Wadi Sahm,HPHT,21-Jul-2026,24-Jul-2026,01-Aug-2026,172734.30,25910.14,198644.44,0.00
MDS-01588,DDS-2025-118,Meridian Downhole Services Ltd,NGP-QA-102,NG-Rig 26,Harran,Extended Reach,21-Jul-2026,23-Jul-2026,26-Jul-2026,85401.83,12810.27,98212.10,0.00
MDS-01589,DDS-2025-118,Meridian Downhole Services Ltd,NGP-WS-207,NG-Rig 44,Harran,Extended Reach,21-Jul-2026,25-Jul-2026,09-Aug-2026,166860.20,25029.03,191889.23,0.00
MDS-01590,DDS-2025-118,Meridian Downhole Services Ltd,NGP-BD-031,NG-Rig 14,Harran,Standard,22-Jul-2026,25-Jul-2026,08-Aug-2026,90442.25,13566.34,104008.59,0.00
MDS-01591,DDS-2025-118,Meridian Downhole Services Ltd,NGP-HA-189,NG-Rig 41,Qarn Alam North,Extended Reach,22-Jul-2026,26-Jul-2026,13-Aug-2026,124689.01,18703.35,143392.36,0.00
MDS-01592,DDS-2025-118,Meridian Downhole Services Ltd,NGP-BD-084,NG-Rig 23,Qarn Alam North,Extended Reach,23-Jul-2026,26-Jul-2026,05-Aug-2026,54336.68,8150.50,62487.18,0.00
MDS-01593,DDS-2025-118,Meridian Downhole Services Ltd,NGP-HA-048,NG-Rig 17,Harran,Standard,23-Jul-2026,26-Jul-2026,08-Aug-2026,67374.08,10106.11,77480.19,0.00
MDS-01594,DDS-2025-118,Meridian Downhole Services Ltd,NGP-QA-224,NG-Rig 47,Wadi Sahm,Standard,23-Jul-2026,26-Jul-2026,22-Aug-2026,114652.33,17197.85,131850.18,0.00
MDS-01595,DDS-2025-118,Meridian Downhole Services Ltd,NGP-WS-120,NG-Rig 30,Harran,Standard,23-Jul-2026,28-Jul-2026,09-Aug-2026,98547.40,14782.11,113329.51,0.00
MDS-01596,DDS-2025-118,Meridian Downhole Services Ltd,NGP-QA-102,NG-Rig 26,Harran,Extended Reach,24-Jul-2026,26-Jul-2026,24-Aug-2026,139330.82,20899.62,160230.44,0.00
MDS-01597,DDS-2025-118,Meridian Downhole Services Ltd,NGP-QA-137,NG-Rig 32,Harran,Standard,24-Jul-2026,29-Jul-2026,03-Aug-2026,212267.28,31840.09,244107.37,0.00
MDS-01598,DDS-2025-118,Meridian Downhole Services Ltd,NGP-QA-155,NG-Rig 35,Burqan Deep,Standard,24-Jul-2026,26-Jul-2026,22-Aug-2026,54329.29,8149.39,62478.68,0.00
MDS-01599,DDS-2025-118,Meridian Downhole Services Ltd,NGP-WS-066,NG-Rig 21,Burqan Deep,Extended Reach,24-Jul-2026,29-Jul-2026,23-Aug-2026,470164.03,70524.60,540688.63,0.00
MDS-01600,DDS-2025-118,Meridian Downhole Services Ltd,NGP-HA-014,NG-Rig 11,Wadi Sahm,HPHT,25-Jul-2026,29-Jul-2026,23-Aug-2026,199342.00,29901.30,229243.30,0.00
MDS-01601,DDS-2025-118,Meridian Downhole Services Ltd,NGP-BD-031,NG-Rig 14,Harran,Standard,26-Jul-2026,30-Jul-2026,22-Aug-2026,84647.87,12697.18,97345.05,0.00
MDS-01602,DDS-2025-118,Meridian Downhole Services Ltd,NGP-BD-173,NG-Rig 38,Harran,Standard,26-Jul-2026,31-Jul-2026,12-Aug-2026,127856.95,19178.54,147035.49,0.00
MDS-01603,DDS-2025-118,Meridian Downhole Services Ltd,NGP-WS-207,NG-Rig 44,Harran,Extended Reach,26-Jul-2026,29-Jul-2026,22-Aug-2026,123990.06,18598.51,142588.57,0.00
MDS-01604,DDS-2025-118,Meridian Downhole Services Ltd,NGP-BD-084,NG-Rig 23,Qarn Alam North,Extended Reach,27-Jul-2026,01-Aug-2026,29-Aug-2026,138339.72,20750.96,159090.68,0.00
MDS-01605,DDS-2025-118,Meridian Downhole Services Ltd,NGP-HA-048,NG-Rig 17,Harran,Standard,27-Jul-2026,31-Jul-2026,06-Aug-2026,89840.38,13476.06,103316.44,0.00
MDS-01606,DDS-2025-118,Meridian Downhole Services Ltd,NGP-HA-189,NG-Rig 41,Qarn Alam North,Extended Reach,27-Jul-2026,30-Jul-2026,21-Aug-2026,104954.56,15743.18,120697.74,0.00
MDS-01607,DDS-2025-118,Meridian Downhole Services Ltd,NGP-QA-102,NG-Rig 26,Harran,Extended Reach,27-Jul-2026,30-Jul-2026,20-Aug-2026,188264.06,28239.61,216503.67,0.00
MDS-01608,DDS-2025-118,Meridian Downhole Services Ltd,NGP-QA-155,NG-Rig 35,Burqan Deep,Standard,27-Jul-2026,01-Aug-2026,27-Aug-2026,149631.42,22444.71,172076.13,0.00
MDS-01609,DDS-2025-118,Meridian Downhole Services Ltd,NGP-QA-224,NG-Rig 47,Wadi Sahm,Standard,27-Jul-2026,30-Jul-2026,09-Aug-2026,154447.14,23167.07,177614.21,0.00
MDS-01610,DDS-2025-118,Meridian Downhole Services Ltd,NGP-WS-120,NG-Rig 30,Harran,Standard,29-Jul-2026,01-Aug-2026,05-Aug-2026,76276.86,11441.53,87718.39,0.00
MDS-01611,DDS-2025-118,Meridian Downhole Services Ltd,NGP-HA-014,NG-Rig 11,Wadi Sahm,HPHT,30-Jul-2026,03-Aug-2026,14-Aug-2026,163363.27,24504.49,187867.76,0.00
MDS-01612,DDS-2025-118,Meridian Downhole Services Ltd,NGP-QA-137,NG-Rig 32,Harran,Standard,30-Jul-2026,03-Aug-2026,12-Aug-2026,194680.66,29202.10,223882.76,0.00
MDS-01613,DDS-2025-118,Meridian Downhole Services Ltd,NGP-WS-066,NG-Rig 21,Burqan Deep,Extended Reach,30-Jul-2026,02-Aug-2026,14-Aug-2026,84041.50,12606.22,96647.72,0.00
MDS-01614,DDS-2025-118,Meridian Downhole Services Ltd,NGP-WS-207,NG-Rig 44,Harran,Extended Reach,30-Jul-2026,04-Aug-2026,28-Aug-2026,97664.19,14649.63,112313.82,0.00
MDS-01615,DDS-2025-118,Meridian Downhole Services Ltd,NGP-BD-031,NG-Rig 14,Harran,Standard,31-Jul-2026,04-Aug-2026,03-Sep-2026,148039.33,22205.90,170245.23,0.00
MDS-01616,DDS-2025-118,Meridian Downhole Services Ltd,NGP-HA-189,NG-Rig 41,Qarn Alam North,Extended Reach,31-Jul-2026,03-Aug-2026,08-Aug-2026,135632.08,20344.81,155976.89,0.00
MDS-01617,DDS-2025-118,Meridian Downhole Services Ltd,NGP-QA-102,NG-Rig 26,Harran,Extended Reach,31-Jul-2026,05-Aug-2026,24-Aug-2026,551281.81,82692.27,633974.08,0.00
MDS-01618,DDS-2025-118,Meridian Downhole Services Ltd,NGP-QA-224,NG-Rig 47,Wadi Sahm,Standard,31-Jul-2026,03-Aug-2026,15-Aug-2026,162184.31,24327.65,186511.96,0.00
MDS-01619,DDS-2025-118,Meridian Downhole Services Ltd,NGP-BD-173,NG-Rig 38,Harran,Standard,01-Aug-2026,13-Jan-2027,15-Jan-2027,152048.16,22807.22,174855.38,0.00
MDS-01620,DDS-2025-118,Meridian Downhole Services Ltd,NGP-HA-048,NG-Rig 17,Harran,Standard,01-Aug-2026,06-Aug-2026,19-Aug-2026,113629.59,17044.44,130674.03,0.00
MDS-01621,DDS-2025-118,Meridian Downhole Services Ltd,NGP-BD-084,NG-Rig 23,Qarn Alam North,Extended Reach,02-Aug-2026,07-Aug-2026,21-Aug-2026,173176.85,25976.53,199153.38,0.00
MDS-01622,DDS-2025-118,Meridian Downhole Services Ltd,NGP-QA-155,NG-Rig 35,Burqan Deep,Standard,02-Aug-2026,07-Aug-2026,31-Aug-2026,206865.96,31029.89,237895.85,0.00
MDS-01623,DDS-2025-118,Meridian Downhole Services Ltd,NGP-WS-120,NG-Rig 30,Harran,Standard,02-Aug-2026,07-Aug-2026,06-Sep-2026,127421.47,19113.22,146534.69,0.00
MDS-01624,DDS-2025-118,Meridian Downhole Services Ltd,NGP-WS-066,NG-Rig 21,Burqan Deep,Extended Reach,03-Aug-2026,06-Aug-2026,15-Aug-2026,86589.95,12988.49,99578.44,0.00
MDS-01625,DDS-2025-118,Meridian Downhole Services Ltd,NGP-HA-014,NG-Rig 11,Wadi Sahm,HPHT,04-Aug-2026,08-Aug-2026,17-Aug-2026,196783.11,29517.47,226300.58,0.00
MDS-01626,DDS-2025-118,Meridian Downhole Services Ltd,NGP-QA-224,NG-Rig 47,Wadi Sahm,Standard,04-Aug-2026,08-Aug-2026,29-Aug-2026,667875.62,100181.34,768056.96,0.00
MDS-01627,DDS-2025-118,Meridian Downhole Services Ltd,NGP-BD-031,NG-Rig 14,Harran,Standard,05-Aug-2026,07-Aug-2026,02-Sep-2026,84828.29,12724.24,97552.53,0.00
MDS-01628,DDS-2025-118,Meridian Downhole Services Ltd,NGP-WS-207,NG-Rig 44,Harran,Extended Reach,05-Aug-2026,06-Aug-2026,29-Aug-2026,59424.01,8913.60,68337.61,0.00
MDS-01629,DDS-2025-118,Meridian Downhole Services Ltd,NGP-BD-173,NG-Rig 38,Harran,Standard,06-Aug-2026,09-Aug-2026,16-Aug-2026,124028.67,18604.30,142632.97,0.00
MDS-01630,DDS-2025-118,Meridian Downhole Services Ltd,NGP-QA-102,NG-Rig 26,Harran,Extended Reach,06-Aug-2026,08-Aug-2026,27-Aug-2026,131877.92,19781.69,151659.61,0.00
MDS-01631,DDS-2025-118,Meridian Downhole Services Ltd,NGP-QA-138,NG-Rig 32,Qarn Alam North,Standard,06-Aug-2026,08-Aug-2026,18-Aug-2026,79676.47,11951.47,91627.94,0.00
MDS-01632,DDS-2025-118,Meridian Downhole Services Ltd,NGP-HA-048,NG-Rig 17,Harran,Standard,07-Aug-2026,10-Aug-2026,20-Aug-2026,91237.82,13685.67,104923.49,0.00
MDS-01633,DDS-2025-118,Meridian Downhole Services Ltd,NGP-WS-066,NG-Rig 21,Burqan Deep,Extended Reach,07-Aug-2026,09-Aug-2026,25-Aug-2026,81089.90,12163.48,93253.38,0.00
MDS-01634,DDS-2025-118,Meridian Downhole Services Ltd,NGP-BD-031,NG-Rig 14,Harran,Standard,08-Aug-2026,10-Aug-2026,20-Aug-2026,100553.66,15083.05,115636.71,0.00
MDS-01635,DDS-2025-118,Meridian Downhole Services Ltd,NGP-BD-084,NG-Rig 23,Qarn Alam North,Extended Reach,08-Aug-2026,10-Aug-2026,08-Sep-2026,89345.36,13401.80,102747.16,0.00
MDS-01636,DDS-2025-118,Meridian Downhole Services Ltd,NGP-HA-190,NG-Rig 41,Burqan Deep,Standard,08-Aug-2026,13-Aug-2026,11-Sep-2026,127932.87,19189.93,147122.80,0.00
MDS-01637,DDS-2025-118,Meridian Downhole Services Ltd,NGP-QA-155,NG-Rig 35,Burqan Deep,Standard,08-Aug-2026,10-Aug-2026,20-Aug-2026,89122.41,13368.36,102490.77,0.00
MDS-01638,DDS-2025-118,Meridian Downhole Services Ltd,NGP-WS-120,NG-Rig 30,Harran,Standard,08-Aug-2026,12-Aug-2026,04-Sep-2026,127976.15,19196.42,147172.57,0.00
MDS-01639,DDS-2025-118,Meridian Downhole Services Ltd,NGP-HA-014,NG-Rig 11,Wadi Sahm,HPHT,09-Aug-2026,14-Aug-2026,01-Sep-2026,246508.92,36976.34,283485.26,0.00
MDS-01640,DDS-2025-118,Meridian Downhole Services Ltd,NGP-QA-102,NG-Rig 26,Harran,Extended Reach,09-Aug-2026,11-Aug-2026,09-Sep-2026,130268.97,19540.35,149809.32,0.00
MDS-01641,DDS-2025-118,Meridian Downhole Services Ltd,NGP-QA-138,NG-Rig 32,Qarn Alam North,Standard,09-Aug-2026,12-Aug-2026,29-Aug-2026,65157.25,9773.59,74930.84,0.00
MDS-01642,DDS-2025-118,Meridian Downhole Services Ltd,NGP-BD-173,NG-Rig 38,Harran,Standard,10-Aug-2026,13-Aug-2026,12-Sep-2026,166112.97,24916.95,191029.92,0.00
MDS-01643,DDS-2025-118,Meridian Downhole Services Ltd,NGP-WS-066,NG-Rig 21,Burqan Deep,Extended Reach,10-Aug-2026,15-Aug-2026,12-Sep-2026,170251.65,25537.75,195789.40,0.00
MDS-01644,DDS-2025-118,Meridian Downhole Services Ltd,NGP-WS-208,NG-Rig 44,Burqan Deep,Standard,10-Aug-2026,14-Aug-2026,07-Sep-2026,112419.97,16863.00,129282.97,0.00
MDS-01645,DDS-2025-118,Meridian Downhole Services Ltd,NGP-BD-031,NG-Rig 14,Harran,Standard,11-Aug-2026,14-Aug-2026,18-Aug-2026,114650.11,17197.52,131847.63,0.00
MDS-01646,DDS-2025-118,Meridian Downhole Services Ltd,NGP-BD-084,NG-Rig 23,Qarn Alam North,Extended Reach,11-Aug-2026,15-Aug-2026,26-Aug-2026,138980.70,20847.10,159827.80,0.00
MDS-01647,DDS-2025-118,Meridian Downhole Services Ltd,NGP-HA-048,NG-Rig 17,Harran,Standard,11-Aug-2026,15-Aug-2026,28-Aug-2026,142939.35,21440.90,164380.25,0.00
MDS-01648,DDS-2025-118,Meridian Downhole Services Ltd,NGP-QA-155,NG-Rig 35,Burqan Deep,Standard,11-Aug-2026,14-Aug-2026,21-Aug-2026,152744.27,22911.64,175655.91,0.00
MDS-01649,DDS-2025-118,Meridian Downhole Services Ltd,NGP-WS-225,NG-Rig 47,Qarn Alam North,Standard,12-Aug-2026,15-Aug-2026,25-Aug-2026,96312.77,14446.92,110759.69,0.00
MDS-01650,DDS-2025-118,Meridian Downhole Services Ltd,NGP-QA-138,NG-Rig 32,Qarn Alam North,Standard,13-Aug-2026,18-Aug-2026,09-Sep-2026,97523.64,14628.55,112152.19,0.00
MDS-01651,DDS-2025-118,Meridian Downhole Services Ltd,NGP-WS-120,NG-Rig 30,Harran,Standard,13-Aug-2026,18-Aug-2026,29-Aug-2026,123710.43,18556.56,142266.99,0.00
MDS-01652,DDS-2025-118,Meridian Downhole Services Ltd,NGP-BD-173,NG-Rig 38,Harran,Standard,14-Aug-2026,19-Aug-2026,01-Sep-2026,255154.03,38273.10,293427.13,0.00
MDS-01653,DDS-2025-118,Meridian Downhole Services Ltd,NGP-HA-190,NG-Rig 41,Burqan Deep,Standard,14-Aug-2026,19-Aug-2026,24-Aug-2026,119166.77,17875.02,137041.79,0.00
MDS-01654,DDS-2025-118,Meridian Downhole Services Ltd,NGP-BD-031,NG-Rig 14,Harran,Standard,15-Aug-2026,20-Aug-2026,16-Sep-2026,211877.95,31781.69,243659.64,0.00
MDS-01655,DDS-2025-118,Meridian Downhole Services Ltd,NGP-BD-103,NG-Rig 26,Qarn Alam North,Standard,15-Aug-2026,19-Aug-2026,22-Aug-2026,109973.82,16496.07,126469.89,0.00
MDS-01656,DDS-2025-118,Meridian Downhole Services Ltd,NGP-HA-014,NG-Rig 11,Wadi Sahm,HPHT,15-Aug-2026,15-Aug-2026,26-Aug-2026,52081.23,7812.18,59893.41,0.00
MDS-01657,DDS-2025-118,Meridian Downhole Services Ltd,NGP-QA-155,NG-Rig 35,Burqan Deep,Standard,15-Aug-2026,17-Aug-2026,01-Sep-2026,113091.44,16963.72,130055.16,0.00
MDS-01658,DDS-2025-118,Meridian Downhole Services Ltd,NGP-WS-208,NG-Rig 44,Burqan Deep,Standard,15-Aug-2026,17-Aug-2026,01-Sep-2026,43364.10,6504.62,49868.72,0.00
MDS-01659,DDS-2025-118,Meridian Downhole Services Ltd,NGP-BD-084,NG-Rig 23,Qarn Alam North,Extended Reach,16-Aug-2026,20-Aug-2026,03-Sep-2026,140862.68,21129.40,161992.08,0.00
MDS-01660,DDS-2025-118,Meridian Downhole Services Ltd,NGP-HA-048,NG-Rig 17,Harran,Standard,16-Aug-2026,18-Aug-2026,21-Aug-2026,76343.45,11451.52,87794.97,0.00
MDS-01661,DDS-2025-118,Meridian Downhole Services Ltd,NGP-WS-066,NG-Rig 21,Burqan Deep,Extended Reach,16-Aug-2026,20-Aug-2026,30-Aug-2026,151882.77,22782.42,174665.19,0.00
MDS-01662,DDS-2025-118,Meridian Downhole Services Ltd,NGP-WS-225,NG-Rig 47,Qarn Alam North,Standard,16-Aug-2026,18-Aug-2026,09-Sep-2026,42143.34,6321.50,48464.84,0.00
MDS-01663,DDS-2025-118,Meridian Downhole Services Ltd,NGP-QA-155,NG-Rig 35,Burqan Deep,Standard,18-Aug-2026,19-Aug-2026,24-Aug-2026,85775.96,12866.39,98642.35,0.00
MDS-01664,DDS-2025-118,Meridian Downhole Services Ltd,NGP-WS-208,NG-Rig 44,Burqan Deep,Standard,18-Aug-2026,20-Aug-2026,31-Aug-2026,233265.91,34989.89,268255.80,0.00
MDS-01665,DDS-2025-118,Meridian Downhole Services Ltd,NGP-HA-048,NG-Rig 17,Harran,Standard,19-Aug-2026,22-Aug-2026,17-Sep-2026,105962.27,15894.34,121856.61,0.00
MDS-01666,DDS-2025-118,Meridian Downhole Services Ltd,NGP-QA-138,NG-Rig 32,Qarn Alam North,Standard,19-Aug-2026,24-Aug-2026,18-Sep-2026,206708.63,31006.29,237714.92,0.00
MDS-01667,DDS-2025-118,Meridian Downhole Services Ltd,NGP-WS-120,NG-Rig 30,Harran,Standard,19-Aug-2026,22-Aug-2026,30-Aug-2026,55604.75,8340.71,63945.46,0.00
MDS-01668,DDS-2025-118,Meridian Downhole Services Ltd,NGP-WS-225,NG-Rig 47,Qarn Alam North,Standard,19-Aug-2026,22-Aug-2026,07-Sep-2026,66300.55,9945.08,76245.63,0.00
MDS-01669,DDS-2025-118,Meridian Downhole Services Ltd,NGP-BD-103,NG-Rig 26,Qarn Alam North,Standard,20-Aug-2026,22-Aug-2026,15-Sep-2026,43446.19,6516.93,49963.12,0.00
MDS-01670,DDS-2025-118,Meridian Downhole Services Ltd,NGP-HA-190,NG-Rig 41,Burqan Deep,Standard,20-Aug-2026,25-Aug-2026,16-Sep-2026,166056.00,24908.40,190964.40,0.00
MDS-01671,DDS-2025-118,Meridian Downhole Services Ltd,NGP-WS-015,NG-Rig 11,Qarn Alam North,Standard,20-Aug-2026,23-Aug-2026,31-Aug-2026,95254.57,14288.19,109542.76,0.00
MDS-01672,DDS-2025-118,Meridian Downhole Services Ltd,NGP-BD-031,NG-Rig 14,Harran,Standard,21-Aug-2026,24-Aug-2026,06-Sep-2026,146107.92,21916.19,168024.11,0.00
MDS-01673,DDS-2025-118,Meridian Downhole Services Ltd,NGP-BD-084,NG-Rig 23,Qarn Alam North,Extended Reach,21-Aug-2026,24-Aug-2026,17-Sep-2026,135364.83,20304.72,155669.55,0.00
MDS-01674,DDS-2025-118,Meridian Downhole Services Ltd,NGP-HA-156,NG-Rig 35,Harran,Standard,21-Aug-2026,25-Aug-2026,15-Sep-2026,102183.11,15327.47,117510.58,0.00
MDS-01675,DDS-2025-118,Meridian Downhole Services Ltd,NGP-WS-208,NG-Rig 44,Burqan Deep,Standard,21-Aug-2026,24-Aug-2026,23-Sep-2026,167927.00,25189.05,193116.05,0.00
MDS-01676,DDS-2025-118,Meridian Downhole Services Ltd,NGP-HA-067,NG-Rig 21,Wadi Sahm,Standard,22-Aug-2026,24-Aug-2026,11-Sep-2026,83510.57,12526.59,96037.16,0.00
MDS-01677,DDS-2025-118,Meridian Downhole Services Ltd,NGP-BD-103,NG-Rig 26,Qarn Alam North,Standard,23-Aug-2026,26-Aug-2026,29-Aug-2026,69305.90,10395.88,79701.78,0.00
MDS-01678,DDS-2025-118,Meridian Downhole Services Ltd,NGP-HA-048,NG-Rig 17,Harran,Standard,23-Aug-2026,26-Aug-2026,07-Sep-2026,70508.23,10576.23,81084.46,0.00
MDS-01679,DDS-2025-118,Meridian Downhole Services Ltd,NGP-WS-120,NG-Rig 30,Harran,Standard,23-Aug-2026,25-Aug-2026,23-Sep-2026,39568.34,5935.25,45503.59,0.00
MDS-01680,DDS-2025-118,Meridian Downhole Services Ltd,NGP-WS-225,NG-Rig 47,Qarn Alam North,Standard,23-Aug-2026,25-Aug-2026,28-Aug-2026,53199.07,7979.86,61178.93,0.00
MDS-01681,DDS-2025-118,Meridian Downhole Services Ltd,NGP-WS-015,NG-Rig 11,Qarn Alam North,Standard,24-Aug-2026,27-Aug-2026,16-Sep-2026,57818.80,8672.82,66491.62,0.00
MDS-01682,DDS-2025-118,Meridian Downhole Services Ltd,NGP-BD-031,NG-Rig 14,Harran,Standard,25-Aug-2026,25-Aug-2026,16-Sep-2026,50948.08,7642.21,58590.29,0.00
MDS-01683,DDS-2025-118,Meridian Downhole Services Ltd,NGP-BD-174,NG-Rig 38,Burqan Deep,Standard,25-Aug-2026,30-Aug-2026,15-Sep-2026,129585.37,19437.81,149023.18,0.00
MDS-01684,DDS-2025-118,Meridian Downhole Services Ltd,NGP-HA-067,NG-Rig 21,Wadi Sahm,Standard,25-Aug-2026,29-Aug-2026,12-Sep-2026,77165.80,11574.87,88740.67,0.00
MDS-01685,DDS-2025-118,Meridian Downhole Services Ltd,NGP-QA-138,NG-Rig 32,Qarn Alam North,Standard,25-Aug-2026,28-Aug-2026,04-Sep-2026,135465.59,20319.84,155785.43,0.00
MDS-01686,DDS-2025-118,Meridian Downhole Services Ltd,NGP-WS-208,NG-Rig 44,Burqan Deep,Standard,25-Aug-2026,28-Aug-2026,03-Sep-2026,133740.58,20061.09,153801.67,0.00
MDS-01687,DDS-2025-118,Meridian Downhole Services Ltd,NGP-HA-156,NG-Rig 35,Harran,Standard,26-Aug-2026,28-Aug-2026,06-Sep-2026,45810.25,6871.54,52681.79,0.00
MDS-01688,DDS-2025-118,Meridian Downhole Services Ltd,NGP-HA-190,NG-Rig 41,Burqan Deep,Standard,26-Aug-2026,29-Aug-2026,09-Sep-2026,140252.49,21037.87,161290.36,0.00
MDS-01689,DDS-2025-118,Meridian Downhole Services Ltd,NGP-WS-120,NG-Rig 30,Harran,Standard,26-Aug-2026,26-Aug-2026,10-Sep-2026,43818.41,6572.76,50391.17,0.00
MDS-01690,DDS-2025-118,Meridian Downhole Services Ltd,NGP-WS-225,NG-Rig 47,Qarn Alam North,Standard,26-Aug-2026,29-Aug-2026,14-Sep-2026,68724.50,10308.68,79033.18,0.00
MDS-01691,DDS-2025-118,Meridian Downhole Services Ltd,NGP-BD-103,NG-Rig 26,Qarn Alam North,Standard,27-Aug-2026,01-Sep-2026,10-Sep-2026,250265.57,37539.84,287805.41,0.00
MDS-01692,DDS-2025-118,Meridian Downhole Services Ltd,NGP-HA-048,NG-Rig 17,Harran,Standard,27-Aug-2026,29-Aug-2026,01-Sep-2026,48765.22,7314.78,56080.00,0.00
MDS-01693,DDS-2025-118,Meridian Downhole Services Ltd,NGP-BD-085,NG-Rig 23,Wadi Sahm,Standard,28-Aug-2026,02-Sep-2026,29-Sep-2026,127484.63,19122.69,146607.32,0.00
MDS-01694,DDS-2025-118,Meridian Downhole Services Ltd,NGP-WS-015,NG-Rig 11,Qarn Alam North,Standard,28-Aug-2026,30-Aug-2026,16-Sep-2026,50488.00,7573.20,58061.20,0.00
MDS-01695,DDS-2025-118,Meridian Downhole Services Ltd,NGP-HA-156,NG-Rig 35,Harran,Standard,29-Aug-2026,03-Sep-2026,29-Sep-2026,146419.43,21962.91,168382.34,0.00
MDS-01696,DDS-2025-118,Meridian Downhole Services Ltd,NGP-QA-138,NG-Rig 32,Qarn Alam North,Standard,29-Aug-2026,01-Sep-2026,25-Sep-2026,165206.37,24780.96,189987.33,0.00
MDS-01697,DDS-2025-118,Meridian Downhole Services Ltd,NGP-WS-208,NG-Rig 44,Burqan Deep,Standard,29-Aug-2026,02-Sep-2026,24-Sep-2026,159811.92,23971.79,183783.71,0.00
MDS-01698,DDS-2025-118,Meridian Downhole Services Ltd,NGP-BD-121,NG-Rig 30,Harran,HPHT,30-Aug-2026,01-Sep-2026,06-Sep-2026,81918.43,12287.76,94206.19,0.00
MDS-01699,DDS-2025-118,Meridian Downhole Services Ltd,NGP-HA-048,NG-Rig 17,Harran,Standard,30-Aug-2026,01-Sep-2026,08-Sep-2026,73510.60,11026.59,84537.19,0.00
MDS-01700,DDS-2025-118,Meridian Downhole Services Ltd,NGP-HA-067,NG-Rig 21,Wadi Sahm,Standard,30-Aug-2026,01-Sep-2026,28-Sep-2026,56207.98,8431.20,64639.18,0.00
MDS-01701,DDS-2025-118,Meridian Downhole Services Ltd,NGP-HA-190,NG-Rig 41,Burqan Deep,Standard,30-Aug-2026,01-Sep-2026,17-Sep-2026,110288.56,16543.28,126831.84,0.00
MDS-01702,DDS-2025-118,Meridian Downhole Services Ltd,NGP-WS-225,NG-Rig 47,Qarn Alam North,Standard,30-Aug-2026,01-Sep-2026,19-Sep-2026,57803.15,8670.47,66473.62,0.00
MDS-01703,DDS-2025-118,Meridian Downhole Services Ltd,NGP-BD-174,NG-Rig 38,Burqan Deep,Standard,31-Aug-2026,05-Sep-2026,09-Sep-2026,109643.28,16446.49,126089.77,0.00
MDS-01704,DDS-2025-118,Meridian Downhole Services Ltd,NGP-HA-032,NG-Rig 14,Burqan Deep,HPHT,31-Aug-2026,03-Sep-2026,15-Sep-2026,103109.29,15466.39,118575.68,0.00
MDS-01705,DDS-2025-118,Meridian Downhole Services Ltd,NGP-WS-015,NG-Rig 11,Qarn Alam North,Standard,31-Aug-2026,04-Sep-2026,02-Oct-2026,143518.76,21527.81,165046.57,0.00
MDS-01706,DDS-2025-118,Meridian Downhole Services Ltd,NGP-BD-103,NG-Rig 26,Qarn Alam North,Standard,02-Sep-2026,05-Sep-2026,19-Sep-2026,140312.65,21046.90,161359.55,0.00
MDS-01707,DDS-2025-118,Meridian Downhole Services Ltd,NGP-BD-121,NG-Rig 30,Harran,HPHT,02-Sep-2026,06-Sep-2026,04-Oct-2026,82127.45,12319.12,94446.57,0.00
MDS-01708,DDS-2025-118,Meridian Downhole Services Ltd,NGP-HA-067,NG-Rig 21,Wadi Sahm,Standard,02-Sep-2026,05-Sep-2026,24-Sep-2026,73040.68,10956.10,83996.78,0.00
MDS-01709,DDS-2025-118,Meridian Downhole Services Ltd,NGP-HA-190,NG-Rig 41,Burqan Deep,Standard,02-Sep-2026,04-Sep-2026,18-Sep-2026,115803.13,17370.47,133173.60,0.00
MDS-01710,DDS-2025-118,Meridian Downhole Services Ltd,NGP-QA-138,NG-Rig 32,Qarn Alam North,Standard,02-Sep-2026,07-Sep-2026,07-Oct-2026,118220.90,17733.14,135954.04,0.00
MDS-01711,DDS-2025-118,Meridian Downhole Services Ltd,NGP-WS-225,NG-Rig 47,Qarn Alam North,Standard,02-Sep-2026,07-Sep-2026,21-Sep-2026,166266.77,24940.02,191206.79,0.00
MDS-01712,DDS-2025-118,Meridian Downhole Services Ltd,NGP-BD-085,NG-Rig 23,Wadi Sahm,Standard,03-Sep-2026,05-Sep-2026,24-Sep-2026,43485.39,6522.81,50008.20,0.00
MDS-01713,DDS-2025-118,Meridian Downhole Services Ltd,NGP-WS-208,NG-Rig 44,Burqan Deep,Standard,03-Sep-2026,07-Sep-2026,22-Sep-2026,199262.00,29889.30,229151.30,0.00
MDS-01714,DDS-2025-118,Meridian Downhole Services Ltd,NGP-HA-032,NG-Rig 14,Burqan Deep,HPHT,04-Sep-2026,07-Sep-2026,16-Sep-2026,73859.32,11078.90,84938.22,0.00
MDS-01715,DDS-2025-118,Meridian Downhole Services Ltd,NGP-HA-156,NG-Rig 35,Harran,Standard,04-Sep-2026,07-Sep-2026,03-Oct-2026,167121.56,25068.23,192189.79,0.00
MDS-01716,DDS-2025-118,Meridian Downhole Services Ltd,NGP-HA-190,NG-Rig 41,Burqan Deep,Standard,05-Sep-2026,07-Sep-2026,30-Sep-2026,151590.05,22738.51,174328.56,0.00
MDS-01717,DDS-2025-118,Meridian Downhole Services Ltd,NGP-WS-015,NG-Rig 11,Qarn Alam North,Standard,05-Sep-2026,09-Sep-2026,30-Sep-2026,136750.71,20512.61,157263.32,0.00
MDS-01718,DDS-2025-118,Meridian Downhole Services Ltd,NGP-BD-049,NG-Rig 17,Burqan Deep,Standard,06-Sep-2026,09-Sep-2026,16-Sep-2026,98406.45,14760.97,113167.42,0.00
MDS-01719,DDS-2025-118,Meridian Downhole Services Ltd,NGP-BD-085,NG-Rig 23,Wadi Sahm,Standard,06-Sep-2026,11-Sep-2026,16-Sep-2026,185614.07,27842.11,213456.18,0.00
MDS-01720,DDS-2025-118,Meridian Downhole Services Ltd,NGP-BD-103,NG-Rig 26,Qarn Alam North,Standard,06-Sep-2026,10-Sep-2026,01-Oct-2026,475549.42,71332.41,546881.83,0.00
MDS-01721,DDS-2025-118,Meridian Downhole Services Ltd,NGP-BD-174,NG-Rig 38,Burqan Deep,Standard,06-Sep-2026,09-Sep-2026,21-Sep-2026,77683.24,11652.49,89335.73,0.00
MDS-01722,DDS-2025-118,Meridian Downhole Services Ltd,NGP-HA-067,NG-Rig 21,Wadi Sahm,Standard,06-Sep-2026,08-Sep-2026,27-Sep-2026,60196.83,9029.52,69226.35,0.00
MDS-01723,DDS-2025-118,Meridian Downhole Services Ltd,NGP-BD-121,NG-Rig 30,Harran,HPHT,07-Sep-2026,12-Sep-2026,03-Oct-2026,197345.39,29601.81,226947.20,0.00
MDS-01724,DDS-2025-118,Meridian Downhole Services Ltd,NGP-HA-032,NG-Rig 14,Burqan Deep,HPHT,08-Sep-2026,13-Sep-2026,22-Sep-2026,296773.45,44516.02,341289.47,0.00
MDS-01725,DDS-2025-118,Meridian Downhole Services Ltd,NGP-HA-156,NG-Rig 35,Harran,Standard,08-Sep-2026,11-Sep-2026,28-Sep-2026,173376.47,26006.47,199382.94,0.00
MDS-01726,DDS-2025-118,Meridian Downhole Services Ltd,NGP-QA-138,NG-Rig 32,Qarn Alam North,Standard,08-Sep-2026,11-Sep-2026,10-Oct-2026,63898.36,9584.75,73483.11,0.00
MDS-01727,DDS-2025-118,Meridian Downhole Services Ltd,NGP-WS-208,NG-Rig 44,Burqan Deep,Standard,08-Sep-2026,10-Sep-2026,18-Sep-2026,111854.64,16778.20,128632.84,0.00
MDS-01728,DDS-2025-118,Meridian Downhole Services Ltd,NGP-WS-225,NG-Rig 47,Qarn Alam North,Standard,08-Sep-2026,11-Sep-2026,04-Oct-2026,103206.42,15480.96,118687.38,0.00
MDS-01729,DDS-2025-118,Meridian Downhole Services Ltd,NGP-HA-067,NG-Rig 21,Wadi Sahm,Standard,09-Sep-2026,12-Sep-2026,23-Sep-2026,77296.36,11594.45,88890.81,0.00
MDS-01730,DDS-2025-118,Meridian Downhole Services Ltd,NGP-BD-049,NG-Rig 17,Burqan Deep,Standard,10-Sep-2026,13-Sep-2026,06-Oct-2026,66462.27,9969.34,76431.61,0.00
MDS-01731,DDS-2025-118,Meridian Downhole Services Ltd,NGP-BD-174,NG-Rig 38,Burqan Deep,Standard,10-Sep-2026,15-Sep-2026,21-Sep-2026,116911.74,17536.76,134448.50,0.00
MDS-01732,DDS-2025-118,Meridian Downhole Services Ltd,NGP-WS-015,NG-Rig 11,Qarn Alam North,Standard,10-Sep-2026,15-Sep-2026,01-Oct-2026,147969.58,22195.44,170165.02,0.00
MDS-01733,DDS-2025-118,Meridian Downhole Services Ltd,NGP-BD-103,NG-Rig 26,Qarn Alam North,Standard,11-Sep-2026,13-Sep-2026,06-Oct-2026,111113.99,16667.10,127781.09,0.00
MDS-01734,DDS-2025-118,Meridian Downhole Services Ltd,NGP-QA-191,NG-Rig 41,Harran,Standard,11-Sep-2026,16-Sep-2026,06-Oct-2026,121975.31,18296.30,140271.61,0.00
MDS-01735,DDS-2025-118,Meridian Downhole Services Ltd,NGP-WS-208,NG-Rig 44,Burqan Deep,Standard,11-Sep-2026,13-Sep-2026,19-Sep-2026,107972.79,16195.92,124168.71,0.00
MDS-01736,DDS-2025-118,Meridian Downhole Services Ltd,NGP-BD-085,NG-Rig 23,Wadi Sahm,Standard,12-Sep-2026,15-Sep-2026,05-Oct-2026,106412.33,15961.85,122374.18,0.00
MDS-01737,DDS-2025-118,Meridian Downhole Services Ltd,NGP-HA-156,NG-Rig 35,Harran,Standard,12-Sep-2026,16-Sep-2026,15-Oct-2026,170731.53,25609.73,196341.26,0.00
MDS-01738,DDS-2025-118,Meridian Downhole Services Ltd,NGP-QA-138,NG-Rig 32,Qarn Alam North,Standard,12-Sep-2026,13-Sep-2026,27-Sep-2026,57077.23,8561.58,65638.81,0.00
MDS-01739,DDS-2025-118,Meridian Downhole Services Ltd,NGP-WS-225,NG-Rig 47,Qarn Alam North,Standard,12-Sep-2026,15-Sep-2026,21-Sep-2026,133953.82,20093.07,154046.89,0.00
MDS-01740,DDS-2025-118,Meridian Downhole Services Ltd,NGP-BD-121,NG-Rig 30,Harran,HPHT,13-Sep-2026,16-Sep-2026,14-Oct-2026,147873.05,22180.96,170054.01,0.00
MDS-01741,DDS-2025-118,Meridian Downhole Services Ltd,NGP-HA-067,NG-Rig 21,Wadi Sahm,Standard,13-Sep-2026,15-Sep-2026,06-Oct-2026,70751.91,10612.79,81364.70,0.00
MDS-01742,DDS-2025-118,Meridian Downhole Services Ltd,NGP-BD-049,NG-Rig 17,Burqan Deep,Standard,14-Sep-2026,18-Sep-2026,08-Oct-2026,85668.52,12850.28,98518.80,0.00
MDS-01743,DDS-2025-118,Meridian Downhole Services Ltd,NGP-BD-103,NG-Rig 26,Qarn Alam North,Standard,14-Sep-2026,16-Sep-2026,02-Oct-2026,93112.54,13966.88,107079.42,0.00
MDS-01744,DDS-2025-118,Meridian Downhole Services Ltd,NGP-HA-032,NG-Rig 14,Burqan Deep,HPHT,14-Sep-2026,16-Sep-2026,27-Sep-2026,111961.91,16794.29,128756.20,0.00
MDS-01745,DDS-2025-118,Meridian Downhole Services Ltd,NGP-WS-208,NG-Rig 44,Burqan Deep,Standard,14-Sep-2026,18-Sep-2026,23-Sep-2026,76241.73,11436.26,87677.99,0.00
MDS-01746,DDS-2025-118,Meridian Downhole Services Ltd,NGP-BD-085,NG-Rig 23,Wadi Sahm,Standard,16-Sep-2026,18-Sep-2026,18-Oct-2026,108903.79,16335.57,125239.36,0.00
MDS-01747,DDS-2025-118,Meridian Downhole Services Ltd,NGP-BD-139,NG-Rig 32,Burqan Deep,Extended Reach,16-Sep-2026,19-Sep-2026,26-Sep-2026,95263.59,14289.54,109553.13,0.00
MDS-01748,DDS-2025-118,Meridian Downhole Services Ltd,NGP-BD-174,NG-Rig 38,Burqan Deep,Standard,16-Sep-2026,20-Sep-2026,16-Oct-2026,132479.28,19871.89,152351.17,0.00
MDS-01749,DDS-2025-118,Meridian Downhole Services Ltd,NGP-HA-067,NG-Rig 21,Wadi Sahm,Standard,16-Sep-2026,20-Sep-2026,14-Oct-2026,137397.40,20609.61,158007.01,0.00
MDS-01750,DDS-2025-118,Meridian Downhole Services Ltd,NGP-WS-015,NG-Rig 11,Qarn Alam North,Standard,16-Sep-2026,20-Sep-2026,12-Oct-2026,123197.50,18479.62,141677.12,0.00
MDS-01751,DDS-2025-118,Meridian Downhole Services Ltd,NGP-WS-225,NG-Rig 47,Qarn Alam North,Standard,16-Sep-2026,16-Sep-2026,14-Oct-2026,49531.67,7429.75,56961.42,0.00
MDS-01752,DDS-2025-118,Meridian Downhole Services Ltd,NGP-BD-121,NG-Rig 30,Harran,HPHT,17-Sep-2026,20-Sep-2026,30-Sep-2026,146863.48,22029.52,168893.00,0.00
MDS-01753,DDS-2025-118,Meridian Downhole Services Ltd,NGP-HA-032,NG-Rig 14,Burqan Deep,HPHT,17-Sep-2026,22-Sep-2026,25-Sep-2026,253172.33,37975.85,291148.18,0.00
MDS-01754,DDS-2025-118,Meridian Downhole Services Ltd,NGP-HA-156,NG-Rig 35,Harran,Standard,17-Sep-2026,19-Sep-2026,18-Oct-2026,110301.14,16545.17,126846.31,0.00
MDS-01755,DDS-2025-118,Meridian Downhole Services Ltd,NGP-QA-191,NG-Rig 41,Harran,Standard,17-Sep-2026,22-Sep-2026,15-Oct-2026,95542.39,14331.36,109873.75,0.00
MDS-01756,DDS-2025-118,Meridian Downhole Services Ltd,NGP-BD-049,NG-Rig 17,Burqan Deep,Standard,19-Sep-2026,22-Sep-2026,29-Sep-2026,61179.80,9176.97,70356.77,0.00
MDS-01757,DDS-2025-118,Meridian Downhole Services Ltd,NGP-BD-085,NG-Rig 23,Wadi Sahm,Standard,19-Sep-2026,21-Sep-2026,21-Oct-2026,65799.09,9869.86,75668.95,0.00
MDS-01758,DDS-2025-118,Meridian Downhole Services Ltd,NGP-WS-208,NG-Rig 44,Burqan Deep,Standard,19-Sep-2026,23-Sep-2026,20-Oct-2026,103332.41,15499.86,118832.27,0.00
MDS-01759,DDS-2025-118,Meridian Downhole Services Ltd,NGP-BD-139,NG-Rig 32,Burqan Deep,Extended Reach,20-Sep-2026,24-Sep-2026,27-Sep-2026,78627.90,11794.18,90422.08,0.00
MDS-01760,DDS-2025-118,Meridian Downhole Services Ltd,NGP-HA-156,NG-Rig 35,Harran,Standard,20-Sep-2026,22-Sep-2026,18-Oct-2026,109659.49,16448.92,126108.41,0.00
MDS-01761,DDS-2025-118,Meridian Downhole Services Ltd,NGP-BD-104,NG-Rig 26,Wadi Sahm,Extended Reach,21-Sep-2026,25-Sep-2026,30-Sep-2026,115428.13,17314.22,132742.35,0.00
MDS-01762,DDS-2025-118,Meridian Downhole Services Ltd,NGP-BD-121,NG-Rig 30,Harran,HPHT,21-Sep-2026,23-Sep-2026,07-Oct-2026,121888.07,18283.21,140171.28,0.00
MDS-01763,DDS-2025-118,Meridian Downhole Services Ltd,NGP-BD-174,NG-Rig 38,Burqan Deep,Standard,21-Sep-2026,25-Sep-2026,06-Oct-2026,127811.44,19171.72,146983.16,0.00
MDS-01764,DDS-2025-118,Meridian Downhole Services Ltd,NGP-HA-067,NG-Rig 21,Wadi Sahm,Standard,21-Sep-2026,22-Sep-2026,14-Oct-2026,1108716.38,166307.46,1275023.84,0.00
MDS-01765,DDS-2025-118,Meridian Downhole Services Ltd,NGP-WS-015,NG-Rig 11,Qarn Alam North,Standard,21-Sep-2026,21-Sep-2026,14-Oct-2026,47261.93,7089.29,54351.22,0.00
MDS-01766,DDS-2025-118,Meridian Downhole Services Ltd,NGP-BD-085,NG-Rig 23,Wadi Sahm,Standard,22-Sep-2026,26-Sep-2026,14-Oct-2026,133774.60,20066.19,153840.79,0.00
MDS-01767,DDS-2025-118,Meridian Downhole Services Ltd,NGP-WS-226,NG-Rig 47,Wadi Sahm,Standard,22-Sep-2026,26-Sep-2026,14-Oct-2026,115612.28,17341.84,132954.12,0.00
MDS-01768,DDS-2025-118,Meridian Downhole Services Ltd,NGP-BD-049,NG-Rig 17,Burqan Deep,Standard,23-Sep-2026,28-Sep-2026,28-Oct-2026,155028.35,23254.25,178282.60,0.00
MDS-01769,DDS-2025-118,Meridian Downhole Services Ltd,NGP-HA-016,NG-Rig 11,Qarn Alam North,Extended Reach,23-Sep-2026,27-Sep-2026,08-Oct-2026,113775.63,17066.34,130841.97,0.00
MDS-01770,DDS-2025-118,Meridian Downhole Services Ltd,NGP-HA-032,NG-Rig 14,Burqan Deep,HPHT,23-Sep-2026,27-Sep-2026,19-Oct-2026,237135.14,35570.27,272705.41,0.00
MDS-01771,DDS-2025-118,Meridian Downhole Services Ltd,NGP-HA-156,NG-Rig 35,Harran,Standard,23-Sep-2026,27-Sep-2026,23-Oct-2026,106608.30,15991.24,122599.54,0.00
MDS-01772,DDS-2025-118,Meridian Downhole Services Ltd,NGP-QA-191,NG-Rig 41,Harran,Standard,23-Sep-2026,27-Sep-2026,20-Oct-2026,136432.56,20464.88,156897.44,0.00
MDS-01773,DDS-2025-118,Meridian Downhole Services Ltd,NGP-BD-121,NG-Rig 30,Harran,HPHT,24-Sep-2026,29-Sep-2026,07-Oct-2026,233271.78,34990.77,268262.55,0.00
MDS-01774,DDS-2025-118,Meridian Downhole Services Ltd,NGP-BD-139,NG-Rig 32,Burqan Deep,Extended Reach,25-Sep-2026,30-Sep-2026,06-Oct-2026,124993.08,18748.96,143742.04,0.00
MDS-01775,DDS-2025-118,Meridian Downhole Services Ltd,NGP-BD-104,NG-Rig 26,Wadi Sahm,Extended Reach,26-Sep-2026,29-Sep-2026,13-Oct-2026,60030.76,9004.61,69035.37,0.00
MDS-01776,DDS-2025-118,Meridian Downhole Services Ltd,NGP-BD-174,NG-Rig 38,Burqan Deep,Standard,26-Sep-2026,30-Sep-2026,08-Oct-2026,112401.82,16860.27,129262.09,0.00
MDS-01777,DDS-2025-118,Meridian Downhole Services Ltd,NGP-QA-209,NG-Rig 44,Qarn Alam North,HPHT,26-Sep-2026,01-Oct-2026,18-Oct-2026,128067.85,19210.18,147278.03,0.00
MDS-01778,DDS-2025-118,Meridian Downhole Services Ltd,NGP-WS-068,NG-Rig 21,Burqan Deep,HPHT,26-Sep-2026,28-Sep-2026,04-Oct-2026,89108.09,13366.21,102474.30,0.00
MDS-01779,DDS-2025-118,Meridian Downhole Services Ltd,NGP-BD-085,NG-Rig 23,Wadi Sahm,Standard,27-Sep-2026,29-Sep-2026,25-Oct-2026,107504.64,16125.70,123630.34,0.00
MDS-01780,DDS-2025-118,Meridian Downhole Services Ltd,NGP-WS-226,NG-Rig 47,Wadi Sahm,Standard,27-Sep-2026,30-Sep-2026,17-Oct-2026,62872.82,9430.92,72303.74,0.00
MDS-01781,DDS-2025-118,Meridian Downhole Services Ltd,NGP-HA-016,NG-Rig 11,Qarn Alam North,Extended Reach,28-Sep-2026,02-Oct-2026,10-Oct-2026,109819.94,16472.99,126292.93,0.00
MDS-01782,DDS-2025-118,Meridian Downhole Services Ltd,NGP-HA-032,NG-Rig 14,Burqan Deep,HPHT,28-Sep-2026,01-Oct-2026,28-Oct-2026,148102.26,22215.34,170317.60,0.00
MDS-01783,DDS-2025-118,Meridian Downhole Services Ltd,NGP-HA-156,NG-Rig 35,Harran,Standard,28-Sep-2026,30-Sep-2026,11-Oct-2026,49125.28,7368.79,56494.07,0.00
MDS-01784,DDS-2025-118,Meridian Downhole Services Ltd,NGP-QA-191,NG-Rig 41,Harran,Standard,28-Sep-2026,30-Sep-2026,22-Oct-2026,92729.18,13909.38,106638.56,0.00
MDS-01785,DDS-2025-118,Meridian Downhole Services Ltd,NGP-BD-049,NG-Rig 17,Burqan Deep,Standard,29-Sep-2026,02-Oct-2026,16-Oct-2026,117626.72,17644.01,135270.73,0.00
MDS-01786,DDS-2025-118,Meridian Downhole Services Ltd,NGP-WS-068,NG-Rig 21,Burqan Deep,HPHT,29-Sep-2026,02-Oct-2026,22-Oct-2026,61851.30,9277.70,71129.00,0.00
MDS-01787,DDS-2025-118,Meridian Downhole Services Ltd,NGP-BD-085,NG-Rig 23,Wadi Sahm,Standard,30-Sep-2026,02-Oct-2026,08-Oct-2026,111118.39,16667.76,127786.15,0.00
MDS-01788,DDS-2025-118,Meridian Downhole Services Ltd,NGP-BD-104,NG-Rig 26,Wadi Sahm,Extended Reach,30-Sep-2026,02-Oct-2026,01-Nov-2026,39958.80,5993.82,45952.62,0.00
MDS-01789,DDS-2025-118,Meridian Downhole Services Ltd,NGP-BD-121,NG-Rig 30,Harran,HPHT,30-Sep-2026,03-Oct-2026,07-Oct-2026,179028.81,26854.32,205883.13,0.00
MDS-01790,DDS-2025-118,Meridian Downhole Services Ltd,NGP-BD-139,NG-Rig 32,Burqan Deep,Extended Reach,01-Oct-2026,03-Oct-2026,10-Oct-2026,69820.25,10473.04,80293.29,0.00
MDS-01791,DDS-2025-118,Meridian Downhole Services Ltd,NGP-BD-174,NG-Rig 38,Burqan Deep,Standard,01-Oct-2026,04-Oct-2026,25-Oct-2026,89789.37,13468.41,103257.78,0.00
MDS-01792,DDS-2025-118,Meridian Downhole Services Ltd,NGP-HA-156,NG-Rig 35,Harran,Standard,01-Oct-2026,02-Oct-2026,26-Oct-2026,58815.63,8822.34,67637.97,0.00
MDS-01793,DDS-2025-118,Meridian Downhole Services Ltd,NGP-QA-191,NG-Rig 41,Harran,Standard,01-Oct-2026,06-Oct-2026,28-Oct-2026,128871.05,19330.66,148201.71,0.00
MDS-01794,DDS-2025-118,Meridian Downhole Services Ltd,NGP-WS-226,NG-Rig 47,Wadi Sahm,Standard,01-Oct-2026,03-Oct-2026,02-Nov-2026,71954.79,10793.22,82748.01,0.00
MDS-01795,DDS-2025-118,Meridian Downhole Services Ltd,NGP-HA-032,NG-Rig 14,Burqan Deep,HPHT,02-Oct-2026,05-Oct-2026,23-Oct-2026,187255.80,28088.37,215344.17,0.00
MDS-01796,DDS-2025-118,Meridian Downhole Services Ltd,NGP-QA-209,NG-Rig 44,Qarn Alam North,HPHT,02-Oct-2026,07-Oct-2026,26-Oct-2026,106411.10,15961.66,122372.76,0.00
MDS-01797,DDS-2025-118,Meridian Downhole Services Ltd,NGP-BD-049,NG-Rig 17,Burqan Deep,Standard,03-Oct-2026,06-Oct-2026,02-Nov-2026,104153.67,15623.05,119776.72,0.00
MDS-01798,DDS-2025-118,Meridian Downhole Services Ltd,NGP-BD-104,NG-Rig 26,Wadi Sahm,Extended Reach,03-Oct-2026,23-Jan-2027,25-Jan-2027,125908.90,18886.34,144795.24,0.00
MDS-01799,DDS-2025-181,Meridian Downhole Services Ltd,NGP-HA-016,NG-Rig 11,Qarn Alam North,Extended Reach,03-Oct-2026,08-Oct-2026,15-Oct-2026,267435.12,40115.27,307550.39,0.00
MDS-01800,DDS-2025-118,Meridian Downhole Services Ltd,NGP-WS-068,NG-Rig 21,Burqan Deep,HPHT,03-Oct-2026,06-Oct-2026,25-Oct-2026,61914.48,9287.17,71201.65,0.00
MDS-01801,DDS-2025-118,Meridian Downhole Services Ltd,NGP-BD-121,NG-Rig 30,Harran,HPHT,04-Oct-2026,05-Oct-2026,25-Oct-2026,83443.07,12516.46,95959.53,0.00
MDS-01802,DDS-2025-118,Meridian Downhole Services Ltd,NGP-BD-139,NG-Rig 32,Burqan Deep,Extended Reach,04-Oct-2026,06-Oct-2026,24-Oct-2026,66733.74,10010.06,76743.80,0.00
MDS-01803,DDS-2025-118,Meridian Downhole Services Ltd,NGP-WS-226,NG-Rig 47,Wadi Sahm,Standard,04-Oct-2026,09-Oct-2026,07-Nov-2026,1385873.03,207880.95,1593753.98,0.00
MDS-01804,DDS-2025-118,Meridian Downhole Services Ltd,NGP-HA-086,NG-Rig 23,Harran,Standard,06-Oct-2026,11-Oct-2026,16-Oct-2026,128221.25,19233.19,147454.44,0.00
MDS-01805,DDS-2025-118,Meridian Downhole Services Ltd,NGP-BD-049,NG-Rig 17,Burqan Deep,Standard,07-Oct-2026,07-Oct-2026,16-Oct-2026,48543.53,7281.53,55825.06,0.00
MDS-01806,DDS-2025-118,Meridian Downhole Services Ltd,NGP-BD-139,NG-Rig 32,Burqan Deep,Extended Reach,07-Oct-2026,11-Oct-2026,17-Oct-2026,118049.07,17707.36,135756.43,0.00
MDS-01807,DDS-2025-118,Meridian Downhole Services Ltd,NGP-QA-191,NG-Rig 41,Harran,Standard,07-Oct-2026,09-Oct-2026,05-Nov-2026,80906.69,12136.00,93042.69,0.00
MDS-01808,DDS-2025-118,Meridian Downhole Services Ltd,NGP-WS-068,NG-Rig 21,Burqan Deep,HPHT,07-Oct-2026,11-Oct-2026,23-Oct-2026,200398.23,30059.73,230457.96,0.00
MDS-01809,DDS-2025-118,Meridian Downhole Services Ltd,NGP-WS-157,NG-Rig 35,Qarn Alam North,Standard,07-Oct-2026,09-Oct-2026,14-Oct-2026,83485.97,12522.90,96008.87,0.00
MDS-01810,DDS-2025-118,Meridian Downhole Services Ltd,NGP-QA-209,NG-Rig 44,Qarn Alam North,HPHT,08-Oct-2026,13-Oct-2026,26-Oct-2026,135515.00,20327.25,155842.25,0.00
MDS-01811,DDS-2025-118,Meridian Downhole Services Ltd,NGP-BD-104,NG-Rig 26,Wadi Sahm,Extended Reach,09-Oct-2026,13-Oct-2026,18-Oct-2026,86288.34,12943.25,99231.59,0.00
MDS-01812,DDS-2025-118,Meridian Downhole Services Ltd,NGP-HA-016,NG-Rig 11,Qarn Alam North,Extended Reach,09-Oct-2026,12-Oct-2026,02-Nov-2026,144055.92,21608.39,165664.31,0.00
MDS-01813,DDS-2025-118,Meridian Downhole Services Ltd,NGP-QA-050,NG-Rig 17,Qarn Alam North,Standard,09-Oct-2026,13-Oct-2026,05-Nov-2026,121167.33,18175.10,139342.43,0.00
MDS-01814,DDS-2025-118,Meridian Downhole Services Ltd,NGP-WS-122,NG-Rig 30,Wadi Sahm,Extended Reach,09-Oct-2026,11-Oct-2026,21-Oct-2026,80352.17,12052.83,92405.00,0.00
MDS-01815,DDS-2025-118,Meridian Downhole Services Ltd,NGP-QA-191,NG-Rig 41,Harran,Standard,10-Oct-2026,13-Oct-2026,23-Oct-2026,92432.87,13864.93,106297.80,0.00
MDS-01816,DDS-2025-118,Meridian Downhole Services Ltd,NGP-WS-157,NG-Rig 35,Qarn Alam North,Standard,10-Oct-2026,13-Oct-2026,12-Nov-2026,58080.12,8712.02,66792.14,0.00
MDS-01817,DDS-2025-118,Meridian Downhole Services Ltd,NGP-WS-175,NG-Rig 38,Harran,Standard,10-Oct-2026,14-Oct-2026,17-Oct-2026,107878.38,16181.76,124060.14,0.00
MDS-01818,DDS-2025-118,Meridian Downhole Services Ltd,NGP-WS-226,NG-Rig 47,Wadi Sahm,Standard,10-Oct-2026,12-Oct-2026,04-Nov-2026,99425.54,14913.83,114339.37,0.00
MDS-01819,DDS-2025-118,Meridian Downhole Services Ltd,NGP-QA-033,NG-Rig 14,Burqan Deep,Standard,11-Oct-2026,13-Oct-2026,28-Oct-2026,78573.77,11786.07,90359.84,0.00
MDS-01820,DDS-2025-118,Meridian Downhole Services Ltd,NGP-BD-139,NG-Rig 32,Burqan Deep,Extended Reach,12-Oct-2026,14-Oct-2026,17-Oct-2026,72978.81,10946.82,83925.63,0.00
MDS-01821,DDS-2025-118,Meridian Downhole Services Ltd,NGP-HA-086,NG-Rig 23,Harran,Standard,12-Oct-2026,16-Oct-2026,21-Oct-2026,77492.45,11623.87,89116.32,0.00
MDS-01822,DDS-2025-118,Meridian Downhole Services Ltd,NGP-WS-068,NG-Rig 21,Burqan Deep,HPHT,12-Oct-2026,17-Oct-2026,27-Oct-2026,271654.89,40748.23,312403.12,0.00
MDS-01823,DDS-2025-118,Meridian Downhole Services Ltd,NGP-WS-122,NG-Rig 30,Wadi Sahm,Extended Reach,12-Oct-2026,14-Oct-2026,08-Nov-2026,50274.43,7541.16,57815.59,0.00
MDS-01824,DDS-2025-118,Meridian Downhole Services Ltd,NGP-HA-016,NG-Rig 11,Qarn Alam North,Extended Reach,13-Oct-2026,16-Oct-2026,28-Oct-2026,137342.58,20601.39,157943.97,0.00
MDS-01825,DDS-2025-118,Meridian Downhole Services Ltd,NGP-WS-226,NG-Rig 47,Wadi Sahm,Standard,13-Oct-2026,16-Oct-2026,15-Nov-2026,166442.93,24966.44,191409.37,0.00
MDS-01826,DDS-2025-118,Meridian Downhole Services Ltd,NGP-BD-104,NG-Rig 26,Wadi Sahm,Extended Reach,14-Oct-2026,19-Oct-2026,30-Oct-2026,178956.92,26843.54,205800.46,0.00
MDS-01827,DDS-2025-118,Meridian Downhole Services Ltd,NGP-QA-033,NG-Rig 14,Burqan Deep,Standard,14-Oct-2026,18-Oct-2026,29-Oct-2026,75046.30,11256.94,86303.24,0.00
MDS-01828,DDS-2025-118,Meridian Downhole Services Ltd,NGP-QA-050,NG-Rig 17,Qarn Alam North,Standard,14-Oct-2026,19-Oct-2026,29-Oct-2026,92012.48,13801.87,105814.35,0.00
MDS-01829,DDS-2025-118,Meridian Downhole Services Ltd,NGP-QA-191,NG-Rig 41,Harran,Standard,14-Oct-2026,14-Oct-2026,10-Nov-2026,47850.93,7177.64,55028.57,0.00
MDS-01830,DDS-2025-118,Meridian Downhole Services Ltd,NGP-QA-209,NG-Rig 44,Qarn Alam North,HPHT,14-Oct-2026,18-Oct-2026,04-Nov-2026,123306.95,18496.04,141802.99,0.00
MDS-01831,DDS-2025-118,Meridian Downhole Services Ltd,NGP-WS-157,NG-Rig 35,Qarn Alam North,Standard,14-Oct-2026,16-Oct-2026,11-Nov-2026,50898.54,7634.78,58533.32,0.00
MDS-01832,DDS-2025-118,Meridian Downhole Services Ltd,NGP-BD-139,NG-Rig 32,Burqan Deep,Extended Reach,15-Oct-2026,20-Oct-2026,12-Nov-2026,127530.49,19129.57,146660.06,0.00
MDS-01833,DDS-2025-118,Meridian Downhole Services Ltd,NGP-WS-122,NG-Rig 30,Wadi Sahm,Extended Reach,15-Oct-2026,18-Oct-2026,03-Nov-2026,71631.86,10744.78,82376.64,0.00
MDS-01834,DDS-2025-118,Meridian Downhole Services Ltd,NGP-WS-175,NG-Rig 38,Harran,Standard,15-Oct-2026,18-Oct-2026,27-Oct-2026,70360.87,10554.13,80915.00,0.00
MDS-01835,DDS-2025-118,Meridian Downhole Services Ltd,NGP-WS-192,NG-Rig 41,Wadi Sahm,Standard,16-Oct-2026,19-Oct-2026,29-Oct-2026,93358.35,14003.75,107362.10,0.00
MDS-01836,DDS-2025-118,Meridian Downhole Services Ltd,NGP-HA-016,NG-Rig 11,Qarn Alam North,Extended Reach,17-Oct-2026,22-Oct-2026,30-Oct-2026,202425.26,30363.79,232789.05,0.00
MDS-01837,DDS-2025-118,Meridian Downhole Services Ltd,NGP-HA-086,NG-Rig 23,Harran,Standard,17-Oct-2026,20-Oct-2026,18-Nov-2026,79057.25,11858.59,90915.84,0.00
MDS-01838,DDS-2025-118,Meridian Downhole Services Ltd,NGP-WS-157,NG-Rig 35,Qarn Alam North,Standard,17-Oct-2026,21-Oct-2026,07-Nov-2026,161136.50,24170.48,185306.98,0.00
MDS-01839,DDS-2025-118,Meridian Downhole Services Ltd,NGP-WS-226,NG-Rig 47,Wadi Sahm,Standard,17-Oct-2026,20-Oct-2026,11-Nov-2026,135660.48,20349.07,156009.55,0.00
MDS-01840,DDS-2025-118,Meridian Downhole Services Ltd,NGP-WS-068,NG-Rig 21,Burqan Deep,HPHT,18-Oct-2026,20-Oct-2026,14-Nov-2026,124018.64,18602.80,142621.44,0.00
MDS-01841,DDS-2025-118,Meridian Downhole Services Ltd,NGP-QA-033,NG-Rig 14,Burqan Deep,Standard,19-Oct-2026,23-Oct-2026,16-Nov-2026,129432.54,19414.88,148847.42,0.00
MDS-01842,DDS-2025-118,Meridian Downhole Services Ltd,NGP-QA-209,NG-Rig 44,Qarn Alam North,HPHT,19-Oct-2026,22-Oct-2026,06-Nov-2026,107121.81,16068.27,123190.08,0.00
MDS-01843,DDS-2025-118,Meridian Downhole Services Ltd,NGP-WS-122,NG-Rig 30,Wadi Sahm,Extended Reach,19-Oct-2026,23-Oct-2026,05-Nov-2026,159014.03,23852.10,182866.13,0.00
MDS-01844,DDS-2025-118,Meridian Downhole Services Ltd,NGP-WS-175,NG-Rig 38,Harran,Standard,19-Oct-2026,23-Oct-2026,26-Oct-2026,97602.38,14640.36,112242.74,0.00
MDS-01845,DDS-2025-118,Meridian Downhole Services Ltd,NGP-BD-104,NG-Rig 26,Wadi Sahm,Extended Reach,20-Oct-2026,23-Oct-2026,20-Nov-2026,116848.29,17527.24,134375.53,0.00
MDS-01846,DDS-2025-118,Meridian Downhole Services Ltd,NGP-QA-050,NG-Rig 17,Qarn Alam North,Standard,20-Oct-2026,24-Oct-2026,15-Nov-2026,131097.69,19664.65,150762.34,0.00
MDS-01847,DDS-2025-118,Meridian Downhole Services Ltd,NGP-WS-192,NG-Rig 41,Wadi Sahm,Standard,20-Oct-2026,24-Oct-2026,27-Oct-2026,72600.15,10890.02,83490.17,0.00
MDS-01848,DDS-2025-118,Meridian Downhole Services Ltd,NGP-BD-139,NG-Rig 32,Burqan Deep,Extended Reach,21-Oct-2026,26-Oct-2026,05-Nov-2026,94267.08,14140.06,108407.14,0.00
MDS-01849,DDS-2025-118,Meridian Downhole Services Ltd,NGP-HA-086,NG-Rig 23,Harran,Standard,21-Oct-2026,25-Oct-2026,28-Oct-2026,97215.50,14582.32,111797.82,0.00
MDS-01850,DDS-2025-118,Meridian Downhole Services Ltd,NGP-WS-068,NG-Rig 21,Burqan Deep,HPHT,21-Oct-2026,23-Oct-2026,07-Nov-2026,110487.15,16573.07,127060.22,0.00
MDS-01851,DDS-2025-118,Meridian Downhole Services Ltd,NGP-WS-226,NG-Rig 47,Wadi Sahm,Standard,21-Oct-2026,23-Oct-2026,31-Oct-2026,112817.90,16922.68,129740.58,0.00
MDS-01852,DDS-2025-118,Meridian Downhole Services Ltd,NGP-WS-157,NG-Rig 35,Qarn Alam North,Standard,22-Oct-2026,24-Oct-2026,21-Nov-2026,100869.32,15130.40,115999.72,0.00
MDS-01853,DDS-2025-118,Meridian Downhole Services Ltd,NGP-HA-016,NG-Rig 11,Qarn Alam North,Extended Reach,23-Oct-2026,27-Oct-2026,31-Oct-2026,169692.53,25453.88,195146.41,0.00
MDS-01854,DDS-2025-118,Meridian Downhole Services Ltd,NGP-QA-209,NG-Rig 44,Qarn Alam North,HPHT,23-Oct-2026,27-Oct-2026,01-Nov-2026,176096.09,26414.41,202510.50,0.00
MDS-01855,DDS-2025-118,Meridian Downhole Services Ltd,NGP-BD-104,NG-Rig 26,Wadi Sahm,Extended Reach,24-Oct-2026,28-Oct-2026,07-Nov-2026,155669.50,23350.42,179019.92,0.00
MDS-01856,DDS-2025-118,Meridian Downhole Services Ltd,NGP-QA-033,NG-Rig 14,Burqan Deep,Standard,24-Oct-2026,28-Oct-2026,23-Nov-2026,161464.82,24219.72,185684.54,0.00
MDS-01857,DDS-2025-118,Meridian Downhole Services Ltd,NGP-WS-068,NG-Rig 21,Burqan Deep,HPHT,24-Oct-2026,29-Oct-2026,11-Nov-2026,280845.06,42126.76,322971.82,0.00
MDS-01858,DDS-2025-118,Meridian Downhole Services Ltd,NGP-WS-122,NG-Rig 30,Wadi Sahm,Extended Reach,24-Oct-2026,29-Oct-2026,19-Nov-2026,185942.24,27891.34,213833.58,0.00
MDS-01859,DDS-2025-118,Meridian Downhole Services Ltd,NGP-WS-175,NG-Rig 38,Harran,Standard,24-Oct-2026,28-Oct-2026,16-Nov-2026,96054.86,14408.23,110463.09,0.00
MDS-01860,DDS-2025-118,Meridian Downhole Services Ltd,NGP-WS-226,NG-Rig 47,Wadi Sahm,Standard,24-Oct-2026,12-Jan-2027,14-Jan-2027,120543.89,18081.58,138625.47,0.00
MDS-01861,DDS-2025-118,Meridian Downhole Services Ltd,NGP-QA-050,NG-Rig 17,Qarn Alam North,Standard,25-Oct-2026,27-Oct-2026,07-Nov-2026,101540.30,15231.04,116771.34,0.00
MDS-01862,DDS-2025-118,Meridian Downhole Services Ltd,NGP-WS-157,NG-Rig 35,Qarn Alam North,Standard,25-Oct-2026,27-Oct-2026,21-Nov-2026,114160.20,17124.03,131284.23,0.00
MDS-01863,DDS-2025-118,Meridian Downhole Services Ltd,NGP-WS-192,NG-Rig 41,Wadi Sahm,Standard,25-Oct-2026,28-Oct-2026,25-Nov-2026,81799.46,12269.92,94069.38,0.00
MDS-01864,DDS-2025-118,Meridian Downhole Services Ltd,NGP-HA-086,NG-Rig 23,Harran,Standard,26-Oct-2026,30-Oct-2026,15-Nov-2026,126366.67,18955.00,145321.67,0.00
MDS-01865,DDS-2025-118,Meridian Downhole Services Ltd,NGP-BD-139,NG-Rig 32,Burqan Deep,Extended Reach,27-Oct-2026,29-Oct-2026,14-Nov-2026,74308.66,11146.30,85454.96,0.00
MDS-01866,DDS-2025-118,Meridian Downhole Services Ltd,NGP-WS-226,NG-Rig 47,Wadi Sahm,Standard,27-Oct-2026,01-Nov-2026,07-Nov-2026,200307.17,30046.08,230353.25,0.00
MDS-01867,DDS-2025-118,Meridian Downhole Services Ltd,NGP-HA-016,NG-Rig 11,Qarn Alam North,Extended Reach,28-Oct-2026,02-Nov-2026,24-Nov-2026,103361.27,15504.19,118865.46,0.00
MDS-01868,DDS-2025-118,Meridian Downhole Services Ltd,NGP-QA-050,NG-Rig 17,Qarn Alam North,Standard,28-Oct-2026,30-Oct-2026,28-Nov-2026,95853.41,14378.01,110231.42,0.00
MDS-01869,DDS-2025-118,Meridian Downhole Services Ltd,NGP-QA-209,NG-Rig 44,Qarn Alam North,HPHT,28-Oct-2026,31-Oct-2026,03-Nov-2026,104573.70,15686.06,120259.76,0.00
MDS-01870,DDS-2025-118,Meridian Downhole Services Ltd,NGP-WS-157,NG-Rig 35,Qarn Alam North,Standard,28-Oct-2026,31-Oct-2026,23-Nov-2026,127179.17,19076.88,146256.05,0.00
MDS-01871,DDS-2025-118,Meridian Downhole Services Ltd,NGP-BD-104,NG-Rig 26,Wadi Sahm,Extended Reach,29-Oct-2026,31-Oct-2026,25-Nov-2026,42021.28,6303.19,48324.47,0.00
MDS-01872,DDS-2025-118,Meridian Downhole Services Ltd,NGP-QA-033,NG-Rig 14,Burqan Deep,Standard,29-Oct-2026,31-Oct-2026,07-Nov-2026,108317.21,16247.58,124564.79,0.00
MDS-01873,DDS-2025-118,Meridian Downhole Services Ltd,NGP-WS-175,NG-Rig 38,Harran,Standard,29-Oct-2026,01-Nov-2026,11-Nov-2026,102677.94,15401.69,118079.63,0.00
MDS-01874,DDS-2025-118,Meridian Downhole Services Ltd,NGP-WS-192,NG-Rig 41,Wadi Sahm,Standard,29-Oct-2026,03-Nov-2026,13-Nov-2026,178101.51,26715.23,204816.74,0.00
MDS-01875,DDS-2025-118,Meridian Downhole Services Ltd,NGP-WS-068,NG-Rig 21,Burqan Deep,HPHT,30-Oct-2026,31-Oct-2026,09-Nov-2026,80888.08,12133.21,93021.29,0.00
MDS-01876,DDS-2025-118,Meridian Downhole Services Ltd,NGP-WS-122,NG-Rig 30,Wadi Sahm,Extended Reach,30-Oct-2026,02-Nov-2026,09-Nov-2026,145953.21,21892.98,167846.19,0.00
MDS-01877,DDS-2025-118,Meridian Downhole Services Ltd,NGP-HA-086,NG-Rig 23,Harran,Standard,31-Oct-2026,05-Nov-2026,17-Nov-2026,129425.98,19413.90,148839.88,0.00
MDS-01878,DDS-2025-118,Meridian Downhole Services Ltd,NGP-QA-050,NG-Rig 17,Qarn Alam North,Standard,31-Oct-2026,05-Nov-2026,19-Nov-2026,218879.62,32831.94,251711.56,0.00
MDS-01879,DDS-2025-118,Meridian Downhole Services Ltd,NGP-BD-104,NG-Rig 26,Wadi Sahm,Extended Reach,01-Nov-2026,04-Nov-2026,25-Nov-2026,63234.36,9485.15,72719.51,0.00
MDS-01880,DDS-2025-118,Meridian Downhole Services Ltd,NGP-QA-033,NG-Rig 14,Burqan Deep,Standard,01-Nov-2026,04-Nov-2026,26-Nov-2026,130380.12,19557.02,149937.14,0.00
MDS-01881,DDS-2025-118,Meridian Downhole Services Ltd,NGP-QA-209,NG-Rig 44,Qarn Alam North,HPHT,01-Nov-2026,01-Nov-2026,28-Nov-2026,50825.85,7623.88,58449.73,0.00
MDS-01882,DDS-2025-118,Meridian Downhole Services Ltd,NGP-WS-157,NG-Rig 35,Qarn Alam North,Standard,01-Nov-2026,05-Nov-2026,11-Nov-2026,204210.40,30631.56,234841.96,0.00
MDS-01883,DDS-2025-118,Meridian Downhole Services Ltd,NGP-WS-175,NG-Rig 38,Harran,Standard,02-Nov-2026,05-Nov-2026,14-Nov-2026,109580.69,16437.10,126017.79,0.00
MDS-01884,DDS-2025-118,Meridian Downhole Services Ltd,NGP-WS-226,NG-Rig 47,Wadi Sahm,Standard,02-Nov-2026,06-Nov-2026,10-Nov-2026,79382.78,11907.42,91290.20,0.00
MDS-01885,DDS-2025-118,Meridian Downhole Services Ltd,NGP-HA-016,NG-Rig 11,Qarn Alam North,Extended Reach,03-Nov-2026,05-Nov-2026,20-Nov-2026,75442.57,11316.39,86758.96,0.00
MDS-01886,DDS-2025-118,Meridian Downhole Services Ltd,NGP-WS-122,NG-Rig 30,Wadi Sahm,Extended Reach,03-Nov-2026,08-Nov-2026,30-Nov-2026,225358.76,33803.81,259162.57,0.00
MDS-01887,DDS-2025-118,Meridian Downhole Services Ltd,NGP-WS-192,NG-Rig 41,Wadi Sahm,Standard,04-Nov-2026,07-Nov-2026,25-Nov-2026,119536.90,17930.54,137467.44,0.00
MDS-01888,DDS-2025-118,Meridian Downhole Services Ltd,NGP-BD-104,NG-Rig 26,Wadi Sahm,Extended Reach,05-Nov-2026,08-Nov-2026,24-Nov-2026,79951.75,11992.76,91944.51,0.00
MDS-01889,DDS-2025-118,Meridian Downhole Services Ltd,NGP-QA-033,NG-Rig 14,Burqan Deep,Standard,05-Nov-2026,07-Nov-2026,18-Nov-2026,108999.88,16349.98,125349.86,0.00
MDS-01890,DDS-2025-118,Meridian Downhole Services Ltd,NGP-HA-086,NG-Rig 23,Harran,Standard,06-Nov-2026,09-Nov-2026,07-Dec-2026,96475.04,14471.26,110946.30,0.00
MDS-01891,DDS-2025-118,Meridian Downhole Services Ltd,NGP-QA-050,NG-Rig 17,Qarn Alam North,Standard,06-Nov-2026,07-Nov-2026,11-Nov-2026,83670.21,12550.53,96220.74,0.00
MDS-01892,DDS-2025-118,Meridian Downhole Services Ltd,NGP-WS-175,NG-Rig 38,Harran,Standard,06-Nov-2026,11-Nov-2026,06-Dec-2026,148155.71,22223.36,170379.07,0.00
MDS-01893,DDS-2025-118,Meridian Downhole Services Ltd,NGP-WS-226,NG-Rig 47,Wadi Sahm,Standard,07-Nov-2026,11-Nov-2026,17-Nov-2026,104306.05,15645.91,119951.96,0.00
MDS-01894,DDS-2025-118,Meridian Downhole Services Ltd,NGP-QA-033,NG-Rig 14,Burqan Deep,Standard,08-Nov-2026,13-Nov-2026,19-Nov-2026,196328.49,29449.27,225777.76,0.00
MDS-01895,DDS-2025-118,Meridian Downhole Services Ltd,NGP-WS-192,NG-Rig 41,Wadi Sahm,Standard,08-Nov-2026,13-Nov-2026,02-Dec-2026,235395.23,35309.28,270704.51,0.00
MDS-01896,DDS-2025-118,Meridian Downhole Services Ltd,NGP-WS-122,NG-Rig 30,Wadi Sahm,Extended Reach,09-Nov-2026,12-Nov-2026,05-Dec-2026,180830.28,27124.54,207954.82,0.00
MDS-01897,DDS-2025-118,Meridian Downhole Services Ltd,NGP-HA-086,NG-Rig 23,Harran,Standard,10-Nov-2026,10-Nov-2026,29-Nov-2026,47967.96,7195.19,55163.15,0.00
MDS-01898,DDS-2025-118,Meridian Downhole Services Ltd,NGP-WS-175,NG-Rig 38,Harran,Standard,12-Nov-2026,17-Nov-2026,10-Dec-2026,86748.83,13012.32,99761.15,0.00
MDS-01899,DDS-2025-118,Meridian Downhole Services Ltd,NGP-WS-122,NG-Rig 30,Wadi Sahm,Extended Reach,13-Nov-2026,14-Nov-2026,28-Nov-2026,76424.62,11463.69,87888.31,0.00
MDS-01900,DDS-2025-118,Meridian Downhole Services Ltd,NGP-QA-033,NG-Rig 14,Burqan Deep,Standard,14-Nov-2026,16-Nov-2026,23-Nov-2026,112099.03,16814.85,128913.88,0.00
MDS-01901,DDS-2025-118,Meridian Downhole Services Ltd,NGP-WS-192,NG-Rig 41,Wadi Sahm,Standard,14-Nov-2026,16-Nov-2026,27-Nov-2026,97080.05,14562.01,111642.06,0.00
MDS-01902,DDS-2025-118,Meridian Downhole Services Ltd,NGP-WS-192,NG-Rig 41,Wadi Sahm,Standard,17-Nov-2026,22-Nov-2026,21-Dec-2026,101882.33,15282.35,117164.68,0.00
MDS-01903,DDS-2025-118,Meridian Downhole Services Ltd,NGP-WS-175,NG-Rig 38,Harran,Standard,18-Nov-2026,21-Nov-2026,24-Nov-2026,61064.45,9159.67,70224.12,0.00
MDS-01904,DDS-2025-118,Meridian Downhole Services Ltd,NGP-WS-175,NG-Rig 38,Harran,Standard,22-Nov-2026,22-Nov-2026,25-Nov-2026,43886.65,6583.00,50469.65,0.00
MDS-01905,DDS-2025-118,Meridian Downhole Services Ltd,NGP-WS-192,NG-Rig 41,Wadi Sahm,Standard,23-Nov-2026,26-Nov-2026,25-Dec-2026,60598.28,9089.74,69688.02,0.00
MDS-01906,DDS-2025-118,Meridian Downhole Services Ltd,NGP-WS-192,NG-Rig 41,Wadi Sahm,Standard,27-Nov-2026,27-Nov-2026,16-Dec-2026,43093.00,6463.95,49556.95,0.00
