application_no,contract_ref,subcontractor,site,site_zone,period_from,period_to,application_date,application_total,retention,net_payable,adjustment,retention_released
PA-00001,CW-2025-0417-CIV,Ridgeway Civil Engineering LLC,S-03 Access Road,Z2 North Spur,2025-09-18,2025-10-04,2025-10-20,265123.89,13256.19,251867.70,0.00,0.00
PA-00002,CW-2025-0417-CIV,Ridgeway Civil Engineering LLC,S-02 Platform South,Z4 Escarpment,2025-02-12,2025-03-02,2025-03-21,138528.71,6926.43,131602.28,0.00,0.00
PA-00003,CW-2025-0417-CIV,Ridgeway Civil Engineering LLC,S-01 Platform North,Z2 North Spur,2026-01-11,2026-01-21,2026-02-03,114632.04,5731.60,108900.44,0.00,0.00
PA-00004,CW-2025-0417-CIV,Ridgeway Civil Engineering LLC,S-02 Platform South,Z3 Wadi Crossing,2026-03-11,2026-03-17,2026-03-25,278807.57,13940.37,264867.20,0.00,0.00
PA-00005,CW-2025-0417-CIV,Ridgeway Civil Engineering LLC,S-02 Platform South,Z4 Escarpment,2026-06-11,2026-06-20,2026-06-23,140353.86,7017.69,133336.17,0.00,0.00
PA-00006,CW-2025-0417-CIV,Ridgeway Civil Engineering LLC,S-05 Compound Extension,Z4 Escarpment,2026-04-17,2026-04-27,2026-05-12,353308.02,17665.40,335642.62,0.00,0.00
PA-00007,CW-2025-0417-CIV,Ridgeway Civil Engineering LLC,S-02 Platform South,Z1 Compound,2025-10-10,2025-10-23,2025-10-25,106034.34,5301.71,100732.63,0.00,0.00
PA-00008,CW-2025-0417-CIV,Ridgeway Civil Engineering LLC,S-04 Drainage Corridor,Z1 Compound,2026-05-03,2026-05-18,2026-05-26,100206.43,5010.32,95196.11,0.00,0.00
PA-00009,CW-2025-0417-CIV,Ridgeway Civil Engineering LLC,S-05 Compound Extension,Z3 Wadi Crossing,2025-12-11,2025-12-25,2025-12-31,106948.61,5347.43,101601.18,0.00,0.00
PA-00010,CW-2025-0417-CIV,Ridgeway Civil Engineering LLC,S-01 Platform North,Z2 North Spur,2026-05-04,2026-05-11,2026-05-23,280625.29,14031.26,266594.03,0.00,0.00
PA-00011,CW-2025-0417-CIV,Ridgeway Civil Engineering LLC,S-03 Access Road,Z1 Compound,2025-03-07,2025-03-13,2025-03-17,205171.70,10258.58,194913.12,0.00,0.00
PA-00012,CW-2025-0417-CIV,Ridgeway Civil Engineering LLC,S-03 Access Road,Z3 Wadi Crossing,2025-05-30,2025-06-15,2025-06-30,294800.12,14740.00,280060.12,0.00,0.00
PA-00013,CW-2025-0417-CIV,Ridgeway Civil Engineering LLC,S-02 Platform South,Z4 Escarpment,2025-02-22,2025-02-28,2025-03-10,327943.17,16397.15,311546.02,0.00,0.00
PA-00014,CW-2025-0417-CIV,Ridgeway Civil Engineering LLC,S-02 Platform South,Z4 Escarpment,2025-04-09,2025-04-16,2025-04-18,99707.63,4985.38,94722.25,0.00,0.00
PA-00015,CW-2025-0417-CIV,Ridgeway Civil Engineering LLC,S-01 Platform North,Z2 North Spur,2026-06-15,2026-06-21,2026-07-02,19324.54,966.22,18358.32,0.00,0.00
PA-00016,CW-2025-0417-CIV,Ridgeway Civil Engineering LLC,S-04 Drainage Corridor,Z2 North Spur,2026-04-29,2026-05-05,2026-05-08,85313.97,4265.69,81048.28,0.00,0.00
PA-00017,CW-2025-0417-CIV,Ridgeway Civil Engineering LLC,S-03 Access Road,Z1 Compound,2025-08-21,2025-08-27,2025-09-16,384353.07,19217.65,365135.42,0.00,0.00
PA-00018,CW-2025-0417-CIV,Ridgeway Civil Engineering LLC,S-03 Access Road,Z1 Compound,2025-02-15,2025-02-21,2025-03-09,184451.11,9222.55,175228.56,0.00,0.00
PA-00019,CW-2025-0417-CIV,Ridgeway Civil Engineering LLC,S-02 Platform South,Z2 North Spur,2025-04-01,2025-04-12,2025-04-18,165251.80,8262.59,156989.21,0.00,0.00
PA-00020,CW-2025-0417-CIV,Ridgeway Civil Engineering LLC,S-02 Platform South,Z1 Compound,2025-09-28,2025-10-13,2025-10-25,177761.30,8888.06,168873.24,0.00,0.00
PA-00021,CW-2025-0417-CIV,Ridgeway Civil Engineering LLC,S-05 Compound Extension,Z4 Escarpment,2026-07-29,2026-08-10,2026-08-13,110645.68,5532.28,105113.40,0.00,0.00
PA-00022,CW-2025-0417-CIV,Ridgeway Civil Engineering LLC,S-04 Drainage Corridor,Z2 North Spur,2025-10-29,2025-11-13,2025-11-19,215459.39,10772.96,204686.43,0.00,0.00
PA-00023,CW-2025-0417-CIV,Ridgeway Civil Engineering LLC,S-05 Compound Extension,Z4 Escarpment,2026-04-30,2026-05-07,2026-05-12,276223.49,13811.17,262412.32,0.00,0.00
PA-00024,CW-2025-0417-CIV,Ridgeway Civil Engineering LLC,S-02 Platform South,Z3 Wadi Crossing,2025-03-09,2025-03-16,2025-03-30,118827.43,5941.37,112886.06,0.00,0.00
PA-00025,CW-2025-0417-CIV,Ridgeway Civil Engineering LLC,S-01 Platform North,Z1 Compound,2025-12-25,2026-01-10,2026-01-16,151798.04,7589.90,144208.14,0.00,0.00
PA-00026,CW-2025-0417-CIV,Ridgeway Civil Engineering LLC,S-02 Platform South,Z4 Escarpment,2026-05-07,2026-05-15,2026-05-23,152720.91,7636.04,145084.87,0.00,0.00
PA-00027,CW-2025-0417-CIV,Ridgeway Civil Engineering LLC,S-01 Platform North,Z1 Compound,2025-09-20,2025-10-07,2025-10-26,324789.51,16239.47,308550.04,0.00,0.00
PA-00028,CW-2025-0417-CIV,Ridgeway Civil Engineering LLC,S-03 Access Road,Z4 Escarpment,2025-08-24,2025-09-01,2025-09-17,371079.60,18553.98,352525.62,0.00,0.00
PA-00029,CW-2025-0417-CIV,Ridgeway Civil Engineering LLC,S-02 Platform South,Z4 Escarpment,2026-03-22,2026-03-27,2026-04-12,106471.96,5323.59,101148.37,0.00,0.00
PA-00030,CW-2025-0417-CIV,Ridgeway Civil Engineering LLC,S-01 Platform North,Z2 North Spur,2026-03-10,2026-03-16,2026-04-04,115897.54,5794.87,110102.67,0.00,0.00
PA-00031,CW-2025-0417-CIV,Ridgeway Civil Engineering LLC,S-01 Platform North,Z1 Compound,2025-04-28,2025-05-03,2025-05-08,242445.44,12122.27,230323.17,0.00,0.00
PA-00032,CW-2025-0417-CIV,Ridgeway Civil Engineering LLC,S-05 Compound Extension,Z2 North Spur,2025-02-16,2025-02-23,2025-03-02,101154.77,5057.73,96097.04,0.00,0.00
PA-00033,CW-2025-0417-CIV,Ridgeway Civil Engineering LLC,S-01 Platform North,Z1 Compound,2025-09-01,2025-09-07,2025-09-28,81767.72,4088.38,77679.34,0.00,0.00
PA-00034,CW-2025-0417-CIV,Ridgeway Civil Engineering LLC,S-02 Platform South,Z1 Compound,2025-08-13,2025-08-20,2025-08-29,238431.47,11921.57,226509.90,0.00,0.00
PA-00035,CW-2025-0417-CIV,Ridgeway Civil Engineering LLC,S-02 Platform South,Z3 Wadi Crossing,2025-10-18,2025-10-29,2025-11-15,359855.92,17992.79,341863.13,0.00,0.00
PA-00036,CW-2025-0417-CIV,Ridgeway Civil Engineering LLC,S-04 Drainage Corridor,Z3 Wadi Crossing,2025-09-27,2025-10-14,2025-10-30,220190.46,11009.52,209180.94,0.00,0.00
PA-00037,CW-2025-0417-CIV,Ridgeway Civil Engineering LLC,S-03 Access Road,Z3 Wadi Crossing,2025-02-12,2025-02-27,2025-03-06,316124.79,15806.23,300318.56,0.00,0.00
PA-00038,CW-2025-0417-CIV,Ridgeway Civil Engineering LLC,S-05 Compound Extension,Z2 North Spur,2025-03-20,2025-04-03,2025-04-13,281312.26,14065.61,267246.65,0.00,0.00
PA-00039,CW-2025-0417-CIV,Ridgeway Civil Engineering LLC,S-05 Compound Extension,Z2 North Spur,2025-01-19,2025-02-03,2025-02-16,42092.11,2104.60,39987.51,0.00,0.00
PA-00040,CW-2025-0417-CIV,Ridgeway Civil Engineering LLC,S-03 Access Road,Z4 Escarpment,2025-01-12,2025-01-18,2025-01-23,408814.35,20440.71,388373.64,0.00,0.00
PA-00041,CW-2025-0417-CIV,Ridgeway Civil Engineering LLC,S-05 Compound Extension,Z1 Compound,2026-07-06,2026-07-13,2026-07-19,52135.88,2606.79,49529.09,0.00,0.00
PA-00042,CW-2025-0417-CIV,Ridgeway Civil Engineering LLC,S-02 Platform South,Z3 Wadi Crossing,2025-01-11,2025-01-30,2025-02-13,233201.98,11660.09,221541.89,0.00,0.00
PA-00043,CW-2025-0417-CIV,Ridgeway Civil Engineering LLC,S-04 Drainage Corridor,Z3 Wadi Crossing,2025-05-29,2025-06-10,2025-06-14,231457.44,11572.87,219884.57,0.00,0.00
PA-00044,CW-2025-0417-CIV,Ridgeway Civil Engineering LLC,S-02 Platform South,Z1 Compound,2026-01-28,2026-02-08,2026-02-19,133440.42,6672.02,126768.40,0.00,0.00
PA-00045,CW-2025-0417-CIV,Ridgeway Civil Engineering LLC,S-05 Compound Extension,Z1 Compound,2026-05-08,2026-05-16,2026-05-24,63622.54,3181.12,60441.42,0.00,0.00
PA-00046,CW-2025-0417-CIV,Ridgeway Civil Engineering LLC,S-03 Access Road,Z2 North Spur,2026-07-10,2026-07-15,2026-07-27,51554.63,2577.73,48976.90,0.00,0.00
PA-00047,CW-2025-0417-CIV,Ridgeway Civil Engineering LLC,S-04 Drainage Corridor,Z1 Compound,2026-04-05,2026-04-14,2026-05-02,57680.46,2884.02,54796.44,0.00,0.00
PA-00048,CW-2025-0417-CIV,Ridgeway Civil Engineering LLC,S-04 Drainage Corridor,Z2 North Spur,2025-03-07,2025-03-14,2025-03-25,86798.84,4339.94,82458.90,0.00,0.00
PA-00049,CW-2025-0417-CIV,Ridgeway Civil Engineering LLC,S-01 Platform North,Z4 Escarpment,2026-02-18,2026-02-26,2026-03-01,213248.92,10662.44,202586.48,0.00,0.00
PA-00050,CW-2025-0417-CIV,Ridgeway Civil Engineering LLC,S-03 Access Road,Z3 Wadi Crossing,2025-08-13,2025-08-18,2025-08-28,59532.84,2976.64,56556.20,0.00,0.00
PA-00051,CW-2025-0417-CIV,Ridgeway Civil Engineering LLC,S-05 Compound Extension,Z3 Wadi Crossing,2026-01-15,2026-01-25,2026-02-05,232405.77,11620.28,220785.49,0.00,0.00
PA-00052,CW-2025-0417-CIV,Ridgeway Civil Engineering LLC,S-05 Compound Extension,Z3 Wadi Crossing,2026-01-26,2026-02-10,2026-02-14,102099.03,5104.95,96994.08,0.00,0.00
PA-00053,CW-2025-0417-CIV,Ridgeway Civil Engineering LLC,S-05 Compound Extension,Z2 North Spur,2025-05-16,2025-05-24,2025-05-31,139614.60,6980.73,132633.87,0.00,0.00
PA-00054,CW-2025-0417-CIV,Ridgeway Civil Engineering LLC,S-02 Platform South,Z3 Wadi Crossing,2025-05-08,2025-05-22,2025-06-04,355790.05,17789.50,338000.55,0.00,0.00
PA-00055,CW-2025-0417-CIV,Ridgeway Civil Engineering LLC,S-03 Access Road,Z1 Compound,2025-12-12,2025-12-20,2026-01-08,262814.74,13140.73,249674.01,0.00,0.00
PA-00056,CW-2025-0417-CIV,Ridgeway Civil Engineering LLC,S-03 Access Road,Z3 Wadi Crossing,2025-09-13,2025-09-24,2025-10-10,259400.66,12970.03,246430.63,0.00,0.00
PA-00057,CW-2025-0417-CIV,Ridgeway Civil Engineering LLC,S-04 Drainage Corridor,Z4 Escarpment,2025-09-16,2025-09-29,2025-10-04,293385.88,14669.29,278716.59,0.00,0.00
PA-00058,CW-2025-0417-CIV,Ridgeway Civil Engineering LLC,S-02 Platform South,Z3 Wadi Crossing,2026-01-11,2026-01-20,2026-02-03,219811.94,10990.59,208821.35,0.00,0.00
PA-00059,CW-2025-0417-CIV,Ridgeway Civil Engineering LLC,S-05 Compound Extension,Z1 Compound,2025-02-11,2025-02-20,2025-03-10,114454.74,5722.73,108732.01,0.00,0.00
PA-00060,CW-2025-0417-CIV,Ridgeway Civil Engineering LLC,S-05 Compound Extension,Z3 Wadi Crossing,2025-12-23,2026-01-02,2026-01-08,49737.06,2486.85,47250.21,0.00,0.00
PA-00061,CW-2025-0417-CIV,Ridgeway Civil Engineering LLC,S-01 Platform North,Z3 Wadi Crossing,2025-03-08,2025-03-24,2025-04-08,215464.54,10773.22,204691.32,0.00,0.00
PA-00062,CW-2025-0417-CIV,Ridgeway Civil Engineering LLC,S-02 Platform South,Z1 Compound,2026-02-16,2026-02-27,2026-03-14,413545.37,20677.26,392868.11,0.00,0.00
PA-00063,CW-2025-0417-CIV,Ridgeway Civil Engineering LLC,S-01 Platform North,Z3 Wadi Crossing,2025-02-28,2025-03-04,2025-03-20,291959.69,14597.98,277361.71,0.00,0.00
PA-00064,CW-2025-0417-CIV,Ridgeway Civil Engineering LLC,S-05 Compound Extension,Z2 North Spur,2025-11-25,2025-12-15,2026-01-02,61052.06,3052.60,57999.46,0.00,0.00
PA-00065,CW-2025-0417-CIV,Ridgeway Civil Engineering LLC,S-04 Drainage Corridor,Z4 Escarpment,2025-04-09,2025-04-21,2025-04-23,54950.32,2747.51,52202.81,0.00,0.00
PA-00066,CW-2025-0417-CIV,Ridgeway Civil Engineering LLC,S-04 Drainage Corridor,Z1 Compound,2025-02-13,2025-02-23,2025-03-15,138510.90,6925.54,131585.36,0.00,0.00
PA-00067,CW-2025-0417-CIV,Ridgeway Civil Engineering LLC,S-03 Access Road,Z1 Compound,2025-06-14,2025-06-26,2025-07-02,53011.60,2650.58,50361.02,0.00,0.00
PA-00068,CW-2025-0417-CIV,Ridgeway Civil Engineering LLC,S-03 Access Road,Z1 Compound,2025-04-17,2025-04-25,2025-05-07,275317.90,13765.89,261552.01,0.00,0.00
PA-00069,CW-2025-0417-CIV,Ridgeway Civil Engineering LLC,S-02 Platform South,Z3 Wadi Crossing,2025-12-16,2025-12-23,2026-01-13,289175.71,14458.78,274716.93,0.00,0.00
PA-00070,CW-2025-0417-CIV,Ridgeway Civil Engineering LLC,S-02 Platform South,Z4 Escarpment,2026-03-24,2026-03-30,2026-04-03,226542.11,11327.10,215215.01,0.00,0.00
PA-00071,CW-2025-0417-CIV,Ridgeway Civil Engineering LLC,S-02 Platform South,Z1 Compound,2026-05-15,2026-05-23,2026-06-05,121209.70,6060.48,115149.22,0.00,0.00
PA-00072,CW-2025-0417-CIV,Ridgeway Civil Engineering LLC,S-04 Drainage Corridor,Z4 Escarpment,2026-08-04,2026-08-10,2026-08-20,271978.78,13598.93,258379.85,0.00,0.00
PA-00073,CW-2025-0417-CIV,Ridgeway Civil Engineering LLC,S-04 Drainage Corridor,Z4 Escarpment,2025-11-18,2025-11-30,2025-12-13,123367.66,6168.38,117199.28,0.00,0.00
PA-00074,CW-2025-0417-CIV,Ridgeway Civil Engineering LLC,S-04 Drainage Corridor,Z3 Wadi Crossing,2025-11-29,2025-12-07,2025-12-17,297791.10,14889.55,282901.55,0.00,0.00
PA-00075,CW-2025-0417-CIV,Ridgeway Civil Engineering LLC,S-04 Drainage Corridor,Z2 North Spur,2025-08-13,2025-08-19,2025-08-22,32631.96,1631.59,31000.37,0.00,0.00
PA-00076,CW-2025-0417-CIV,Ridgeway Civil Engineering LLC,S-01 Platform North,Z2 North Spur,2026-02-06,2026-02-25,2026-02-28,102566.30,5128.31,97437.99,0.00,0.00
PA-00077,CW-2025-0417-CIV,Ridgeway Civil Engineering LLC,S-05 Compound Extension,Z4 Escarpment,2026-07-13,2026-07-22,2026-07-24,242074.15,12103.70,229970.45,0.00,0.00
PA-00078,CW-2025-0417-CIV,Ridgeway Civil Engineering LLC,S-04 Drainage Corridor,Z1 Compound,2025-12-15,2026-01-01,2026-01-18,94478.62,4723.93,89754.69,0.00,0.00
PA-00079,CW-2025-0417-CIV,Ridgeway Civil Engineering LLC,S-05 Compound Extension,Z3 Wadi Crossing,2026-06-22,2026-06-30,2026-07-21,118205.44,5910.27,112295.17,0.00,0.00
PA-00080,CW-2025-0417-CIV,Ridgeway Civil Engineering LLC,S-01 Platform North,Z4 Escarpment,2025-05-17,2025-05-21,2025-05-25,77408.92,3870.44,73538.48,0.00,0.00
PA-00081,CW-2025-0417-CIV,Ridgeway Civil Engineering LLC,S-01 Platform North,Z3 Wadi Crossing,2025-01-15,2025-01-30,2025-02-05,165066.97,8253.34,156813.63,0.00,0.00
PA-00082,CW-2025-0417-CIV,Ridgeway Civil Engineering LLC,S-01 Platform North,Z2 North Spur,2026-08-09,2026-08-23,2026-09-05,412495.81,20624.79,391871.02,0.00,0.00
PA-00083,CW-2025-0417-CIV,Ridgeway Civil Engineering LLC,S-05 Compound Extension,Z3 Wadi Crossing,2025-11-10,2025-11-28,2025-12-15,263602.73,13180.13,250422.60,0.00,0.00
PA-00084,CW-2025-0417-CIV,Ridgeway Civil Engineering LLC,S-03 Access Road,Z3 Wadi Crossing,2025-12-18,2025-12-23,2026-01-10,29741.06,1487.05,28254.01,0.00,0.00
PA-00085,CW-2025-0417-CIV,Ridgeway Civil Engineering LLC,S-03 Access Road,Z4 Escarpment,2025-06-24,2025-06-28,2025-07-15,476983.95,23849.19,453134.76,0.00,0.00
PA-00086,CW-2025-0417-CIV,Ridgeway Civil Engineering LLC,S-01 Platform North,Z3 Wadi Crossing,2026-07-01,2026-07-15,2026-07-19,98549.95,4927.49,93622.46,0.00,0.00
PA-00087,CW-2025-0417-CIV,Ridgeway Civil Engineering LLC,S-03 Access Road,Z3 Wadi Crossing,2026-02-17,2026-02-25,2026-03-11,49737.54,2486.87,47250.67,0.00,0.00
PA-00088,CW-2025-0417-CIV,Ridgeway Civil Engineering LLC,S-02 Platform South,Z2 North Spur,2026-03-21,2026-03-30,2026-04-07,88387.10,4419.35,83967.75,0.00,0.00
PA-00089,CW-2025-0417-CIV,Ridgeway Civil Engineering LLC,S-05 Compound Extension,Z3 Wadi Crossing,2025-04-24,2025-05-01,2025-05-11,280143.23,14007.16,266136.07,0.00,0.00
PA-00090,CW-2025-0417-CIV,Ridgeway Civil Engineering LLC,S-03 Access Road,Z1 Compound,2026-01-15,2026-01-26,2026-02-03,119591.35,5979.56,113611.79,0.00,0.00
PA-00091,CW-2025-0417-CIV,Ridgeway Civil Engineering LLC,S-01 Platform North,Z3 Wadi Crossing,2026-01-12,2026-01-23,2026-02-03,213316.93,10665.84,202651.09,0.00,0.00
PA-00092,CW-2025-0417-CIV,Ridgeway Civil Engineering LLC,S-05 Compound Extension,Z3 Wadi Crossing,2025-07-04,2025-07-17,2025-07-23,523256.30,26162.81,497093.49,0.00,0.00
PA-00093,CW-2025-0417-CIV,Ridgeway Civil Engineering LLC,S-05 Compound Extension,Z4 Escarpment,2025-11-15,2025-11-20,2025-11-30,141605.38,7080.26,134525.12,0.00,0.00
PA-00094,CW-2025-0417-CIV,Ridgeway Civil Engineering LLC,S-01 Platform North,Z3 Wadi Crossing,2025-04-29,2025-05-13,2025-05-18,133870.76,6693.53,127177.23,0.00,0.00
PA-00095,CW-2025-0417-CIV,Ridgeway Civil Engineering LLC,S-01 Platform North,Z3 Wadi Crossing,2025-07-29,2025-08-10,2025-08-26,184917.87,9245.89,175671.98,0.00,0.00
PA-00096,CW-2025-0417-CIV,Ridgeway Civil Engineering LLC,S-04 Drainage Corridor,Z2 North Spur,2025-12-13,2025-12-24,2026-01-09,205766.25,10288.31,195477.94,0.00,0.00
PA-00097,CW-2025-0417-CIV,Ridgeway Civil Engineering LLC,S-02 Platform South,Z4 Escarpment,2026-06-03,2026-06-10,2026-06-26,43878.70,2193.93,41684.77,0.00,0.00
PA-00098,CW-2025-0417-CIV,Ridgeway Civil Engineering LLC,S-02 Platform South,Z2 North Spur,2025-04-21,2025-04-27,2025-05-06,31623.90,1581.19,30042.71,0.00,0.00
PA-00099,CW-2025-0417-CIV,Ridgeway Civil Engineering LLC,S-04 Drainage Corridor,Z2 North Spur,2026-07-22,2026-07-26,2026-08-07,162901.09,8145.05,154756.04,0.00,0.00
PA-00100,CW-2025-0417-CIV,Ridgeway Civil Engineering LLC,S-05 Compound Extension,Z1 Compound,2025-04-22,2025-04-29,2025-05-04,87188.26,4359.41,82828.85,0.00,0.00
PA-00101,CW-2025-0417-CIV,Ridgeway Civil Engineering LLC,S-02 Platform South,Z2 North Spur,2026-07-09,2026-07-19,2026-07-22,385551.53,19277.57,366273.96,0.00,0.00
PA-00102,CW-2025-0417-CIV,Ridgeway Civil Engineering LLC,S-03 Access Road,Z1 Compound,2025-12-25,2026-01-04,2026-01-11,278959.23,13947.96,265011.27,0.00,0.00
PA-00103,CW-2025-0417-CIV,Ridgeway Civil Engineering LLC,S-01 Platform North,Z1 Compound,2025-05-29,2025-06-07,2025-06-27,50263.84,2513.19,47750.65,0.00,0.00
PA-00104,CW-2025-0417-CIV,Ridgeway Civil Engineering LLC,S-03 Access Road,Z1 Compound,2026-03-18,2026-03-23,2026-03-27,59600.40,2980.02,56620.38,0.00,0.00
PA-00105,CW-2025-0417-CIV,Ridgeway Civil Engineering LLC,S-01 Platform North,Z2 North Spur,2025-09-21,2025-10-04,2025-10-08,156167.20,7808.36,148358.84,0.00,0.00
PA-00106,CW-2025-0417-CIV,Ridgeway Civil Engineering LLC,S-03 Access Road,Z1 Compound,2025-09-22,2025-10-01,2025-10-06,150574.04,7528.70,143045.34,0.00,0.00
PA-00107,CW-2025-0417-CIV,Ridgeway Civil Engineering LLC,S-02 Platform South,Z3 Wadi Crossing,2025-07-01,2025-07-09,2025-07-29,83743.45,4187.17,79556.28,0.00,0.00
PA-00108,CW-2025-0417-CIV,Ridgeway Civil Engineering LLC,S-03 Access Road,Z3 Wadi Crossing,2025-03-18,2025-03-23,2025-03-26,184518.80,9225.94,175292.86,0.00,0.00
PA-00109,CW-2025-0417-CIV,Ridgeway Civil Engineering LLC,S-01 Platform North,Z3 Wadi Crossing,2025-05-25,2025-06-11,2025-06-18,329206.88,16460.34,312746.54,0.00,0.00
PA-00110,CW-2025-0417-CIV,Ridgeway Civil Engineering LLC,S-02 Platform South,Z2 North Spur,2025-02-12,2025-02-20,2025-03-10,139090.46,6954.52,132135.94,0.00,0.00
PA-00111,CW-2025-0417-CIV,Ridgeway Civil Engineering LLC,S-01 Platform North,Z4 Escarpment,2025-03-16,2025-03-22,2025-04-04,375442.26,18772.11,356670.15,0.00,0.00
PA-00112,CW-2025-0417-CIV,Ridgeway Civil Engineering LLC,S-05 Compound Extension,Z2 North Spur,2025-10-08,2025-10-19,2025-11-07,154468.54,7723.42,146745.12,0.00,0.00
PA-00113,CW-2025-0417-CIV,Ridgeway Civil Engineering LLC,S-05 Compound Extension,Z3 Wadi Crossing,2025-02-27,2025-03-04,2025-03-10,104786.28,5239.31,99546.97,0.00,0.00
PA-00114,CW-2025-0417-CIV,Ridgeway Civil Engineering LLC,S-01 Platform North,Z2 North Spur,2025-10-16,2025-10-26,2025-11-06,123503.21,6175.16,117328.05,0.00,0.00
PA-00115,CW-2025-0417-CIV,Ridgeway Civil Engineering LLC,S-02 Platform South,Z4 Escarpment,2025-09-25,2025-10-08,2025-10-15,185582.92,9279.14,176303.78,0.00,0.00
PA-00116,CW-2025-0417-CIV,Ridgeway Civil Engineering LLC,S-04 Drainage Corridor,Z2 North Spur,2025-08-30,2025-09-08,2025-09-29,548912.76,27445.63,521467.13,0.00,0.00
PA-00117,CW-2025-0417-CIV,Ridgeway Civil Engineering LLC,S-02 Platform South,Z3 Wadi Crossing,2025-07-08,2025-07-25,2025-07-27,212893.06,10644.65,202248.41,0.00,0.00
PA-00118,CW-2025-0417-CIV,Ridgeway Civil Engineering LLC,S-05 Compound Extension,Z2 North Spur,2026-02-16,2026-02-22,2026-03-14,192959.66,9647.98,183311.68,0.00,0.00
PA-00119,CW-2025-0417-CIV,Ridgeway Civil Engineering LLC,S-03 Access Road,Z2 North Spur,2025-10-14,2025-10-28,2025-10-31,107548.90,5377.44,102171.46,0.00,0.00
PA-00120,CW-2025-0417-CIV,Ridgeway Civil Engineering LLC,S-05 Compound Extension,Z2 North Spur,2025-07-02,2025-07-13,2025-07-21,140818.01,7040.90,133777.11,0.00,0.00
PA-00121,CW-2025-0417-CIV,Ridgeway Civil Engineering LLC,S-05 Compound Extension,Z3 Wadi Crossing,2025-02-09,2025-02-15,2025-03-04,23941.39,1197.06,22744.33,0.00,0.00
PA-00122,CW-2025-0417-CIV,Ridgeway Civil Engineering LLC,S-05 Compound Extension,Z4 Escarpment,2025-11-17,2025-12-04,2025-12-08,278415.64,13920.78,264494.86,0.00,0.00
PA-00123,CW-2025-0417-CIV,Ridgeway Civil Engineering LLC,S-03 Access Road,Z2 North Spur,2026-06-12,2026-06-20,2026-07-10,78363.42,3918.17,74445.25,0.00,0.00
PA-00124,CW-2025-0417-CIV,Ridgeway Civil Engineering LLC,S-05 Compound Extension,Z4 Escarpment,2025-06-09,2025-06-15,2025-07-06,124540.01,6227.00,118313.01,0.00,0.00
PA-00125,CW-2025-0417-CIV,Ridgeway Civil Engineering LLC,S-02 Platform South,Z2 North Spur,2025-04-17,2025-04-29,2025-04-15,25068.53,1253.42,23815.11,0.00,0.00
PA-00126,CW-2025-0417-CIV,Ridgeway Civil Engineering LLC,S-04 Drainage Corridor,Z2 North Spur,2025-05-01,2025-05-12,2025-05-22,364555.78,18227.78,346328.00,0.00,0.00
PA-00127,CW-2025-0417-CIV,Ridgeway Civil Engineering LLC,S-03 Access Road,Z1 Compound,2025-02-09,2025-02-25,2025-03-10,81937.12,4096.85,77840.27,0.00,0.00
PA-00128,CW-2025-0417-CIV,Ridgeway Civil Engineering LLC,S-04 Drainage Corridor,Z3 Wadi Crossing,2025-02-22,2025-03-07,2025-03-21,45819.47,2290.97,43528.50,0.00,0.00
PA-00129,CW-2025-0417-CIV,Ridgeway Civil Engineering LLC,S-02 Platform South,Z4 Escarpment,2026-08-03,2026-08-16,2026-08-18,367639.51,18381.97,349257.54,0.00,0.00
PA-00130,CW-2025-0417-CIV,Ridgeway Civil Engineering LLC,S-01 Platform North,Z4 Escarpment,2025-04-19,2025-05-03,2025-05-18,356942.46,17847.12,339095.34,0.00,0.00
PA-00131,CW-2025-0417-CIV,Ridgeway Civil Engineering LLC,S-04 Drainage Corridor,Z1 Compound,2025-11-19,2025-11-30,2025-12-03,487186.31,24359.31,462827.00,0.00,0.00
PA-00132,CW-2025-0417-CIV,Ridgeway Civil Engineering LLC,S-01 Platform North,Z2 North Spur,2025-05-07,2025-05-17,2025-05-20,356806.53,17840.32,338966.21,0.00,0.00
PA-00133,CW-2025-0417-CIV,Ridgeway Civil Engineering LLC,S-01 Platform North,Z3 Wadi Crossing,2025-03-29,2025-04-12,2025-04-18,309756.61,15487.83,294268.78,0.00,0.00
PA-00134,CW-2025-0417-CIV,Ridgeway Civil Engineering LLC,S-01 Platform North,Z3 Wadi Crossing,2026-07-21,2026-07-31,2026-08-02,221051.00,11052.55,209998.45,0.00,0.00
PA-00135,CW-2025-0417-CIV,Ridgeway Civil Engineering LLC,S-05 Compound Extension,Z3 Wadi Crossing,2026-01-13,2026-01-20,2026-02-03,61966.03,3098.30,58867.73,0.00,0.00
PA-00136,CW-2025-0417-CIV,Ridgeway Civil Engineering LLC,S-02 Platform South,Z4 Escarpment,2025-06-04,2025-06-16,2025-07-05,128844.52,6442.22,122402.30,0.00,0.00
PA-00137,CW-2025-0417-CIV,Ridgeway Civil Engineering LLC,S-02 Platform South,Z1 Compound,2025-02-21,2025-03-08,2025-03-18,96093.70,4804.68,91289.02,0.00,0.00
PA-00138,CW-2025-0417-CIV,Ridgeway Civil Engineering LLC,S-03 Access Road,Z3 Wadi Crossing,2026-04-26,2026-05-06,2026-05-20,103408.58,5170.42,98238.16,0.00,0.00
PA-00139,CW-2025-0417-CIV,Ridgeway Civil Engineering LLC,S-05 Compound Extension,Z3 Wadi Crossing,2025-04-09,2025-04-20,2025-04-25,182148.14,9107.40,173040.74,0.00,0.00
PA-00140,CW-2025-0417-CIV,Ridgeway Civil Engineering LLC,S-03 Access Road,Z2 North Spur,2025-03-02,2025-03-19,2025-03-25,67660.74,3383.03,64277.71,0.00,0.00
PA-00141,CW-2025-0417-CIV,Ridgeway Civil Engineering LLC,S-04 Drainage Corridor,Z1 Compound,2025-11-16,2025-11-27,2025-12-18,179536.20,8976.81,170559.39,0.00,0.00
PA-00142,CW-2025-0417-CIV,Ridgeway Civil Engineering LLC,S-02 Platform South,Z1 Compound,2025-02-22,2025-02-28,2025-03-14,151892.35,7594.61,144297.74,0.00,0.00
PA-00143,CW-2025-0417-CIV,Ridgeway Civil Engineering LLC,S-03 Access Road,Z1 Compound,2025-12-08,2025-12-18,2025-12-27,129831.69,6491.58,123340.11,0.00,0.00
PA-00144,CW-2025-0417-CIV,Ridgeway Civil Engineering LLC,S-04 Drainage Corridor,Z4 Escarpment,2025-11-04,2025-11-15,2025-11-22,362824.46,18141.22,344683.24,0.00,0.00
PA-00145,CW-2025-0417-CIV,Ridgeway Civil Engineering LLC,S-03 Access Road,Z4 Escarpment,2026-01-22,2026-02-05,2026-02-15,351565.05,17578.25,333986.80,0.00,0.00
PA-00146,CW-2025-0417-CIV,Ridgeway Civil Engineering LLC,S-04 Drainage Corridor,Z2 North Spur,2025-03-18,2025-03-27,2025-04-06,160360.16,8018.00,152342.16,0.00,0.00
PA-00147,CW-2025-0417-CIV,Ridgeway Civil Engineering LLC,S-01 Platform North,Z3 Wadi Crossing,2025-03-14,2025-03-22,2025-03-28,99071.52,4953.57,94117.95,0.00,0.00
PA-00148,CW-2025-0417-CIV,Ridgeway Civil Engineering LLC,S-05 Compound Extension,Z4 Escarpment,2025-11-09,2025-11-17,2025-11-19,78300.28,3915.01,74385.27,0.00,0.00
PA-00149,CW-2025-0417-CIV,Ridgeway Civil Engineering LLC,S-01 Platform North,Z1 Compound,2026-03-13,2026-03-31,2026-04-08,171701.44,8585.07,163116.37,0.00,0.00
PA-00150,CW-2025-0417-CIV,Ridgeway Civil Engineering LLC,S-05 Compound Extension,Z1 Compound,2026-02-01,2026-02-16,2026-02-21,180446.32,9022.31,171424.01,0.00,0.00
PA-00151,CW-2025-0417-CIV,Ridgeway Civil Engineering LLC,S-03 Access Road,Z3 Wadi Crossing,2025-03-18,2025-04-02,2025-04-08,147414.43,7370.72,140043.71,0.00,0.00
PA-00152,CW-2025-0417-CIV,Ridgeway Civil Engineering LLC,S-01 Platform North,Z4 Escarpment,2026-05-04,2026-05-15,2026-05-28,162426.25,8121.31,154304.94,0.00,0.00
PA-00153,CW-2025-0417-CIV,Ridgeway Civil Engineering LLC,S-03 Access Road,Z4 Escarpment,2025-12-17,2025-12-29,2026-01-04,386709.59,19335.47,367374.12,0.00,0.00
PA-00154,CW-2025-0417-CIV,Ridgeway Civil Engineering LLC,S-02 Platform South,Z4 Escarpment,2025-10-24,2025-11-01,2025-11-04,90678.40,4533.92,86144.48,0.00,0.00
PA-00155,CW-2025-0417-CIV,Ridgeway Civil Engineering LLC,S-02 Platform South,Z2 North Spur,2026-06-23,2026-07-06,2026-07-12,253085.50,12654.27,240431.23,0.00,0.00
PA-00156,CW-2025-0417-CIV,Ridgeway Civil Engineering LLC,S-01 Platform North,Z1 Compound,2025-11-19,2025-12-03,2025-12-21,99511.20,4975.56,94535.64,0.00,0.00
PA-00157,CW-2025-0417-CIV,Ridgeway Civil Engineering LLC,S-04 Drainage Corridor,Z3 Wadi Crossing,2025-10-01,2025-10-09,2025-10-30,336343.51,16817.17,319526.34,0.00,0.00
PA-00158,CW-2025-0417-CIV,Ridgeway Civil Engineering LLC,S-04 Drainage Corridor,Z4 Escarpment,2025-07-13,2025-07-17,2025-07-28,42690.38,2134.51,40555.87,0.00,0.00
PA-00159,CW-2025-0417-CIV,Ridgeway Civil Engineering LLC,S-03 Access Road,Z2 North Spur,2026-05-26,2026-06-09,2026-06-17,166702.01,8335.10,158366.91,0.00,0.00
PA-00160,CW-2025-0417-CIV,Ridgeway Civil Engineering LLC,S-05 Compound Extension,Z1 Compound,2025-05-28,2025-06-13,2025-06-21,190591.65,9529.58,181062.07,0.00,0.00
PA-00161,CW-2025-0417-CIV,Ridgeway Civil Engineering LLC,S-02 Platform South,Z2 North Spur,2025-06-28,2025-07-12,2025-08-02,121180.04,6059.00,115121.04,0.00,0.00
PA-00162,CW-2025-0417-CIV,Ridgeway Civil Engineering LLC,S-03 Access Road,Z3 Wadi Crossing,2025-02-01,2025-02-17,2025-03-08,151988.27,7599.41,144388.86,0.00,0.00
PA-00163,CW-2025-0417-CIV,Ridgeway Civil Engineering LLC,S-05 Compound Extension,Z1 Compound,2025-02-09,2025-02-26,2025-03-16,143218.40,7160.92,136057.48,0.00,0.00
PA-00164,CW-2025-0417-CIV,Ridgeway Civil Engineering LLC,S-02 Platform South,Z2 North Spur,2025-03-06,2025-03-22,2025-04-02,186879.95,9343.99,177535.96,0.00,0.00
PA-00165,CW-2025-0417-CIV,Ridgeway Civil Engineering LLC,S-01 Platform North,Z1 Compound,2025-03-18,2025-03-28,2025-04-09,113205.89,5660.29,107545.60,0.00,0.00
PA-00166,CW-2025-0417-CIV,Ridgeway Civil Engineering LLC,S-04 Drainage Corridor,Z2 North Spur,2025-06-29,2025-07-12,2025-07-14,167366.34,8368.31,158998.03,0.00,0.00
PA-00167,CW-2025-0417-CIV,Ridgeway Civil Engineering LLC,S-05 Compound Extension,Z4 Escarpment,2025-09-28,2025-10-11,2025-10-17,142461.79,7123.08,135338.71,0.00,0.00
PA-00168,CW-2025-0417-CIV,Ridgeway Civil Engineering LLC,S-04 Drainage Corridor,Z2 North Spur,2025-03-16,2025-03-24,2025-04-11,138390.32,6919.51,131470.81,0.00,0.00
PA-00169,CW-2025-0417-CIV,Ridgeway Civil Engineering LLC,S-01 Platform North,Z4 Escarpment,2025-03-24,2025-03-27,2025-04-03,43002.57,2150.12,40852.45,0.00,0.00
PA-00170,CW-2025-0417-CIV,Ridgeway Civil Engineering LLC,S-02 Platform South,Z2 North Spur,2025-11-17,2025-12-01,2025-12-03,317208.79,15860.43,301348.36,0.00,0.00
PA-00171,CW-2025-0417-CIV,Ridgeway Civil Engineering LLC,S-02 Platform South,Z1 Compound,2025-08-25,2025-09-08,2025-09-12,67605.34,3380.26,64225.08,0.00,0.00
PA-00172,CW-2025-0417-CIV,Ridgeway Civil Engineering LLC,S-05 Compound Extension,Z4 Escarpment,2025-11-12,2025-11-25,2025-12-03,208407.01,10420.35,197986.66,0.00,0.00
PA-00173,CW-2025-0417-CIV,Ridgeway Civil Engineering LLC,S-04 Drainage Corridor,Z1 Compound,2025-11-08,2025-11-19,2025-12-05,63460.31,3173.01,60287.30,0.00,0.00
PA-00174,CW-2025-0417-CIV,Ridgeway Civil Engineering LLC,S-04 Drainage Corridor,Z4 Escarpment,2025-03-24,2025-04-08,2025-04-28,37784.28,1889.21,35895.07,0.00,0.00
PA-00175,CW-2025-0417-CIV,Ridgeway Civil Engineering LLC,S-05 Compound Extension,Z1 Compound,2025-01-31,2025-02-08,2025-02-21,49411.10,2470.55,46940.55,0.00,0.00
PA-00176,CW-2025-0417-CIV,Ridgeway Civil Engineering LLC,S-05 Compound Extension,Z2 North Spur,2025-08-26,2025-09-05,2025-09-20,155854.09,7792.70,148061.39,0.00,0.00
PA-00177,CW-2025-0417-CIV,Ridgeway Civil Engineering LLC,S-01 Platform North,Z1 Compound,2026-04-30,2026-05-08,2026-05-17,227196.50,11359.82,215836.68,0.00,0.00
PA-00178,CW-2025-0417-CIV,Ridgeway Civil Engineering LLC,S-03 Access Road,Z2 North Spur,2026-03-17,2026-03-24,2026-04-03,227764.75,11388.23,216376.52,0.00,0.00
PA-00179,CW-2025-0417-CIV,Ridgeway Civil Engineering LLC,S-02 Platform South,Z2 North Spur,2025-09-28,2025-10-05,2025-10-08,293453.45,14672.67,278780.78,0.00,0.00
PA-00180,CW-2025-0417-CIV,Ridgeway Civil Engineering LLC,S-02 Platform South,Z1 Compound,2026-07-23,2026-08-05,2026-08-16,210613.78,10530.68,200083.10,0.00,0.00
PA-00181,CW-2025-0417-CIV,Ridgeway Civil Engineering LLC,S-04 Drainage Corridor,Z2 North Spur,2026-01-02,2026-01-21,2026-01-29,305945.05,15297.25,290647.80,0.00,0.00
PA-00182,CW-2025-0417-CIV,Ridgeway Civil Engineering LLC,S-02 Platform South,Z3 Wadi Crossing,2026-04-29,2026-05-11,2026-05-17,54146.86,2707.34,51439.52,0.00,0.00
PA-00183,CW-2025-0417-CIV,Ridgeway Civil Engineering LLC,S-05 Compound Extension,Z2 North Spur,2025-11-14,2025-11-27,2025-12-06,145409.66,7270.48,138139.18,0.00,0.00
PA-00184,CW-2025-0417-CIV,Ridgeway Civil Engineering LLC,S-03 Access Road,Z2 North Spur,2025-10-14,2025-10-21,2025-10-30,44724.59,2236.22,42488.37,0.00,0.00
PA-00185,CW-2025-0417-CIV,Ridgeway Civil Engineering LLC,S-01 Platform North,Z3 Wadi Crossing,2026-06-21,2026-06-28,2026-07-02,426295.37,21314.76,404980.61,0.00,0.00
PA-00186,CW-2025-0417-CIV,Ridgeway Civil Engineering LLC,S-03 Access Road,Z4 Escarpment,2025-06-26,2025-07-12,2025-08-02,208603.62,10430.18,198173.44,0.00,0.00
PA-00187,CW-2025-0417-CIV,Ridgeway Civil Engineering LLC,S-01 Platform North,Z2 North Spur,2025-08-13,2025-08-27,2025-08-31,210771.91,10538.59,200233.32,0.00,0.00
PA-00188,CW-2025-0417-CIV,Ridgeway Civil Engineering LLC,S-05 Compound Extension,Z3 Wadi Crossing,2026-07-29,2026-08-09,2026-08-11,373200.06,18660.00,354540.06,0.00,0.00
PA-00189,CW-2025-0417-CIV,Ridgeway Civil Engineering LLC,S-03 Access Road,Z3 Wadi Crossing,2025-12-10,2025-12-21,2025-12-28,180572.43,9028.62,171543.81,0.00,0.00
PA-00190,CW-2025-0417-CIV,Ridgeway Civil Engineering LLC,S-01 Platform North,Z3 Wadi Crossing,2025-05-30,2025-06-06,2025-06-14,34013.15,1700.65,32312.50,0.00,0.00
PA-00191,CW-2025-0417-CIV,Ridgeway Civil Engineering LLC,S-01 Platform North,Z2 North Spur,2026-05-08,2026-05-14,2026-05-21,198241.98,9912.09,188329.89,0.00,0.00
PA-00192,CW-2025-0417-CIV,Ridgeway Civil Engineering LLC,S-03 Access Road,Z2 North Spur,2026-02-05,2026-02-16,2026-03-09,509864.87,25493.24,484371.63,0.00,0.00
PA-00193,CW-2025-0417-CIV,Ridgeway Civil Engineering LLC,S-03 Access Road,Z1 Compound,2025-10-23,2025-11-08,2025-11-26,101141.23,5057.06,96084.17,0.00,0.00
PA-00194,CW-2025-0417-CIV,Ridgeway Civil Engineering LLC,S-01 Platform North,Z4 Escarpment,2025-08-26,2025-09-06,2025-09-22,193376.61,9668.83,183707.78,0.00,0.00
PA-00195,CW-2025-0417-CIV,Ridgeway Civil Engineering LLC,S-01 Platform North,Z4 Escarpment,2025-05-07,2025-05-17,2025-05-26,253932.04,12696.60,241235.44,0.00,0.00
PA-00196,CW-2025-0417-CIV,Ridgeway Civil Engineering LLC,S-05 Compound Extension,Z4 Escarpment,2026-07-08,2026-07-19,2026-07-30,171251.87,8562.59,162689.28,0.00,0.00
PA-00197,CW-2025-0417-CIV,Ridgeway Civil Engineering LLC,S-03 Access Road,Z1 Compound,2026-02-13,2026-02-19,2026-03-02,92657.37,4632.86,88024.51,0.00,0.00
PA-00198,CW-2025-0417-CIV,Ridgeway Civil Engineering LLC,S-01 Platform North,Z1 Compound,2025-03-01,2025-03-07,2025-03-28,122349.06,6117.45,116231.61,0.00,0.00
PA-00199,CW-2025-0417-CIV,Ridgeway Civil Engineering LLC,S-03 Access Road,Z2 North Spur,2026-03-04,2026-03-16,2026-03-24,387888.26,19394.41,368493.85,0.00,0.00
PA-00200,CW-2025-0417-CIV,Ridgeway Civil Engineering LLC,S-04 Drainage Corridor,Z3 Wadi Crossing,2025-01-29,2025-02-08,2025-02-15,282130.83,14106.54,268024.29,0.00,0.00
PA-00201,CW-2025-0417-CIV,Ridgeway Civil Engineering LLC,S-03 Access Road,Z1 Compound,2025-11-20,2025-11-27,2025-12-10,192926.00,9646.30,183279.70,0.00,0.00
PA-00202,CW-2025-0417-CIV,Ridgeway Civil Engineering LLC,S-01 Platform North,Z2 North Spur,2026-06-07,2026-06-11,2026-06-15,102596.44,5129.82,97466.62,0.00,0.00
PA-00203,CW-2025-0417-CIV,Ridgeway Civil Engineering LLC,S-01 Platform North,Z3 Wadi Crossing,2025-03-24,2025-04-08,2025-04-22,89502.02,4475.10,85026.92,0.00,0.00
PA-00204,CW-2025-0417-CIV,Ridgeway Civil Engineering LLC,S-04 Drainage Corridor,Z3 Wadi Crossing,2026-01-06,2026-01-13,2026-02-02,128179.71,6408.98,121770.73,0.00,0.00
PA-00205,CW-2025-0417-CIV,Ridgeway Civil Engineering LLC,S-04 Drainage Corridor,Z4 Escarpment,2025-10-02,2025-10-12,2025-10-29,208580.09,10429.00,198151.09,0.00,0.00
PA-00206,CW-2025-0417-CIV,Ridgeway Civil Engineering LLC,S-04 Drainage Corridor,Z2 North Spur,2025-05-10,2025-05-18,2025-06-08,46097.92,2304.89,43793.03,0.00,0.00
PA-00207,CW-2025-0417-CIV,Ridgeway Civil Engineering LLC,S-05 Compound Extension,Z3 Wadi Crossing,2025-12-16,2025-12-29,2026-01-02,50057.67,2502.88,47554.79,0.00,0.00
PA-00208,CW-2025-0417-CIV,Ridgeway Civil Engineering LLC,S-02 Platform South,Z2 North Spur,2026-06-14,2026-07-04,2026-07-09,96299.96,4814.99,91484.97,0.00,0.00
PA-00209,CW-2025-0417-CIV,Ridgeway Civil Engineering LLC,S-03 Access Road,Z1 Compound,2026-02-15,2026-02-21,2026-03-05,149952.61,7497.63,142454.98,0.00,0.00
PA-00210,CW-2025-0417-CIV,Ridgeway Civil Engineering LLC,S-03 Access Road,Z3 Wadi Crossing,2026-04-19,2026-05-02,2026-05-09,406458.41,20322.92,386135.49,0.00,0.00
PA-00211,CW-2025-0417-CIV,Ridgeway Civil Engineering LLC,S-05 Compound Extension,Z4 Escarpment,2025-06-28,2025-07-07,2025-07-27,165749.82,8287.49,157462.33,0.00,0.00
PA-00212,CW-2025-0417-CIV,Ridgeway Civil Engineering LLC,S-01 Platform North,Z4 Escarpment,2025-03-14,2025-03-27,2025-04-06,269241.51,13462.07,255779.44,0.00,0.00
PA-00213,CW-2025-0417-CIV,Ridgeway Civil Engineering LLC,S-05 Compound Extension,Z1 Compound,2025-10-08,2025-10-15,2025-10-21,34998.72,1749.93,33248.79,0.00,0.00
PA-00214,CW-2025-0417-CIV,Ridgeway Civil Engineering LLC,S-03 Access Road,Z4 Escarpment,2026-01-22,2026-01-31,2026-02-18,59772.50,2988.62,56783.88,0.00,0.00
PA-00215,CW-2025-0417-CIV,Ridgeway Civil Engineering LLC,S-04 Drainage Corridor,Z1 Compound,2026-01-31,2026-02-06,2026-02-10,28770.20,1438.51,27331.69,0.00,0.00
PA-00216,CW-2025-0417-CIV,Ridgeway Civil Engineering LLC,S-04 Drainage Corridor,Z4 Escarpment,2025-06-18,2025-06-29,2025-07-09,361313.61,18065.68,343247.93,0.00,0.00
PA-00217,CW-2025-0417-CIV,Ridgeway Civil Engineering LLC,S-03 Access Road,Z2 North Spur,2025-07-25,2025-08-02,2025-08-23,223325.95,11166.29,212159.66,0.00,0.00
PA-00218,CW-2025-0417-CIV,Ridgeway Civil Engineering LLC,S-04 Drainage Corridor,Z2 North Spur,2026-06-11,2026-06-28,2026-07-16,115779.99,5788.99,109991.00,0.00,0.00
PA-00219,CW-2025-0417-CIV,Ridgeway Civil Engineering LLC,S-02 Platform South,Z1 Compound,2026-07-09,2026-07-27,2026-08-16,75444.21,3772.21,71672.00,0.00,0.00
PA-00220,CW-2025-0417-CIV,Ridgeway Civil Engineering LLC,S-03 Access Road,Z4 Escarpment,2025-05-29,2025-06-10,2025-07-01,310727.62,15536.38,295191.24,0.00,0.00
PA-00221,CW-2025-0417-CIV,Ridgeway Civil Engineering LLC,S-04 Drainage Corridor,Z4 Escarpment,2026-05-06,2026-05-25,2026-06-05,326957.74,16347.88,310609.86,0.00,0.00
PA-00222,CW-2025-0417-CIV,Ridgeway Civil Engineering LLC,S-03 Access Road,Z2 North Spur,2026-06-08,2026-06-17,2026-06-28,64093.46,3204.67,60888.79,0.00,0.00
PA-00223,CW-2025-0417-CIV,Ridgeway Civil Engineering LLC,S-03 Access Road,Z1 Compound,2025-10-22,2025-11-05,2025-11-19,66854.70,3342.73,63511.97,0.00,0.00
PA-00224,CW-2025-0417-CIV,Ridgeway Civil Engineering LLC,S-01 Platform North,Z4 Escarpment,2026-02-02,2026-02-11,2026-02-18,236660.02,11833.00,224827.02,0.00,0.00
PA-00225,CW-2025-0417-CIV,Ridgeway Civil Engineering LLC,S-05 Compound Extension,Z4 Escarpment,2025-06-30,2025-07-14,2025-07-29,169550.44,8477.52,161072.92,0.00,0.00
PA-00226,CW-2025-0417-CIV,Ridgeway Civil Engineering LLC,S-03 Access Road,Z3 Wadi Crossing,2025-12-02,2025-12-08,2025-12-21,91963.13,4598.15,87364.98,0.00,0.00
PA-00227,CW-2025-0417-CIV,Ridgeway Civil Engineering LLC,S-01 Platform North,Z4 Escarpment,2025-03-22,2025-03-28,2025-04-17,134996.78,6749.83,128246.95,0.00,0.00
PA-00228,CW-2025-0417-CIV,Ridgeway Civil Engineering LLC,S-02 Platform South,Z3 Wadi Crossing,2025-08-30,2025-09-11,2025-09-13,85345.38,4267.26,81078.12,0.00,0.00
PA-00229,CW-2025-0417-CIV,Ridgeway Civil Engineering LLC,S-05 Compound Extension,Z1 Compound,2026-06-14,2026-06-23,2026-07-05,111974.52,5598.72,106375.80,0.00,0.00
PA-00230,CW-2025-0417-CIV,Ridgeway Civil Engineering LLC,S-03 Access Road,Z3 Wadi Crossing,2025-04-03,2025-04-21,2025-05-11,216440.23,10822.01,205618.22,0.00,0.00
PA-00231,CW-2025-0417-CIV,Ridgeway Civil Engineering LLC,S-02 Platform South,Z4 Escarpment,2025-05-23,2025-06-06,2025-06-11,268835.61,13441.78,255393.83,0.00,0.00
PA-00232,CW-2025-0417-CIV,Ridgeway Civil Engineering LLC,S-02 Platform South,Z2 North Spur,2025-05-02,2025-05-20,2025-06-08,266042.26,13302.11,252740.15,0.00,0.00
PA-00233,CW-2025-0417-CIV,Ridgeway Civil Engineering LLC,S-01 Platform North,Z2 North Spur,2025-01-09,2025-01-19,2025-02-08,204976.37,10248.81,194727.56,0.00,0.00
PA-00234,CW-2025-0417-CIV,Ridgeway Civil Engineering LLC,S-01 Platform North,Z1 Compound,2025-03-12,2025-03-30,2025-04-10,21038.94,1051.94,19987.00,0.00,0.00
PA-00235,CW-2025-0417-CIV,Ridgeway Civil Engineering LLC,S-02 Platform South,Z1 Compound,2025-12-14,2025-12-28,2026-01-04,260431.76,13021.58,247410.18,0.00,0.00
PA-00236,CW-2025-0417-CIV,Ridgeway Civil Engineering LLC,S-04 Drainage Corridor,Z1 Compound,2025-11-13,2025-11-25,2025-12-09,119650.01,5982.50,113667.51,0.00,0.00
PA-00237,CW-2025-0417-CIV,Ridgeway Civil Engineering LLC,S-04 Drainage Corridor,Z2 North Spur,2026-01-05,2026-01-11,2026-01-13,33738.92,1686.94,32051.98,0.00,0.00
PA-00238,CW-2025-0417-CIV,Ridgeway Civil Engineering LLC,S-01 Platform North,Z3 Wadi Crossing,2026-01-24,2026-01-30,2026-02-03,237327.40,11866.37,225461.03,0.00,0.00
PA-00239,CW-2025-0417-CIV,Ridgeway Civil Engineering LLC,S-02 Platform South,Z2 North Spur,2025-09-27,2025-10-04,2025-10-06,150248.06,7512.40,142735.66,0.00,0.00
PA-00240,CW-2025-0417-CIV,Ridgeway Civil Engineering LLC,S-04 Drainage Corridor,Z3 Wadi Crossing,2026-08-03,2026-08-20,2026-08-26,152423.23,7621.16,144802.07,0.00,0.00
PA-00241,CW-2025-0417-CIV,Ridgeway Civil Engineering LLC,S-05 Compound Extension,Z4 Escarpment,2025-03-22,2025-03-29,2025-04-17,197665.53,9883.27,187782.26,0.00,0.00
PA-00242,CW-2025-0417-CIV,Ridgeway Civil Engineering LLC,S-02 Platform South,Z4 Escarpment,2025-03-25,2025-04-04,2025-04-24,133353.22,6667.66,126685.56,0.00,0.00
PA-00243,CW-2025-0417-CIV,Ridgeway Civil Engineering LLC,S-05 Compound Extension,Z2 North Spur,2026-06-23,2026-07-10,2026-07-24,94099.16,4704.95,89394.21,0.00,0.00
PA-00244,CW-2025-0417-CIV,Ridgeway Civil Engineering LLC,S-05 Compound Extension,Z1 Compound,2025-11-26,2025-12-03,2025-12-16,310112.62,15505.63,294606.99,0.00,0.00
PA-00245,CW-2025-0417-CIV,Ridgeway Civil Engineering LLC,S-04 Drainage Corridor,Z1 Compound,2025-05-24,2025-06-03,2025-06-15,328253.16,16412.65,311840.51,0.00,0.00
PA-00246,CW-2025-0417-CIV,Ridgeway Civil Engineering LLC,S-01 Platform North,Z1 Compound,2025-03-18,2025-03-30,2025-04-10,39999.30,1999.96,37999.34,0.00,0.00
PA-00247,CW-2025-0417-CIV,Ridgeway Civil Engineering LLC,S-03 Access Road,Z3 Wadi Crossing,2026-01-29,2026-02-02,2026-02-11,232870.45,11643.52,221226.93,0.00,0.00
PA-00248,CW-2025-0417-CIV,Ridgeway Civil Engineering LLC,S-01 Platform North,Z2 North Spur,2026-08-22,2026-08-28,2026-09-10,30917.93,1545.89,29372.04,0.00,0.00
PA-00249,CW-2025-0417-CIV,Ridgeway Civil Engineering LLC,S-04 Drainage Corridor,Z4 Escarpment,2025-01-12,2025-02-01,2025-02-19,134994.19,6749.70,128244.49,0.00,0.00
PA-00250,CW-2025-0417-CIV,Ridgeway Civil Engineering LLC,S-04 Drainage Corridor,Z2 North Spur,2025-03-08,2025-03-25,2025-04-05,204126.19,10206.30,193919.89,0.00,0.00
PA-00251,CW-2025-0417-CIV,Ridgeway Civil Engineering LLC,S-02 Platform South,Z4 Escarpment,2025-09-27,2025-10-04,2025-10-19,131830.46,6591.52,125238.94,0.00,0.00
PA-00252,CW-2025-0417-CIV,Ridgeway Civil Engineering LLC,S-05 Compound Extension,Z2 North Spur,2025-09-23,2025-10-10,2025-10-18,111258.43,5562.92,105695.51,0.00,0.00
PA-00253,CW-2025-0417-CIV,Ridgeway Civil Engineering LLC,S-05 Compound Extension,Z2 North Spur,2026-01-12,2026-01-17,2026-02-01,28893.06,1444.65,27448.41,0.00,0.00
PA-00254,CW-2025-0417-CIV,Ridgeway Civil Engineering LLC,S-05 Compound Extension,Z1 Compound,2025-08-28,2025-09-05,2025-09-18,95260.11,4763.00,90497.11,0.00,0.00
PA-00255,CW-2025-0417-CIV,Ridgeway Civil Engineering LLC,S-01 Platform North,Z3 Wadi Crossing,2026-08-17,2026-08-22,2026-09-02,60774.87,3038.74,57736.13,0.00,0.00
PA-00256,CW-2025-0417-CIV,Ridgeway Civil Engineering LLC,S-01 Platform North,Z1 Compound,2025-07-23,2025-08-01,2025-08-13,32925.94,1646.29,31279.65,0.00,0.00
PA-00257,CW-2025-0417-CIV,Ridgeway Civil Engineering LLC,S-03 Access Road,Z2 North Spur,2026-03-15,2026-03-22,2026-04-02,39797.78,1989.88,37807.90,0.00,0.00
PA-00258,CW-2025-0417-CIV,Ridgeway Civil Engineering LLC,S-04 Drainage Corridor,Z3 Wadi Crossing,2026-06-11,2026-06-22,2026-07-11,232973.37,11648.66,221324.71,0.00,0.00
PA-00259,CW-2025-0417-CIV,Ridgeway Civil Engineering LLC,S-04 Drainage Corridor,Z2 North Spur,2025-06-30,2025-07-12,2025-07-25,29305.09,1465.25,27839.84,0.00,0.00
PA-00260,CW-2025-0417-CIV,Ridgeway Civil Engineering LLC,S-04 Drainage Corridor,Z1 Compound,2026-08-21,2026-08-25,2026-09-06,98678.20,4933.91,93744.29,0.00,0.00
PA-00261,CW-2025-0417-CIV,Ridgeway Civil Engineering LLC,S-01 Platform North,Z4 Escarpment,2026-02-10,2026-02-17,2026-02-24,84550.74,4227.53,80323.21,0.00,0.00
PA-00262,CW-2025-0417-CIV,Ridgeway Civil Engineering LLC,S-01 Platform North,Z2 North Spur,2026-07-09,2026-07-26,2026-08-14,541271.39,27063.56,514207.83,0.00,0.00
PA-00263,CW-2025-0417-CIV,Ridgeway Civil Engineering LLC,S-04 Drainage Corridor,Z4 Escarpment,2026-08-13,2026-08-21,2026-08-30,280053.08,14002.65,266050.43,0.00,0.00
PA-00264,CW-2025-0417-CIV,Ridgeway Civil Engineering LLC,S-04 Drainage Corridor,Z1 Compound,2025-01-11,2025-01-21,2025-02-01,290857.95,14542.89,276315.06,0.00,0.00
PA-00265,CW-2025-0417-CIV,Ridgeway Civil Engineering LLC,S-03 Access Road,Z4 Escarpment,2025-07-25,2025-08-08,2025-08-16,153036.29,7651.81,145384.48,0.00,0.00
PA-00266,CW-2025-0417-CIV,Ridgeway Civil Engineering LLC,S-01 Platform North,Z3 Wadi Crossing,2026-05-28,2026-06-05,2026-06-21,44700.19,2235.00,42465.19,0.00,0.00
PA-00267,CW-2025-0417-CIV,Ridgeway Civil Engineering LLC,S-03 Access Road,Z3 Wadi Crossing,2025-05-01,2025-05-16,2025-06-06,188220.33,9411.01,178809.32,0.00,0.00
PA-00268,CW-2025-0417-CIV,Ridgeway Civil Engineering LLC,S-01 Platform North,Z3 Wadi Crossing,2026-06-06,2026-06-13,2026-07-04,81404.75,4070.23,77334.52,0.00,0.00
PA-00269,CW-2025-0417-CIV,Ridgeway Civil Engineering LLC,S-03 Access Road,Z2 North Spur,2025-10-16,2025-10-25,2025-11-09,369743.54,18487.17,351256.37,0.00,0.00
PA-00270,CW-2025-0417-CIV,Ridgeway Civil Engineering LLC,S-02 Platform South,Z1 Compound,2025-04-29,2025-05-13,2025-05-23,79091.83,3954.59,75137.24,0.00,0.00
PA-00271,CW-2025-0417-CIV,Ridgeway Civil Engineering LLC,S-02 Platform South,Z1 Compound,2025-05-15,2025-06-04,2025-06-22,342529.75,17126.48,325403.27,0.00,0.00
PA-00272,CW-2025-0417-CIV,Ridgeway Civil Engineering LLC,S-04 Drainage Corridor,Z3 Wadi Crossing,2026-04-21,2026-04-29,2026-05-04,201167.58,10058.37,191109.21,0.00,0.00
PA-00273,CW-2025-0417-CIV,Ridgeway Civil Engineering LLC,S-01 Platform North,Z3 Wadi Crossing,2026-05-15,2026-05-19,2026-05-24,139628.33,6981.41,132646.92,0.00,0.00
PA-00274,CW-2025-0417-CIV,Ridgeway Civil Engineering LLC,S-02 Platform South,Z3 Wadi Crossing,2026-01-23,2026-02-07,2026-02-27,100533.80,5026.69,95507.11,0.00,0.00
PA-00275,CW-2025-0417-CIV,Ridgeway Civil Engineering LLC,S-03 Access Road,Z1 Compound,2025-11-25,2025-12-02,2025-12-07,84319.58,4215.97,80103.61,0.00,0.00
PA-00276,CW-2025-0417-CIV,Ridgeway Civil Engineering LLC,S-02 Platform South,Z4 Escarpment,2025-01-18,2025-01-28,2025-01-30,59549.36,2977.46,56571.90,0.00,0.00
PA-00277,CW-2025-0417-CIV,Ridgeway Civil Engineering LLC,S-04 Drainage Corridor,Z3 Wadi Crossing,2025-01-10,2025-01-21,2025-01-27,162833.43,8141.67,154691.76,0.00,0.00
PA-00278,CW-2025-0417-CIV,Ridgeway Civil Engineering LLC,S-05 Compound Extension,Z2 North Spur,2026-01-01,2026-01-06,2026-01-19,223832.56,11191.62,212640.94,0.00,0.00
PA-00279,CW-2025-0417-CIV,Ridgeway Civil Engineering LLC,S-03 Access Road,Z4 Escarpment,2025-12-17,2025-12-29,2026-01-14,200958.41,10047.92,190910.49,0.00,0.00
PA-00280,CW-2025-0417-CIV,Ridgeway Civil Engineering LLC,S-05 Compound Extension,Z2 North Spur,2026-05-19,2026-05-23,2026-05-27,116042.06,5802.10,110239.96,0.00,0.00
PA-00281,CW-2025-0417-CIV,Ridgeway Civil Engineering LLC,S-02 Platform South,Z1 Compound,2026-06-01,2026-06-12,2026-06-14,168903.93,8445.19,160458.74,0.00,0.00
PA-00282,CW-2025-0417-CIV,Ridgeway Civil Engineering LLC,S-04 Drainage Corridor,Z1 Compound,2026-05-20,2026-05-27,2026-06-17,142092.80,7104.64,134988.16,0.00,0.00
PA-00283,CW-2025-0417-CIV,Ridgeway Civil Engineering LLC,S-04 Drainage Corridor,Z2 North Spur,2026-05-14,2026-06-02,2026-06-19,93655.97,4682.79,88973.18,0.00,0.00
PA-00284,CW-2025-0417-CIV,Ridgeway Civil Engineering LLC,S-03 Access Road,Z3 Wadi Crossing,2026-05-14,2026-05-27,2026-06-04,319278.71,15963.93,303314.78,0.00,0.00
PA-00285,CW-2025-0417-CIV,Ridgeway Civil Engineering LLC,S-02 Platform South,Z1 Compound,2026-02-05,2026-02-12,2026-02-27,56997.86,2849.89,54147.97,0.00,0.00
PA-00286,CW-2025-0417-CIV,Ridgeway Civil Engineering LLC,S-04 Drainage Corridor,Z3 Wadi Crossing,2025-04-20,2025-04-26,2025-04-29,339715.01,16985.75,322729.26,0.00,0.00
PA-00287,CW-2025-0417-CIV,Ridgeway Civil Engineering LLC,S-04 Drainage Corridor,Z4 Escarpment,2025-10-15,2025-10-21,2025-10-30,294797.64,14739.88,280057.76,0.00,0.00
PA-00288,CW-2025-0417-CIV,Ridgeway Civil Engineering LLC,S-02 Platform South,Z1 Compound,2025-07-26,2025-08-04,2025-08-09,561203.62,28060.18,533143.44,0.00,0.00
PA-00289,CW-2025-0417-CIV,Ridgeway Civil Engineering LLC,S-03 Access Road,Z1 Compound,2025-05-13,2025-05-19,2025-06-07,178996.92,8949.84,170047.08,0.00,0.00
PA-00290,CW-2025-0417-CIV,Ridgeway Civil Engineering LLC,S-01 Platform North,Z4 Escarpment,2026-05-05,2026-05-10,2026-05-28,99902.59,4995.12,94907.47,0.00,0.00
PA-00291,CW-2025-0417-CIV,Ridgeway Civil Engineering LLC,S-05 Compound Extension,Z4 Escarpment,2025-05-18,2025-06-02,2025-06-23,126599.91,6329.99,120269.92,0.00,0.00
PA-00292,CW-2025-0417-CIV,Ridgeway Civil Engineering LLC,S-05 Compound Extension,Z1 Compound,2025-04-03,2025-04-12,2025-04-14,25660.80,1283.04,24377.76,0.00,0.00
PA-00293,CW-2025-0417-CIV,Ridgeway Civil Engineering LLC,S-04 Drainage Corridor,Z2 North Spur,2025-03-07,2025-03-13,2025-03-18,123458.21,6172.91,117285.30,0.00,0.00
PA-00294,CW-2025-0417-CIV,Ridgeway Civil Engineering LLC,S-04 Drainage Corridor,Z1 Compound,2026-02-25,2026-03-15,2026-03-28,113879.00,5693.95,108185.05,0.00,0.00
PA-00295,CW-2025-0417-CIV,Ridgeway Civil Engineering LLC,S-01 Platform North,Z1 Compound,2025-01-07,2025-01-27,2025-02-16,67703.47,3385.17,64318.30,0.00,0.00
PA-00296,CW-2025-0417-CIV,Ridgeway Civil Engineering LLC,S-05 Compound Extension,Z2 North Spur,2025-08-01,2025-08-07,2025-08-15,50447.27,2522.36,47924.91,0.00,0.00
PA-00297,CW-2025-0417-CIV,Ridgeway Civil Engineering LLC,S-05 Compound Extension,Z3 Wadi Crossing,2025-11-26,2025-12-02,2025-12-16,208403.01,10420.15,197982.86,0.00,0.00
PA-00298,CW-2025-0417-CIV,Ridgeway Civil Engineering LLC,S-01 Platform North,Z1 Compound,2026-08-13,2026-08-19,2026-08-21,486020.05,24301.00,461719.05,0.00,0.00
PA-00299,CW-2025-0417-CIV,Ridgeway Civil Engineering LLC,S-05 Compound Extension,Z3 Wadi Crossing,2026-03-11,2026-03-24,2026-04-03,77342.31,3867.11,73475.20,0.00,0.00
PA-00300,CW-2025-0417-CIV,Ridgeway Civil Engineering LLC,S-04 Drainage Corridor,Z4 Escarpment,2025-01-29,2025-02-16,2025-02-28,194847.73,9742.38,185105.35,0.00,0.00
PA-00301,CW-2025-0417-CIV,Ridgeway Civil Engineering LLC,S-05 Compound Extension,Z1 Compound,2025-08-18,2025-08-22,2025-09-10,159545.30,7977.26,151568.04,0.00,0.00
PA-00302,CW-2025-0417-CIV,Ridgeway Civil Engineering LLC,S-03 Access Road,Z2 North Spur,2025-12-12,2025-12-27,2026-01-02,20605.04,1030.25,19574.79,0.00,0.00
PA-00303,CW-2025-0417-CIV,Ridgeway Civil Engineering LLC,S-01 Platform North,Z3 Wadi Crossing,2025-04-23,2025-05-06,2025-05-25,156358.65,7817.93,148540.72,0.00,0.00
PA-00304,CW-2025-0417-CIV,Ridgeway Civil Engineering LLC,S-01 Platform North,Z4 Escarpment,2026-01-30,2026-02-07,2026-02-14,6776.65,338.83,6437.82,0.00,0.00
PA-00305,CW-2025-0417-CIV,Ridgeway Civil Engineering LLC,S-02 Platform South,Z1 Compound,2025-04-11,2025-04-16,2025-05-07,42274.39,2113.71,40160.68,0.00,0.00
PA-00306,CW-2025-0417-CIV,Ridgeway Civil Engineering LLC,S-04 Drainage Corridor,Z3 Wadi Crossing,2025-01-30,2025-02-17,2025-02-21,273446.15,13672.30,259773.85,0.00,0.00
PA-00307,CW-2025-0417-CIV,Ridgeway Civil Engineering LLC,S-04 Drainage Corridor,Z4 Escarpment,2025-07-06,2025-07-13,2025-07-19,156196.75,7809.83,148386.92,0.00,0.00
PA-00308,CW-2025-0417-CIV,Ridgeway Civil Engineering LLC,S-04 Drainage Corridor,Z1 Compound,2026-03-26,2026-04-04,2026-04-18,227947.29,11397.36,216549.93,0.00,0.00
PA-00309,CW-2025-0417-CIV,Ridgeway Civil Engineering LLC,S-05 Compound Extension,Z1 Compound,2025-02-05,2025-02-12,2025-03-02,85925.20,4296.26,81628.94,0.00,0.00
PA-00310,CW-2025-0417-CIV,Ridgeway Civil Engineering LLC,S-03 Access Road,Z1 Compound,2026-07-20,2026-07-26,2026-07-28,41544.51,2077.22,39467.29,0.00,0.00
PA-00311,CW-2025-0417-CIV,Ridgeway Civil Engineering LLC,S-04 Drainage Corridor,Z2 North Spur,2025-02-10,2025-02-26,2025-03-17,42199.18,2109.95,40089.23,0.00,0.00
PA-00312,CW-2025-0417-CIV,Ridgeway Civil Engineering LLC,S-04 Drainage Corridor,Z4 Escarpment,2025-03-24,2025-04-05,2025-04-20,287499.89,14374.99,273124.90,0.00,0.00
PA-00313,CW-2025-0417-CIV,Ridgeway Civil Engineering LLC,S-05 Compound Extension,Z3 Wadi Crossing,2025-02-04,2025-02-10,2025-02-13,484441.66,24222.08,460219.58,0.00,0.00
PA-00314,CW-2025-0417-CIV,Ridgeway Civil Engineering LLC,S-02 Platform South,Z1 Compound,2026-05-31,2026-06-15,2026-06-18,82927.95,4146.39,78781.56,0.00,0.00
PA-00315,CW-2025-0417-CIV,Ridgeway Civil Engineering LLC,S-04 Drainage Corridor,Z4 Escarpment,2025-09-03,2025-09-23,2025-10-11,303910.91,15195.54,288715.37,0.00,0.00
PA-00316,CW-2025-0417-CIV,Ridgeway Civil Engineering LLC,S-03 Access Road,Z2 North Spur,2026-08-04,2026-08-12,2026-08-21,178353.91,8917.69,169436.22,0.00,0.00
PA-00317,CW-2025-0417-CIV,Ridgeway Civil Engineering LLC,S-05 Compound Extension,Z1 Compound,2025-05-01,2025-05-15,2025-05-20,38973.18,1948.65,37024.53,0.00,0.00
PA-00318,CW-2025-0417-CIV,Ridgeway Civil Engineering LLC,S-03 Access Road,Z4 Escarpment,2026-01-07,2026-01-13,2026-01-19,576747.62,28837.38,547910.24,0.00,0.00
PA-00319,CW-2025-0417-CIV,Ridgeway Civil Engineering LLC,S-02 Platform South,Z3 Wadi Crossing,2025-11-22,2025-11-29,2025-12-09,253541.63,12677.08,240864.55,0.00,0.00
PA-00320,CW-2025-0417-CIV,Ridgeway Civil Engineering LLC,S-04 Drainage Corridor,Z2 North Spur,2025-02-14,2025-02-22,2025-03-05,54800.86,2740.04,52060.82,0.00,0.00
PA-00321,CW-2025-0417-CIV,Ridgeway Civil Engineering LLC,S-01 Platform North,Z4 Escarpment,2026-04-14,2026-05-02,2026-05-05,251084.54,12554.22,238530.32,0.00,0.00
PA-00322,CW-2025-0417-CIV,Ridgeway Civil Engineering LLC,S-05 Compound Extension,Z4 Escarpment,2025-01-28,2025-01-31,2025-02-17,98552.26,4927.61,93624.65,0.00,0.00
PA-00323,CW-2025-0417-CIV,Ridgeway Civil Engineering LLC,S-05 Compound Extension,Z1 Compound,2026-05-27,2026-06-05,2026-06-17,161420.07,8071.00,153349.07,0.00,0.00
PA-00324,CW-2025-0417-CIV,Ridgeway Civil Engineering LLC,S-02 Platform South,Z2 North Spur,2026-07-21,2026-07-31,2026-08-02,323261.81,16163.09,307098.72,0.00,0.00
PA-00325,CW-2025-0417-CIV,Ridgeway Civil Engineering LLC,S-02 Platform South,Z1 Compound,2026-06-30,2026-07-14,2026-07-24,204371.40,10218.57,194152.83,0.00,0.00
PA-00326,CW-2025-0417-CIV,Ridgeway Civil Engineering LLC,S-05 Compound Extension,Z2 North Spur,2026-03-18,2026-03-31,2026-04-20,90648.96,4532.44,86116.52,0.00,0.00
PA-00327,CW-2025-0417-CIV,Ridgeway Civil Engineering LLC,S-05 Compound Extension,Z3 Wadi Crossing,2026-03-14,2026-03-22,2026-04-11,394339.68,19716.98,374622.70,0.00,0.00
PA-00328,CW-2025-0417-CIV,Ridgeway Civil Engineering LLC,S-01 Platform North,Z1 Compound,2025-04-27,2025-05-16,2025-05-26,77521.24,3876.06,73645.18,0.00,0.00
PA-00329,CW-2025-0417-CIV,Ridgeway Civil Engineering LLC,S-02 Platform South,Z3 Wadi Crossing,2025-05-06,2025-05-18,2025-05-28,293827.14,14691.35,279135.79,0.00,0.00
PA-00330,CW-2025-0417-CIV,Ridgeway Civil Engineering LLC,S-01 Platform North,Z1 Compound,2025-09-27,2025-10-08,2025-10-25,192002.08,9600.10,182401.98,0.00,0.00
PA-00331,CW-2025-0417-CIV,Ridgeway Civil Engineering LLC,S-05 Compound Extension,Z3 Wadi Crossing,2026-07-01,2026-07-14,2026-08-04,181828.57,9091.42,172737.15,0.00,0.00
PA-00332,CW-2025-0417-CIV,Ridgeway Civil Engineering LLC,S-01 Platform North,Z2 North Spur,2025-04-17,2025-04-24,2025-04-29,160691.38,8034.56,152656.82,0.00,0.00
PA-00333,CW-2025-0417-CIV,Ridgeway Civil Engineering LLC,S-01 Platform North,Z3 Wadi Crossing,2025-12-17,2026-01-02,2026-01-16,119856.86,5992.84,113864.02,0.00,0.00
PA-00334,CW-2025-0417-CIV,Ridgeway Civil Engineering LLC,S-01 Platform North,Z1 Compound,2025-12-13,2025-12-20,2026-01-01,229220.44,11461.02,217759.42,0.00,0.00
PA-00335,CW-2025-0417-CIV,Ridgeway Civil Engineering LLC,S-05 Compound Extension,Z2 North Spur,2026-01-02,2026-01-21,2026-02-05,133215.90,6660.79,126555.11,0.00,0.00
PA-00336,CW-2025-0417-CIV,Ridgeway Civil Engineering LLC,S-05 Compound Extension,Z3 Wadi Crossing,2025-04-24,2025-04-29,2025-05-06,87727.10,4386.35,83340.75,0.00,0.00
PA-00337,CW-2025-0417-CIV,Ridgeway Civil Engineering LLC,S-05 Compound Extension,Z1 Compound,2026-03-26,2026-04-02,2026-04-05,256364.86,12818.24,243546.62,0.00,0.00
PA-00338,CW-2025-0417-CIV,Ridgeway Civil Engineering LLC,S-01 Platform North,Z4 Escarpment,2025-12-14,2025-12-28,2026-01-06,176387.87,8819.39,167568.48,0.00,0.00
PA-00339,CW-2025-0417-CIV,Ridgeway Civil Engineering LLC,S-05 Compound Extension,Z2 North Spur,2025-02-24,2025-03-02,2025-03-21,54518.71,2725.93,51792.78,0.00,0.00
PA-00340,CW-2025-0417-CIV,Ridgeway Civil Engineering LLC,S-01 Platform North,Z3 Wadi Crossing,2026-08-14,2026-08-22,2026-09-10,254556.49,12727.82,241828.67,0.00,0.00
PA-00341,CW-2025-0417-CIV,Ridgeway Civil Engineering LLC,S-03 Access Road,Z3 Wadi Crossing,2026-04-07,2026-04-15,2026-04-29,60446.69,3022.33,57424.36,0.00,0.00
PA-00342,CW-2025-0417-CIV,Ridgeway Civil Engineering LLC,S-03 Access Road,Z4 Escarpment,2025-01-21,2025-01-27,2025-02-08,223167.77,11158.38,212009.39,0.00,0.00
PA-00343,CW-2025-0417-CIV,Ridgeway Civil Engineering LLC,S-05 Compound Extension,Z1 Compound,2026-01-18,2026-01-25,2026-02-09,122476.90,6123.84,116353.06,0.00,0.00
PA-00344,CW-2025-0417-CIV,Ridgeway Civil Engineering LLC,S-05 Compound Extension,Z3 Wadi Crossing,2026-08-01,2026-08-18,2026-09-03,37071.67,1853.58,35218.09,0.00,0.00
PA-00345,CW-2025-0417-CIV,Ridgeway Civil Engineering LLC,S-02 Platform South,Z1 Compound,2025-08-30,2025-09-11,2025-09-21,202750.85,10137.54,192613.31,0.00,0.00
PA-00346,CW-2025-0417-CIV,Ridgeway Civil Engineering LLC,S-03 Access Road,Z1 Compound,2026-06-04,2026-06-15,2026-06-29,134517.30,6725.86,127791.44,0.00,0.00
PA-00347,CW-2025-0417-CIV,Ridgeway Civil Engineering LLC,S-05 Compound Extension,Z4 Escarpment,2025-12-10,2025-12-20,2025-12-31,88502.12,4425.10,84077.02,0.00,0.00
PA-00348,CW-2025-0417-CIV,Ridgeway Civil Engineering LLC,S-05 Compound Extension,Z4 Escarpment,2026-04-15,2026-05-04,2026-05-22,172812.58,8640.62,164171.96,0.00,0.00
PA-00349,CW-2025-0417-CIV,Ridgeway Civil Engineering LLC,S-04 Drainage Corridor,Z3 Wadi Crossing,2026-03-25,2026-04-07,2026-04-21,354906.58,17745.32,337161.26,0.00,0.00
PA-00350,CW-2025-0417-CIV,Ridgeway Civil Engineering LLC,S-02 Platform South,Z2 North Spur,2025-12-14,2025-12-20,2025-12-30,28983.13,1449.15,27533.98,0.00,0.00
PA-00351,CW-2025-0417-CIV,Ridgeway Civil Engineering LLC,S-01 Platform North,Z3 Wadi Crossing,2025-08-21,2025-09-02,2025-09-07,497074.66,24853.73,472220.93,0.00,0.00
PA-00352,CW-2025-0417-CIV,Ridgeway Civil Engineering LLC,S-01 Platform North,Z3 Wadi Crossing,2026-07-05,2026-07-12,2026-08-02,28935.06,1446.75,27488.31,0.00,0.00
PA-00353,CW-2025-0417-CIV,Ridgeway Civil Engineering LLC,S-05 Compound Extension,Z4 Escarpment,2026-05-11,2026-05-30,2026-06-18,337514.93,16875.74,320639.19,0.00,0.00
PA-00354,CW-2025-0417-CIV,Ridgeway Civil Engineering LLC,S-05 Compound Extension,Z4 Escarpment,2025-07-10,2025-07-25,2025-08-08,255235.36,12761.76,242473.60,0.00,0.00
PA-00355,CW-2025-0417-CIV,Ridgeway Civil Engineering LLC,S-02 Platform South,Z3 Wadi Crossing,2025-07-28,2025-08-14,2025-08-27,238622.30,11931.11,226691.19,0.00,0.00
PA-00356,CW-2025-0417-CIV,Ridgeway Civil Engineering LLC,S-05 Compound Extension,Z2 North Spur,2026-07-25,2026-08-05,2026-08-07,34640.12,1732.00,32908.12,0.00,0.00
PA-00357,CW-2025-0417-CIV,Ridgeway Civil Engineering LLC,S-01 Platform North,Z3 Wadi Crossing,2025-04-24,2025-05-03,2025-05-11,183816.62,9190.83,174625.79,0.00,0.00
PA-00358,CW-2025-0417-CIV,Ridgeway Civil Engineering LLC,S-03 Access Road,Z1 Compound,2025-04-09,2025-04-20,2025-04-24,151254.69,7562.73,143691.96,0.00,0.00
PA-00359,CW-2025-0417-CIV,Ridgeway Civil Engineering LLC,S-01 Platform North,Z3 Wadi Crossing,2025-10-09,2025-10-19,2025-10-23,274772.88,13738.64,261034.24,0.00,0.00
PA-00360,CW-2025-0417-CIV,Ridgeway Civil Engineering LLC,S-04 Drainage Corridor,Z2 North Spur,2026-04-09,2026-04-25,2026-05-15,79909.03,3995.45,75913.58,0.00,0.00
PA-00361,CW-2025-0417-CIV,Ridgeway Civil Engineering LLC,S-04 Drainage Corridor,Z1 Compound,2025-06-05,2025-06-14,2025-06-19,124448.59,6222.42,118226.17,0.00,0.00
PA-00362,CW-2025-0417-CIV,Ridgeway Civil Engineering LLC,S-03 Access Road,Z3 Wadi Crossing,2025-06-17,2025-06-27,2025-07-07,311685.81,15584.29,296101.52,0.00,0.00
PA-00363,CW-2025-0417-CIV,Ridgeway Civil Engineering LLC,S-03 Access Road,Z2 North Spur,2025-03-10,2025-03-14,2025-03-20,150596.43,7529.82,143066.61,0.00,0.00
PA-00364,CW-2025-0417-CIV,Ridgeway Civil Engineering LLC,S-05 Compound Extension,Z2 North Spur,2025-07-19,2025-07-27,2025-08-09,172054.69,8602.73,163451.96,0.00,0.00
PA-00365,CW-2025-0417-CIV,Ridgeway Civil Engineering LLC,S-01 Platform North,Z3 Wadi Crossing,2026-01-13,2026-01-19,2026-02-04,258553.95,12927.69,245626.26,0.00,0.00
PA-00366,CW-2025-0417-CIV,Ridgeway Civil Engineering LLC,S-03 Access Road,Z3 Wadi Crossing,2025-06-18,2025-07-04,2025-07-24,309712.00,15485.60,294226.40,0.00,0.00
PA-00367,CW-2025-0417-CIV,Ridgeway Civil Engineering LLC,S-03 Access Road,Z1 Compound,2026-05-15,2026-05-30,2026-06-07,137427.01,6871.35,130555.66,0.00,0.00
PA-00368,CW-2025-0417-CIV,Ridgeway Civil Engineering LLC,S-02 Platform South,Z1 Compound,2025-09-03,2025-09-13,2025-09-18,289415.58,14470.77,274944.81,0.00,0.00
PA-00369,CW-2025-0417-CIV,Ridgeway Civil Engineering LLC,S-01 Platform North,Z4 Escarpment,2025-11-30,2025-12-04,2025-12-23,217108.54,10855.42,206253.12,0.00,0.00
PA-00370,CW-2025-0417-CIV,Ridgeway Civil Engineering LLC,S-03 Access Road,Z3 Wadi Crossing,2025-02-01,2025-02-10,2025-03-01,28339.16,1416.95,26922.21,0.00,0.00
PA-00371,CW-2025-0417-CIV,Ridgeway Civil Engineering LLC,S-05 Compound Extension,Z3 Wadi Crossing,2026-07-08,2026-07-12,2026-07-30,90175.46,4508.77,85666.69,0.00,0.00
PA-00372,CW-2025-0417-CIV,Ridgeway Civil Engineering LLC,S-03 Access Road,Z3 Wadi Crossing,2025-05-16,2025-05-26,2025-06-09,420649.42,21032.47,399616.95,0.00,0.00
PA-00373,CW-2025-0417-CIV,Ridgeway Civil Engineering LLC,S-04 Drainage Corridor,Z4 Escarpment,2026-08-02,2026-08-07,2026-08-24,72428.16,3621.40,68806.76,0.00,0.00
PA-00374,CW-2025-0417-CIV,Ridgeway Civil Engineering LLC,S-02 Platform South,Z1 Compound,2026-05-08,2026-05-14,2026-05-19,173295.39,8664.76,164630.63,0.00,0.00
PA-00375,CW-2025-0417-CIV,Ridgeway Civil Engineering LLC,S-04 Drainage Corridor,Z3 Wadi Crossing,2026-01-23,2026-10-26,2026-10-31,337523.03,16876.15,320646.88,0.00,0.00
PA-00376,CW-2025-0417-CIV,Ridgeway Civil Engineering LLC,S-03 Access Road,Z2 North Spur,2025-10-05,2025-10-09,2025-10-24,192869.71,9643.48,183226.23,0.00,0.00
PA-00377,CW-2025-0417-CIV,Ridgeway Civil Engineering LLC,S-04 Drainage Corridor,Z4 Escarpment,2025-01-19,2025-01-31,2025-02-17,81328.16,4066.40,77261.76,0.00,0.00
PA-00378,CW-2025-0417-CIV,Ridgeway Civil Engineering LLC,S-02 Platform South,Z2 North Spur,2026-03-05,2026-03-10,2026-03-19,108228.14,5411.40,102816.74,0.00,0.00
PA-00379,CW-2025-0417-CIV,Ridgeway Civil Engineering LLC,S-04 Drainage Corridor,Z4 Escarpment,2026-05-17,2026-05-27,2026-06-08,257293.90,12864.69,244429.21,0.00,0.00
PA-00380,CW-2025-0417-CIV,Ridgeway Civil Engineering LLC,S-05 Compound Extension,Z3 Wadi Crossing,2026-04-15,2026-04-21,2026-05-12,130091.43,6504.57,123586.86,0.00,0.00
PA-00381,CW-2025-0417-CIV,Ridgeway Civil Engineering LLC,S-01 Platform North,Z3 Wadi Crossing,2026-05-17,2026-06-05,2026-06-23,191200.04,9560.00,181640.04,0.00,0.00
PA-00382,CW-2025-0417-CIV,Ridgeway Civil Engineering LLC,S-05 Compound Extension,Z3 Wadi Crossing,2025-04-18,2025-04-22,2025-05-01,243716.82,12185.84,231530.98,0.00,0.00
PA-00383,CW-2025-0417-CIV,Ridgeway Civil Engineering LLC,S-01 Platform North,Z2 North Spur,2025-06-10,2025-06-16,2025-07-01,152446.96,7622.34,144824.62,0.00,0.00
PA-00384,CW-2025-0417-CIV,Ridgeway Civil Engineering LLC,S-02 Platform South,Z1 Compound,2025-04-07,2025-04-18,2025-04-21,94993.48,4749.67,90243.81,0.00,0.00
PA-00385,CW-2025-0417-CIV,Ridgeway Civil Engineering LLC,S-02 Platform South,Z2 North Spur,2025-02-20,2025-02-28,2025-03-18,156776.21,7838.81,148937.40,0.00,0.00
PA-00386,CW-2025-0417-CIV,Ridgeway Civil Engineering LLC,S-03 Access Road,Z1 Compound,2026-04-28,2026-05-06,2026-05-18,30511.65,1525.58,28986.07,0.00,0.00
PA-00387,CW-2025-0417-CIV,Ridgeway Civil Engineering LLC,S-03 Access Road,Z2 North Spur,2026-03-10,2026-03-27,2026-04-11,190540.90,9527.04,181013.86,0.00,0.00
PA-00388,CW-2025-0417-CIV,Ridgeway Civil Engineering LLC,S-02 Platform South,Z3 Wadi Crossing,2025-03-22,2025-04-08,2025-04-17,439833.41,21991.67,417841.74,0.00,0.00
PA-00389,CW-2025-0417-CIV,Ridgeway Civil Engineering LLC,S-04 Drainage Corridor,Z1 Compound,2026-03-18,2026-04-06,2026-04-27,60588.59,3029.42,57559.17,0.00,0.00
PA-00390,CW-2025-0417-CIV,Ridgeway Civil Engineering LLC,S-02 Platform South,Z3 Wadi Crossing,2026-05-30,2026-06-03,2026-06-21,164528.99,8226.44,156302.55,0.00,0.00
PA-00391,CW-2025-0417-CIV,Ridgeway Civil Engineering LLC,S-05 Compound Extension,Z3 Wadi Crossing,2025-12-26,2026-01-09,2026-01-29,306037.29,15301.86,290735.43,0.00,0.00
PA-00392,CW-2025-0417-CIV,Ridgeway Civil Engineering LLC,S-02 Platform South,Z4 Escarpment,2025-03-10,2025-03-20,2025-03-27,275303.31,13765.16,261538.15,0.00,0.00
PA-00393,CW-2025-0417-CIV,Ridgeway Civil Engineering LLC,S-05 Compound Extension,Z4 Escarpment,2026-03-09,2026-03-13,2026-03-29,88546.68,4427.33,84119.35,0.00,0.00
PA-00394,CW-2025-0417-CIV,Ridgeway Civil Engineering LLC,S-02 Platform South,Z2 North Spur,2025-02-24,2025-03-01,2025-03-20,364056.87,18202.84,345854.03,0.00,0.00
PA-00395,CW-2025-0417-CIV,Ridgeway Civil Engineering LLC,S-02 Platform South,Z4 Escarpment,2026-05-22,2026-06-04,2026-06-10,315013.02,15750.65,299262.37,0.00,0.00
PA-00396,CW-2025-0417-CIV,Ridgeway Civil Engineering LLC,S-02 Platform South,Z2 North Spur,2025-01-19,2025-02-06,2025-02-12,190036.02,9501.80,180534.22,0.00,0.00
PA-00397,CW-2025-0417-CIV,Ridgeway Civil Engineering LLC,S-01 Platform North,Z1 Compound,2025-12-05,2025-12-12,2025-12-29,139511.57,6975.57,132536.00,0.00,0.00
PA-00398,CW-2025-0417-CIV,Ridgeway Civil Engineering LLC,S-02 Platform South,Z1 Compound,2025-02-01,2025-02-16,2025-02-20,159105.02,7955.25,151149.77,0.00,0.00
PA-00399,CW-2025-0417-CIV,Ridgeway Civil Engineering LLC,S-05 Compound Extension,Z2 North Spur,2025-08-11,2025-08-19,2025-09-07,90496.53,4524.82,85971.71,0.00,0.00
PA-00400,CW-2025-0417-CIV,Ridgeway Civil Engineering LLC,S-02 Platform South,Z4 Escarpment,2026-01-12,2026-01-19,2026-01-27,143072.73,7153.63,135919.10,0.00,0.00
PA-00401,CW-2025-0417-CIV,Ridgeway Civil Engineering LLC,S-03 Access Road,Z3 Wadi Crossing,2025-09-29,2025-10-14,2025-10-28,91612.03,4580.60,87031.43,0.00,0.00
PA-00402,CW-2025-0417-CIV,Ridgeway Civil Engineering LLC,S-03 Access Road,Z1 Compound,2025-09-05,2025-09-12,2025-09-26,116347.90,5817.39,110530.51,0.00,0.00
PA-00403,CW-2025-0417-CIV,Ridgeway Civil Engineering LLC,S-05 Compound Extension,Z3 Wadi Crossing,2025-05-20,2025-05-28,2025-05-31,128525.59,6426.27,122099.32,0.00,0.00
PA-00404,CW-2025-0417-CIV,Ridgeway Civil Engineering LLC,S-04 Drainage Corridor,Z3 Wadi Crossing,2025-10-25,2025-11-08,2025-11-14,361608.59,18080.42,343528.17,0.00,0.00
PA-00405,CW-2025-0417-CIV,Ridgeway Civil Engineering LLC,S-04 Drainage Corridor,Z4 Escarpment,2026-06-03,2026-06-16,2026-06-22,128954.32,6447.71,122506.61,0.00,0.00
PA-00406,CW-2025-0417-CIV,Ridgeway Civil Engineering LLC,S-05 Compound Extension,Z3 Wadi Crossing,2025-08-16,2025-08-20,2025-08-23,144671.39,7233.56,137437.83,0.00,0.00
PA-00407,CW-2025-0417-CIV,Ridgeway Civil Engineering LLC,S-04 Drainage Corridor,Z2 North Spur,2025-11-27,2025-12-08,2025-12-17,103473.48,5173.67,98299.81,0.00,0.00
PA-00408,CW-2025-0417-CIV,Ridgeway Civil Engineering LLC,S-03 Access Road,Z2 North Spur,2025-05-28,2025-06-15,2025-06-17,66068.17,3303.40,62764.77,0.00,0.00
PA-00409,CW-2025-0417-CIV,Ridgeway Civil Engineering LLC,S-01 Platform North,Z1 Compound,2025-06-06,2025-06-17,2025-06-23,44083.64,2204.18,41879.46,0.00,0.00
PA-00410,CW-2025-0417-CIV,Ridgeway Civil Engineering LLC,S-03 Access Road,Z1 Compound,2025-06-02,2025-06-11,2025-06-23,60654.08,3032.70,57621.38,0.00,0.00
PA-00411,CW-2025-0417-CIV,Ridgeway Civil Engineering LLC,S-02 Platform South,Z4 Escarpment,2026-05-06,2026-05-21,2026-06-08,58982.75,2949.13,56033.62,0.00,0.00
PA-00412,CW-2025-0417-CIV,Ridgeway Civil Engineering LLC,S-02 Platform South,Z3 Wadi Crossing,2025-03-21,2025-04-02,2025-04-21,230498.27,11524.91,218973.36,0.00,0.00
PA-00413,CW-2025-0417-CIV,Ridgeway Civil Engineering LLC,S-04 Drainage Corridor,Z3 Wadi Crossing,2025-03-29,2025-04-13,2025-04-15,175585.54,8779.27,166806.27,0.00,0.00
PA-00414,CW-2025-0417-CIV,Ridgeway Civil Engineering LLC,S-05 Compound Extension,Z3 Wadi Crossing,2026-03-16,2026-03-29,2026-04-03,225585.21,11279.26,214305.95,0.00,0.00
PA-00415,CW-2025-0417-CIV,Ridgeway Civil Engineering LLC,S-01 Platform North,Z1 Compound,2025-07-18,2025-07-25,2025-08-08,53765.56,2688.27,51077.29,0.00,0.00
PA-00416,CW-2025-0417-CIV,Ridgeway Civil Engineering LLC,S-01 Platform North,Z3 Wadi Crossing,2025-01-31,2025-02-13,2025-02-21,47926.44,2396.32,45530.12,0.00,0.00
PA-00417,CW-2025-0417-CIV,Ridgeway Civil Engineering LLC,S-03 Access Road,Z3 Wadi Crossing,2026-03-03,2026-03-21,2026-03-23,447623.14,22381.15,425241.99,0.00,0.00
PA-00418,CW-2025-0417-CIV,Ridgeway Civil Engineering LLC,S-05 Compound Extension,Z1 Compound,2025-01-31,2025-02-07,2025-02-11,89163.28,4458.16,84705.12,0.00,0.00
PA-00419,CW-2025-0417-CIV,Ridgeway Civil Engineering LLC,S-01 Platform North,Z1 Compound,2025-12-03,2025-12-10,2025-12-27,54151.18,2707.55,51443.63,0.00,0.00
PA-00420,CW-2025-0417-CIV,Ridgeway Civil Engineering LLC,S-04 Drainage Corridor,Z3 Wadi Crossing,2025-12-30,2026-01-07,2026-01-21,200947.96,10047.39,190900.57,0.00,0.00
PA-00421,CW-2025-0417-CIV,Ridgeway Civil Engineering LLC,S-02 Platform South,Z3 Wadi Crossing,2026-05-22,2026-05-28,2026-06-04,154865.19,7743.25,147121.94,0.00,0.00
PA-00422,CW-2025-0417-CIV,Ridgeway Civil Engineering LLC,S-03 Access Road,Z2 North Spur,2025-11-11,2025-11-26,2025-12-03,265763.33,13288.16,252475.17,0.00,0.00
PA-00423,CW-2025-0417-CIV,Ridgeway Civil Engineering LLC,S-02 Platform South,Z4 Escarpment,2025-12-23,2026-01-02,2026-01-06,307316.94,15365.84,291951.10,0.00,0.00
PA-00424,CW-2025-0417-CIV,Ridgeway Civil Engineering LLC,S-03 Access Road,Z3 Wadi Crossing,2025-03-09,2025-03-22,2025-03-28,100041.46,5002.07,95039.39,0.00,0.00
PA-00425,CW-2025-0417-CIV,Ridgeway Civil Engineering LLC,S-04 Drainage Corridor,Z4 Escarpment,2025-10-01,2025-10-21,2025-11-01,212385.21,10619.26,201765.95,0.00,0.00
PA-00426,CW-2025-0417-CIV,Ridgeway Civil Engineering LLC,S-05 Compound Extension,Z2 North Spur,2025-05-10,2025-05-12,2025-05-14,53859.84,2692.99,51166.85,0.00,0.00
PA-00427,CW-2025-0417-CIV,Ridgeway Civil Engineering LLC,S-03 Access Road,Z4 Escarpment,2025-10-23,2025-11-05,2025-11-10,220399.80,11019.99,209379.81,0.00,0.00
PA-00428,CW-2025-0417-CIV,Ridgeway Civil Engineering LLC,S-02 Platform South,Z2 North Spur,2026-02-02,2026-02-13,2026-02-15,93391.21,4669.56,88721.65,0.00,0.00
PA-00429,CW-2025-0417-CIV,Ridgeway Civil Engineering LLC,S-04 Drainage Corridor,Z4 Escarpment,2025-11-28,2025-12-12,2025-12-14,228751.58,11437.57,217314.01,0.00,0.00
PA-00430,CW-2025-0417-CIV,Ridgeway Civil Engineering LLC,S-05 Compound Extension,Z1 Compound,2026-02-14,2026-02-25,2026-03-17,169429.45,8471.47,160957.98,0.00,0.00
PA-00431,CW-2025-0417-CIV,Ridgeway Civil Engineering LLC,S-05 Compound Extension,Z2 North Spur,2025-02-15,2025-02-24,2025-02-28,79667.34,3983.36,75683.98,0.00,0.00
PA-00432,CW-2025-0417-CIV,Ridgeway Civil Engineering LLC,S-05 Compound Extension,Z3 Wadi Crossing,2026-01-26,2026-02-02,2026-02-04,356210.58,17810.52,338400.06,0.00,0.00
PA-00433,CW-2025-0417-CIV,Ridgeway Civil Engineering LLC,S-01 Platform North,Z4 Escarpment,2026-01-10,2026-01-26,2026-02-06,518515.09,25925.75,492589.34,0.00,0.00
PA-00434,CW-2025-0417-CIV,Ridgeway Civil Engineering LLC,S-01 Platform North,Z1 Compound,2026-08-02,2026-08-11,2026-08-19,189275.19,9463.75,179811.44,0.00,0.00
PA-00435,CW-2025-0417-CIV,Ridgeway Civil Engineering LLC,S-02 Platform South,Z2 North Spur,2026-06-03,2026-06-13,2026-06-15,328580.60,16429.03,312151.57,0.00,0.00
PA-00436,CW-2025-0417-CIV,Ridgeway Civil Engineering LLC,S-03 Access Road,Z4 Escarpment,2025-04-28,2025-05-10,2025-05-15,167908.68,8395.43,159513.25,0.00,0.00
PA-00437,CW-2025-0417-CIV,Ridgeway Civil Engineering LLC,S-04 Drainage Corridor,Z2 North Spur,2025-12-25,2026-01-13,2026-01-18,102551.65,5127.58,97424.07,0.00,0.00
PA-00438,CW-2025-0417-CIV,Ridgeway Civil Engineering LLC,S-03 Access Road,Z3 Wadi Crossing,2025-11-14,2025-11-25,2025-12-11,407324.97,20366.24,386958.73,0.00,0.00
PA-00439,CW-2025-0417-CIV,Ridgeway Civil Engineering LLC,S-02 Platform South,Z2 North Spur,2026-07-24,2026-08-12,2026-08-18,91768.89,4588.44,87180.45,0.00,0.00
PA-00440,CW-2025-0417-CIV,Ridgeway Civil Engineering LLC,S-03 Access Road,Z2 North Spur,2025-12-25,2026-01-02,2026-01-07,71927.03,3596.35,68330.68,0.00,0.00
PA-00441,CW-2025-0417-CIV,Ridgeway Civil Engineering LLC,S-01 Platform North,Z1 Compound,2025-10-03,2025-10-11,2025-10-28,152552.11,7627.60,144924.51,0.00,0.00
PA-00442,CW-2025-0417-CIV,Ridgeway Civil Engineering LLC,S-01 Platform North,Z4 Escarpment,2025-09-14,2025-09-24,2025-10-15,635958.25,31797.91,604160.34,0.00,0.00
PA-00443,CW-2025-0417-CIV,Ridgeway Civil Engineering LLC,S-04 Drainage Corridor,Z2 North Spur,2026-04-11,2026-04-25,2026-05-14,280688.88,14034.44,266654.44,0.00,0.00
PA-00444,CW-2025-0417-CIV,Ridgeway Civil Engineering LLC,S-05 Compound Extension,Z1 Compound,2025-02-04,2025-02-18,2025-03-03,99786.00,4989.30,94796.70,0.00,0.00
PA-00445,CW-2025-0417-CIV,Ridgeway Civil Engineering LLC,S-04 Drainage Corridor,Z1 Compound,2026-03-16,2026-03-24,2026-04-08,22935.92,1146.79,21789.13,0.00,0.00
PA-00446,CW-2025-0417-CIV,Ridgeway Civil Engineering LLC,S-05 Compound Extension,Z2 North Spur,2025-02-02,2025-02-14,2025-03-01,132177.28,6608.86,125568.42,0.00,0.00
PA-00447,CW-2025-0417-CIV,Ridgeway Civil Engineering LLC,S-04 Drainage Corridor,Z4 Escarpment,2025-02-23,2025-03-03,2025-03-11,318382.72,15919.13,302463.59,0.00,0.00
PA-00448,CW-2025-0417-CIV,Ridgeway Civil Engineering LLC,S-01 Platform North,Z2 North Spur,2026-01-31,2026-02-10,2026-02-28,373453.78,18672.68,354781.10,0.00,0.00
PA-00449,CW-2025-0417-CIV,Ridgeway Civil Engineering LLC,S-02 Platform South,Z4 Escarpment,2026-02-09,2026-02-24,2026-03-05,124950.66,6247.53,118703.13,0.00,0.00
PA-00450,CW-2025-0417-CIV,Ridgeway Civil Engineering LLC,S-02 Platform South,Z1 Compound,2026-05-07,2026-05-14,2026-05-26,325569.41,16278.47,309290.94,0.00,0.00
PA-00451,CW-2025-0417-CIV,Ridgeway Civil Engineering LLC,S-02 Platform South,Z2 North Spur,2026-02-24,2026-03-07,2026-03-13,40912.90,2045.64,38867.26,0.00,0.00
PA-00452,CW-2025-0417-CIV,Ridgeway Civil Engineering LLC,S-02 Platform South,Z4 Escarpment,2025-04-11,2025-04-17,2025-05-06,270914.74,13545.73,257369.01,0.00,0.00
PA-00453,CW-2025-0417-CIV,Ridgeway Civil Engineering LLC,S-02 Platform South,Z2 North Spur,2026-06-12,2026-06-22,2026-06-24,25699.19,1284.95,24414.24,0.00,0.00
PA-00454,CW-2025-0417-CIV,Ridgeway Civil Engineering LLC,S-05 Compound Extension,Z2 North Spur,2025-03-19,2025-03-29,2025-04-03,101487.56,5074.37,96413.19,0.00,0.00
PA-00455,CW-2025-0417-CIV,Ridgeway Civil Engineering LLC,S-05 Compound Extension,Z2 North Spur,2025-03-26,2025-04-04,2025-04-22,84336.57,4216.82,80119.75,0.00,0.00
PA-00456,CW-2025-0417-CIV,Ridgeway Civil Engineering LLC,S-01 Platform North,Z4 Escarpment,2025-03-03,2025-03-11,2025-03-19,127787.11,6389.35,121397.76,0.00,0.00
PA-00457,CW-2025-0417-CIV,Ridgeway Civil Engineering LLC,S-02 Platform South,Z3 Wadi Crossing,2025-03-24,2025-03-31,2025-04-02,412413.25,20620.66,391792.59,0.00,0.00
PA-00458,CW-2025-0417-CIV,Ridgeway Civil Engineering LLC,S-01 Platform North,Z4 Escarpment,2025-12-13,2025-12-19,2025-12-23,268410.22,13420.51,254989.71,0.00,0.00
PA-00459,CW-2025-0417-CIV,Ridgeway Civil Engineering LLC,S-05 Compound Extension,Z1 Compound,2025-02-21,2025-03-09,2025-03-12,124462.58,6223.12,118239.46,0.00,0.00
PA-00460,CW-2025-0417-CIV,Ridgeway Civil Engineering LLC,S-01 Platform North,Z4 Escarpment,2026-02-10,2026-02-23,2026-03-13,283573.13,14178.65,269394.48,0.00,0.00
PA-00461,CW-2025-0417-CIV,Ridgeway Civil Engineering LLC,S-03 Access Road,Z1 Compound,2025-11-29,2025-12-07,2025-12-19,147844.12,7392.20,140451.92,0.00,0.00
PA-00462,CW-2025-0417-CIV,Ridgeway Civil Engineering LLC,S-03 Access Road,Z1 Compound,2025-10-04,2025-10-11,2025-10-26,69010.84,3450.54,65560.30,0.00,0.00
PA-00463,CW-2025-0417-CIV,Ridgeway Civil Engineering LLC,S-05 Compound Extension,Z2 North Spur,2025-12-06,2025-12-13,2025-12-29,73701.53,3685.07,70016.46,0.00,0.00
PA-00464,CW-2025-0417-CIV,Ridgeway Civil Engineering LLC,S-02 Platform South,Z1 Compound,2026-01-17,2026-01-20,2026-02-07,102063.00,5103.15,96959.85,0.00,0.00
PA-00465,CW-2025-0417-CIV,Ridgeway Civil Engineering LLC,S-05 Compound Extension,Z1 Compound,2025-06-15,2025-06-26,2025-07-06,27289.26,1364.46,25924.80,0.00,0.00
PA-00466,CW-2025-0417-CIV,Ridgeway Civil Engineering LLC,S-02 Platform South,Z3 Wadi Crossing,2026-03-20,2026-03-28,2026-04-03,105612.51,5280.62,100331.89,0.00,0.00
PA-00467,CW-2025-0417-CIV,Ridgeway Civil Engineering LLC,S-01 Platform North,Z3 Wadi Crossing,2026-06-12,2026-06-21,2026-07-08,59715.86,2985.79,56730.07,0.00,0.00
PA-00468,CW-2025-0417-CIV,Ridgeway Civil Engineering LLC,S-05 Compound Extension,Z2 North Spur,2025-01-31,2025-02-06,2025-02-26,32093.20,1604.66,30488.54,0.00,0.00
PA-00469,CW-2025-0417-CIV,Ridgeway Civil Engineering LLC,S-01 Platform North,Z4 Escarpment,2026-02-24,2026-03-03,2026-03-08,477430.18,23871.50,453558.68,0.00,0.00
PA-00470,CW-2025-0417-CIV,Ridgeway Civil Engineering LLC,S-05 Compound Extension,Z4 Escarpment,2026-02-19,2026-03-01,2026-03-12,207102.48,10355.12,196747.36,0.00,0.00
PA-00471,CW-2025-0417-CIV,Ridgeway Civil Engineering LLC,S-01 Platform North,Z3 Wadi Crossing,2025-10-29,2025-11-12,2025-11-17,101588.64,5079.43,96509.21,0.00,0.00
PA-00472,CW-2025-0417-CIV,Ridgeway Civil Engineering LLC,S-05 Compound Extension,Z4 Escarpment,2025-08-26,2025-09-06,2025-09-12,218905.73,10945.28,207960.45,0.00,0.00
PA-00473,CW-2025-0417-CIV,Ridgeway Civil Engineering LLC,S-05 Compound Extension,Z4 Escarpment,2026-05-10,2026-05-24,2026-06-02,405218.30,20260.91,384957.39,0.00,0.00
PA-00474,CW-2025-0417-CIV,Ridgeway Civil Engineering LLC,S-03 Access Road,Z3 Wadi Crossing,2026-06-06,2026-06-19,2026-06-22,299866.91,14993.34,284873.57,0.00,0.00
PA-00475,CW-2025-0417-CIV,Ridgeway Civil Engineering LLC,S-05 Compound Extension,Z1 Compound,2025-03-31,2025-04-16,2025-04-22,281615.52,14080.77,267534.75,0.00,0.00
PA-00476,CW-2025-0417-CIV,Ridgeway Civil Engineering LLC,S-02 Platform South,Z3 Wadi Crossing,2026-06-17,2026-06-21,2026-06-26,154625.74,7731.28,146894.46,0.00,0.00
PA-00477,CW-2025-0417-CIV,Ridgeway Civil Engineering LLC,S-04 Drainage Corridor,Z3 Wadi Crossing,2026-03-31,2026-04-09,2026-04-12,130855.39,6542.76,124312.63,0.00,0.00
PA-00478,CW-2025-0417-CIV,Ridgeway Civil Engineering LLC,S-05 Compound Extension,Z1 Compound,2025-03-30,2025-04-05,2025-04-09,125328.96,6266.44,119062.52,0.00,0.00
PA-00479,CW-2025-0417-CIV,Ridgeway Civil Engineering LLC,S-05 Compound Extension,Z3 Wadi Crossing,2026-03-20,2026-03-30,2026-04-15,79591.84,3979.59,75612.25,0.00,0.00
PA-00480,CW-2025-0417-CIV,Ridgeway Civil Engineering LLC,S-01 Platform North,Z4 Escarpment,2025-11-09,2025-11-15,2025-11-18,135039.75,6751.98,128287.77,0.00,0.00
PA-00481,CW-2025-0417-CIV,Ridgeway Civil Engineering LLC,S-03 Access Road,Z1 Compound,2025-11-09,2025-11-15,2025-12-02,281896.90,14094.84,267802.06,0.00,0.00
PA-00482,CW-2025-0417-CIV,Ridgeway Civil Engineering LLC,S-05 Compound Extension,Z1 Compound,2025-04-30,2025-05-12,2025-05-23,155493.25,7774.66,147718.59,0.00,0.00
PA-00483,CW-2025-0417-CIV,Ridgeway Civil Engineering LLC,S-05 Compound Extension,Z4 Escarpment,2025-02-16,2025-03-02,2025-03-16,52827.68,2641.38,50186.30,0.00,0.00
PA-00484,CW-2025-0417-CIV,Ridgeway Civil Engineering LLC,S-01 Platform North,Z4 Escarpment,2025-08-05,2025-08-21,2025-08-31,43158.33,2157.91,41000.42,0.00,0.00
PA-00485,CW-2025-0417-CIV,Ridgeway Civil Engineering LLC,S-01 Platform North,Z3 Wadi Crossing,2026-07-06,2026-07-15,2026-07-31,155723.05,7786.15,147936.90,0.00,0.00
PA-00486,CW-2025-0417-CIV,Ridgeway Civil Engineering LLC,S-05 Compound Extension,Z3 Wadi Crossing,2025-11-13,2025-11-25,2025-12-03,609278.34,30463.91,578814.43,0.00,0.00
PA-00487,CW-2025-0417-CIV,Ridgeway Civil Engineering LLC,S-04 Drainage Corridor,Z4 Escarpment,2026-02-21,2026-03-02,2026-03-16,245353.58,12267.67,233085.91,0.00,0.00
PA-00488,CW-2025-0417-CIV,Ridgeway Civil Engineering LLC,S-01 Platform North,Z4 Escarpment,2025-08-01,2025-08-19,2025-09-04,412479.11,20623.95,391855.16,0.00,0.00
PA-00489,CW-2025-0417-CIV,Ridgeway Civil Engineering LLC,S-04 Drainage Corridor,Z4 Escarpment,2026-08-07,2026-08-17,2026-09-04,129105.08,6455.25,122649.83,0.00,0.00
PA-00490,CW-2025-0417-CIV,Ridgeway Civil Engineering LLC,S-02 Platform South,Z2 North Spur,2025-06-17,2025-06-19,2025-06-23,93719.46,4685.97,89033.49,0.00,0.00
PA-00491,CW-2025-0417-CIV,Ridgeway Civil Engineering LLC,S-05 Compound Extension,Z2 North Spur,2025-03-04,2025-03-07,2025-03-12,69907.86,3495.39,66412.47,0.00,0.00
PA-00492,CW-2025-0417-CIV,Ridgeway Civil Engineering LLC,S-05 Compound Extension,Z3 Wadi Crossing,2025-07-07,2025-07-27,2025-07-31,123117.75,6155.88,116961.87,0.00,0.00
PA-00493,CW-2025-0417-CIV,Ridgeway Civil Engineering LLC,S-05 Compound Extension,Z3 Wadi Crossing,2026-04-08,2026-04-14,2026-04-26,232554.59,11627.72,220926.87,0.00,0.00
PA-00494,CW-2025-0417-CIV,Ridgeway Civil Engineering LLC,S-02 Platform South,Z2 North Spur,2026-07-09,2026-07-16,2026-07-18,153101.72,7655.08,145446.64,0.00,0.00
PA-00495,CW-2025-0417-CIV,Ridgeway Civil Engineering LLC,S-02 Platform South,Z1 Compound,2025-09-02,2025-09-08,2025-09-19,191790.32,9589.51,182200.81,0.00,0.00
PA-00496,CW-2025-0417-CIV,Ridgeway Civil Engineering LLC,S-04 Drainage Corridor,Z4 Escarpment,2025-05-28,2025-06-01,2025-06-15,244989.11,12249.45,232739.66,0.00,0.00
PA-00497,CW-2025-0417-CIV,Ridgeway Civil Engineering LLC,S-04 Drainage Corridor,Z2 North Spur,2025-04-26,2025-05-13,2025-05-24,189961.27,9498.06,180463.21,0.00,0.00
PA-00498,CW-2025-0417-CIV,Ridgeway Civil Engineering LLC,S-02 Platform South,Z4 Escarpment,2025-02-14,2025-02-23,2025-03-07,103007.62,5150.38,97857.24,0.00,0.00
PA-00499,CW-2025-0417-CIV,Ridgeway Civil Engineering LLC,S-05 Compound Extension,Z2 North Spur,2025-05-10,2025-05-20,2025-05-28,21371.62,1068.58,20303.04,0.00,0.00
PA-00500,CW-2025-0417-CIV,Ridgeway Civil Engineering LLC,S-01 Platform North,Z3 Wadi Crossing,2025-12-30,2026-01-16,2026-01-19,239921.16,11996.05,227925.11,0.00,0.00
PA-00501,CW-2025-0417-CIV,Ridgeway Civil Engineering LLC,S-02 Platform South,Z3 Wadi Crossing,2026-07-27,2026-08-06,2026-08-27,387396.94,19369.84,368027.10,0.00,0.00
PA-00502,CW-2025-0417-CIV,Ridgeway Civil Engineering LLC,S-05 Compound Extension,Z1 Compound,2025-07-31,2025-08-11,2025-08-27,361500.33,18075.01,343425.32,0.00,0.00
PA-00503,CW-2025-0417-CIV,Ridgeway Civil Engineering LLC,S-02 Platform South,Z4 Escarpment,2026-08-03,2026-08-16,2026-08-19,143997.69,7199.88,136797.81,0.00,0.00
PA-00504,CW-2025-0417-CIV,Ridgeway Civil Engineering LLC,S-01 Platform North,Z3 Wadi Crossing,2025-05-29,2025-06-09,2025-06-26,333748.93,16687.44,317061.49,0.00,0.00
PA-00505,CW-2025-0417-CIV,Ridgeway Civil Engineering LLC,S-04 Drainage Corridor,Z4 Escarpment,2026-05-30,2026-06-16,2026-06-21,25662.85,1283.14,24379.71,0.00,0.00
PA-00506,CW-2025-0417-CIV,Ridgeway Civil Engineering LLC,S-04 Drainage Corridor,Z3 Wadi Crossing,2026-06-18,2026-06-24,2026-06-27,167276.60,8363.83,158912.77,0.00,0.00
PA-00507,CW-2025-0417-CIV,Ridgeway Civil Engineering LLC,S-03 Access Road,Z1 Compound,2025-02-07,2025-02-21,2025-03-02,336733.01,16836.65,319896.36,0.00,0.00
PA-00508,CW-2025-0417-CIV,Ridgeway Civil Engineering LLC,S-03 Access Road,Z4 Escarpment,2026-05-15,2026-05-25,2026-06-03,106383.22,5319.16,101064.06,0.00,0.00
PA-00509,CW-2025-0417-CIV,Ridgeway Civil Engineering LLC,S-05 Compound Extension,Z4 Escarpment,2025-03-04,2025-03-18,2025-03-29,92426.41,4621.32,87805.09,0.00,0.00
PA-00510,CW-2025-0417-CIV,Ridgeway Civil Engineering LLC,S-04 Drainage Corridor,Z2 North Spur,2026-02-04,2026-02-15,2026-03-07,249285.93,12464.29,236821.64,0.00,0.00
PA-00511,CW-2025-0417-CIV,Ridgeway Civil Engineering LLC,S-02 Platform South,Z3 Wadi Crossing,2025-08-14,2025-08-21,2025-09-02,199639.71,9981.98,189657.73,0.00,0.00
PA-00512,CW-2025-0417-CIV,Ridgeway Civil Engineering LLC,S-02 Platform South,Z4 Escarpment,2025-02-19,2025-03-02,2025-03-07,139165.42,6958.27,132207.15,0.00,0.00
PA-00513,CW-2025-0417-CIV,Ridgeway Civil Engineering LLC,S-04 Drainage Corridor,Z3 Wadi Crossing,2025-11-18,2025-11-27,2025-12-04,57828.57,2891.42,54937.15,0.00,0.00
PA-00514,CW-2025-0417-CIV,Ridgeway Civil Engineering LLC,S-02 Platform South,Z1 Compound,2025-08-05,2025-08-12,2025-08-27,84794.83,4239.74,80555.09,0.00,0.00
PA-00515,CW-2025-0417-CIV,Ridgeway Civil Engineering LLC,S-04 Drainage Corridor,Z1 Compound,2025-12-31,2026-01-12,2026-02-01,70854.30,3542.71,67311.59,0.00,0.00
PA-00516,CW-2025-0417-CIV,Ridgeway Civil Engineering LLC,S-02 Platform South,Z1 Compound,2025-11-18,2025-11-30,2025-12-08,109543.52,5477.17,104066.35,0.00,0.00
PA-00517,CW-2025-0417-CIV,Ridgeway Civil Engineering LLC,S-04 Drainage Corridor,Z3 Wadi Crossing,2026-01-26,2026-02-07,2026-02-20,400663.40,20033.17,380630.23,0.00,0.00
PA-00518,CW-2025-0417-CIV,Ridgeway Civil Engineering LLC,S-03 Access Road,Z1 Compound,2025-02-25,2025-03-12,2025-03-21,18994.40,949.72,18044.68,0.00,0.00
PA-00519,CW-2025-0417-CIV,Ridgeway Civil Engineering LLC,S-04 Drainage Corridor,Z2 North Spur,2025-02-18,2025-03-07,2025-03-22,179419.48,8970.97,170448.51,0.00,0.00
PA-00520,CW-2025-0417-CIV,Ridgeway Civil Engineering LLC,S-05 Compound Extension,Z2 North Spur,2026-05-12,2026-05-29,2026-06-14,126903.68,6345.18,120558.50,0.00,0.00
PA-00521,CW-2025-0417-CIV,Ridgeway Civil Engineering LLC,S-01 Platform North,Z1 Compound,2025-06-18,2025-07-06,2025-07-15,37717.46,1885.87,35831.59,0.00,0.00
PA-00522,CW-2025-0417-CIV,Ridgeway Civil Engineering LLC,S-05 Compound Extension,Z2 North Spur,2025-10-23,2025-10-29,2025-11-01,55397.44,2769.87,52627.57,0.00,0.00
PA-00523,CW-2025-0417-CIV,Ridgeway Civil Engineering LLC,S-02 Platform South,Z1 Compound,2026-07-02,2026-07-08,2026-07-14,40758.50,2037.92,38720.58,0.00,0.00
PA-00524,CW-2025-0417-CIV,Ridgeway Civil Engineering LLC,S-01 Platform North,Z1 Compound,2026-04-15,2026-04-27,2026-05-15,81172.16,4058.60,77113.56,0.00,0.00
PA-00525,CW-2025-0417-CIV,Ridgeway Civil Engineering LLC,S-05 Compound Extension,Z1 Compound,2025-10-04,2025-10-16,2025-11-03,120841.06,6042.05,114799.01,0.00,0.00
PA-00526,CW-2025-0417-CIV,Ridgeway Civil Engineering LLC,S-01 Platform North,Z1 Compound,2026-06-18,2026-06-24,2026-07-05,79865.10,3993.25,75871.85,0.00,0.00
PA-00527,CW-2025-0417-CIV,Ridgeway Civil Engineering LLC,S-05 Compound Extension,Z1 Compound,2025-03-18,2025-03-25,2025-03-29,34927.18,1746.35,33180.83,0.00,0.00
PA-00528,CW-2025-0417-CIV,Ridgeway Civil Engineering LLC,S-05 Compound Extension,Z2 North Spur,2025-01-27,2025-02-01,2025-02-22,246936.70,12346.83,234589.87,0.00,0.00
PA-00529,CW-2025-0417-CIV,Ridgeway Civil Engineering LLC,S-02 Platform South,Z4 Escarpment,2025-09-02,2025-09-16,2025-10-07,306340.01,15317.00,291023.01,0.00,0.00
PA-00530,CW-2025-0417-CIV,Ridgeway Civil Engineering LLC,S-02 Platform South,Z1 Compound,2025-08-27,2025-09-01,2025-09-09,231515.53,11575.77,219939.76,0.00,0.00
PA-00531,CW-2025-0417-CIV,Ridgeway Civil Engineering LLC,S-03 Access Road,Z4 Escarpment,2026-02-21,2026-03-10,2026-03-29,307134.94,15356.74,291778.20,0.00,0.00
PA-00532,CW-2025-0417-CIV,Ridgeway Civil Engineering LLC,S-05 Compound Extension,Z2 North Spur,2026-04-12,2026-04-20,2026-05-10,407398.58,20369.92,387028.66,0.00,0.00
PA-00533,CW-2025-0417-CIV,Ridgeway Civil Engineering LLC,S-05 Compound Extension,Z1 Compound,2026-05-11,2026-05-19,2026-06-02,292130.98,14606.54,277524.44,0.00,0.00
PA-00534,CW-2025-0417-CIV,Ridgeway Civil Engineering LLC,S-02 Platform South,Z1 Compound,2026-01-15,2026-01-22,2026-02-12,185351.80,9267.59,176084.21,0.00,0.00
PA-00535,CW-2025-0417-CIV,Ridgeway Civil Engineering LLC,S-03 Access Road,Z1 Compound,2025-08-30,2025-09-11,2025-09-23,405992.04,20299.60,385692.44,0.00,0.00
PA-00536,CW-2025-0417-CIV,Ridgeway Civil Engineering LLC,S-02 Platform South,Z1 Compound,2025-08-02,2025-08-12,2025-08-21,225241.85,11262.09,213979.76,0.00,0.00
PA-00537,CW-2025-0417-CIV,Ridgeway Civil Engineering LLC,S-05 Compound Extension,Z4 Escarpment,2025-11-16,2025-11-22,2025-11-29,136009.75,6800.48,129209.27,0.00,0.00
PA-00538,CW-2025-0417-CIV,Ridgeway Civil Engineering LLC,S-02 Platform South,Z3 Wadi Crossing,2026-02-21,2026-03-10,2026-03-17,276486.08,13824.30,262661.78,0.00,0.00
PA-00539,CW-2025-0417-CIV,Ridgeway Civil Engineering LLC,S-02 Platform South,Z2 North Spur,2025-02-19,2025-02-27,2025-03-08,36388.66,1819.43,34569.23,0.00,0.00
PA-00540,CW-2025-0417-CIV,Ridgeway Civil Engineering LLC,S-04 Drainage Corridor,Z4 Escarpment,2025-09-17,2025-09-24,2025-10-09,94643.86,4732.19,89911.67,0.00,0.00
PA-00541,CW-2025-0417-CIV,Ridgeway Civil Engineering LLC,S-05 Compound Extension,Z1 Compound,2025-09-19,2025-09-27,2025-10-11,324808.11,16240.40,308567.71,0.00,0.00
PA-00542,CW-2025-0417-CIV,Ridgeway Civil Engineering LLC,S-02 Platform South,Z2 North Spur,2025-10-05,2025-10-13,2025-10-30,142689.02,7134.45,135554.57,0.00,0.00
PA-00543,CW-2025-0417-CIV,Ridgeway Civil Engineering LLC,S-01 Platform North,Z2 North Spur,2025-03-27,2025-04-03,2025-04-16,185447.71,9272.38,176175.33,0.00,0.00
PA-00544,CW-2025-0417-CIV,Ridgeway Civil Engineering LLC,S-04 Drainage Corridor,Z4 Escarpment,2025-10-07,2025-10-17,2025-10-31,335928.67,16796.43,319132.24,0.00,0.00
PA-00545,CW-2025-0417-CIV,Ridgeway Civil Engineering LLC,S-05 Compound Extension,Z2 North Spur,2025-06-01,2025-06-09,2025-06-23,117213.09,5860.65,111352.44,0.00,0.00
PA-00546,CW-2025-0417-CIV,Ridgeway Civil Engineering LLC,S-05 Compound Extension,Z1 Compound,2025-01-25,2025-02-06,2025-02-27,161822.46,8091.12,153731.34,0.00,0.00
PA-00547,CW-2025-0417-CIV,Ridgeway Civil Engineering LLC,S-04 Drainage Corridor,Z2 North Spur,2026-08-12,2026-08-20,2026-08-24,322608.40,16130.42,306477.98,0.00,0.00
PA-00548,CW-2025-0417-CIV,Ridgeway Civil Engineering LLC,S-05 Compound Extension,Z2 North Spur,2026-07-07,2026-07-19,2026-07-29,80345.03,4017.25,76327.78,0.00,0.00
PA-00549,CW-2025-0417-CIV,Ridgeway Civil Engineering LLC,S-03 Access Road,Z2 North Spur,2026-05-07,2026-05-16,2026-06-02,62915.25,3145.76,59769.49,0.00,0.00
PA-00550,CW-2025-0417-CIV,Ridgeway Civil Engineering LLC,S-01 Platform North,Z1 Compound,2026-06-20,2026-06-29,2026-07-02,66329.19,3316.45,63012.74,0.00,0.00
PA-00551,CW-2025-0417-CIV,Ridgeway Civil Engineering LLC,S-01 Platform North,Z1 Compound,2025-08-23,2025-09-04,2025-09-22,441814.89,22090.74,419724.15,0.00,0.00
PA-00552,CW-2025-0417-CIV,Ridgeway Civil Engineering LLC,S-01 Platform North,Z4 Escarpment,2025-10-10,2025-10-17,2025-10-27,194461.03,9723.05,184737.98,0.00,0.00
PA-00553,CW-2025-0417-CIV,Ridgeway Civil Engineering LLC,S-04 Drainage Corridor,Z2 North Spur,2026-05-14,2026-05-21,2026-05-30,67020.08,3351.00,63669.08,0.00,0.00
PA-00554,CW-2025-0417-CIV,Ridgeway Civil Engineering LLC,S-05 Compound Extension,Z1 Compound,2026-07-25,2026-07-30,2026-08-02,78492.91,3924.64,74568.27,0.00,0.00
PA-00555,CW-2025-0417-CIV,Ridgeway Civil Engineering LLC,S-02 Platform South,Z1 Compound,2026-02-21,2026-02-27,2026-03-07,83952.23,4197.61,79754.62,0.00,0.00
PA-00556,CW-2025-0417-CIV,Ridgeway Civil Engineering LLC,S-03 Access Road,Z3 Wadi Crossing,2025-06-12,2025-06-21,2025-07-07,255052.09,12752.60,242299.49,0.00,0.00
PA-00557,CW-2025-0417-CIV,Ridgeway Civil Engineering LLC,S-02 Platform South,Z2 North Spur,2026-03-07,2026-03-17,2026-03-23,201315.19,10065.75,191249.44,0.00,0.00
PA-00558,CW-2025-0417-CIV,Ridgeway Civil Engineering LLC,S-03 Access Road,Z2 North Spur,2026-04-13,2026-05-01,2026-05-03,104093.87,5204.69,98889.18,0.00,0.00
PA-00559,CW-2025-0417-CIV,Ridgeway Civil Engineering LLC,S-04 Drainage Corridor,Z1 Compound,2025-12-15,2025-12-28,2026-01-10,132473.40,6623.67,125849.73,0.00,0.00
PA-00560,CW-2024-0417-CIV,Ridgeway Civil Engineering LLC,S-05 Compound Extension,Z2 North Spur,2025-07-29,2025-08-13,2025-08-20,351571.74,17578.58,333993.16,0.00,0.00
PA-00561,CW-2025-0417-CIV,Ridgeway Civil Engineering LLC,S-04 Drainage Corridor,Z2 North Spur,2025-12-29,2026-01-05,2026-01-23,128722.41,6436.12,122286.29,0.00,0.00
PA-00562,CW-2025-0417-CIV,Ridgeway Civil Engineering LLC,S-01 Platform North,Z2 North Spur,2026-03-05,2026-03-14,2026-03-19,44793.83,2239.69,42554.14,0.00,0.00
PA-00563,CW-2025-0417-CIV,Ridgeway Civil Engineering LLC,S-04 Drainage Corridor,Z2 North Spur,2025-09-15,2025-09-27,2025-10-13,8924.39,446.21,8478.18,0.00,0.00
PA-00564,CW-2025-0417-CIV,Ridgeway Civil Engineering LLC,S-01 Platform North,Z2 North Spur,2026-05-15,2026-05-30,2026-06-05,61527.35,3076.36,58450.99,0.00,0.00
PA-00565,CW-2025-0417-CIV,Ridgeway Civil Engineering LLC,S-03 Access Road,Z3 Wadi Crossing,2025-06-23,2025-06-29,2025-07-17,101445.42,5072.27,96373.15,0.00,0.00
PA-00566,CW-2025-0417-CIV,Ridgeway Civil Engineering LLC,S-02 Platform South,Z2 North Spur,2025-04-22,2025-05-08,2025-05-24,322578.83,16128.94,306449.89,0.00,0.00
PA-00567,CW-2025-0417-CIV,Ridgeway Civil Engineering LLC,S-04 Drainage Corridor,Z1 Compound,2026-08-02,2026-08-14,2026-09-04,40073.08,2003.65,38069.43,0.00,0.00
PA-00568,CW-2025-0417-CIV,Ridgeway Civil Engineering LLC,S-03 Access Road,Z2 North Spur,2026-06-15,2026-06-21,2026-07-10,112352.50,5617.62,106734.88,0.00,0.00
PA-00569,CW-2025-0417-CIV,Ridgeway Civil Engineering LLC,S-01 Platform North,Z1 Compound,2025-06-29,2025-07-11,2025-07-16,20078.20,1003.91,19074.29,0.00,0.00
PA-00570,CW-2025-0417-CIV,Ridgeway Civil Engineering LLC,S-05 Compound Extension,Z2 North Spur,2025-06-19,2025-06-25,2025-07-12,57084.76,2854.23,54230.53,0.00,0.00
PA-00571,CW-2025-0417-CIV,Ridgeway Civil Engineering LLC,S-01 Platform North,Z4 Escarpment,2025-06-29,2025-07-13,2025-07-15,195234.11,9761.70,185472.41,0.00,0.00
PA-00572,CW-2025-0417-CIV,Ridgeway Civil Engineering LLC,S-05 Compound Extension,Z2 North Spur,2026-03-06,2026-03-16,2026-03-22,232733.60,11636.68,221096.92,0.00,0.00
PA-00573,CW-2025-0417-CIV,Ridgeway Civil Engineering LLC,S-03 Access Road,Z1 Compound,2026-04-03,2026-04-17,2026-04-27,271655.55,13582.77,258072.78,0.00,0.00
PA-00574,CW-2025-0417-CIV,Ridgeway Civil Engineering LLC,S-05 Compound Extension,Z1 Compound,2025-08-22,2025-08-31,2025-09-09,201344.90,10067.24,191277.66,0.00,0.00
PA-00575,CW-2025-0417-CIV,Ridgeway Civil Engineering LLC,S-02 Platform South,Z1 Compound,2025-06-13,2025-06-16,2025-07-01,61805.73,3090.28,58715.45,0.00,0.00
PA-00576,CW-2025-0417-CIV,Ridgeway Civil Engineering LLC,S-05 Compound Extension,Z1 Compound,2025-07-07,2025-07-24,2025-08-05,287419.78,14370.98,273048.80,0.00,0.00
PA-00577,CW-2025-0417-CIV,Ridgeway Civil Engineering LLC,S-02 Platform South,Z4 Escarpment,2025-08-29,2025-09-11,2025-09-22,347496.66,17374.83,330121.83,0.00,0.00
PA-00578,CW-2025-0417-CIV,Ridgeway Civil Engineering LLC,S-03 Access Road,Z4 Escarpment,2025-06-17,2025-07-04,2025-07-07,168296.95,8414.84,159882.11,0.00,0.00
PA-00579,CW-2025-0417-CIV,Ridgeway Civil Engineering LLC,S-03 Access Road,Z3 Wadi Crossing,2025-07-31,2025-08-10,2025-08-12,106404.51,5320.22,101084.29,0.00,0.00
PA-00580,CW-2025-0417-CIV,Ridgeway Civil Engineering LLC,S-03 Access Road,Z2 North Spur,2026-05-22,2026-05-29,2026-06-08,532244.72,26612.23,505632.49,0.00,0.00
PA-00581,CW-2025-0417-CIV,Ridgeway Civil Engineering LLC,S-05 Compound Extension,Z1 Compound,2026-01-12,2026-01-19,2026-02-03,34248.50,1712.42,32536.08,0.00,0.00
PA-00582,CW-2025-0417-CIV,Ridgeway Civil Engineering LLC,S-01 Platform North,Z3 Wadi Crossing,2026-07-11,2026-07-23,2026-08-04,59329.36,2966.46,56362.90,0.00,0.00
PA-00583,CW-2025-0417-CIV,Ridgeway Civil Engineering LLC,S-05 Compound Extension,Z3 Wadi Crossing,2026-01-05,2026-01-19,2026-01-26,106823.22,5341.16,101482.06,0.00,0.00
PA-00584,CW-2025-0417-CIV,Ridgeway Civil Engineering LLC,S-01 Platform North,Z1 Compound,2026-05-08,2026-05-14,2026-05-22,46414.20,2320.71,44093.49,0.00,0.00
PA-00585,CW-2025-0417-CIV,Ridgeway Civil Engineering LLC,S-02 Platform South,Z2 North Spur,2026-02-18,2026-03-01,2026-03-12,80799.62,4039.98,76759.64,0.00,0.00
PA-00586,CW-2025-0417-CIV,Ridgeway Civil Engineering LLC,S-01 Platform North,Z1 Compound,2025-03-01,2025-03-16,2025-03-30,103681.06,5184.05,98497.01,0.00,0.00
PA-00587,CW-2025-0417-CIV,Ridgeway Civil Engineering LLC,S-02 Platform South,Z4 Escarpment,2025-05-20,2025-05-26,2025-06-07,180347.45,9017.37,171330.08,0.00,0.00
PA-00588,CW-2025-0417-CIV,Ridgeway Civil Engineering LLC,S-04 Drainage Corridor,Z4 Escarpment,2026-07-25,2026-07-31,2026-08-13,181784.44,9089.22,172695.22,0.00,0.00
PA-00589,CW-2025-0417-CIV,Ridgeway Civil Engineering LLC,S-05 Compound Extension,Z3 Wadi Crossing,2025-11-30,2025-12-04,2025-12-23,210987.68,10549.38,200438.30,0.00,0.00
PA-00590,CW-2025-0417-CIV,Ridgeway Civil Engineering LLC,S-05 Compound Extension,Z4 Escarpment,2025-04-20,2025-04-27,2025-04-29,97529.51,4876.47,92653.04,0.00,0.00
PA-00591,CW-2025-0417-CIV,Ridgeway Civil Engineering LLC,S-01 Platform North,Z4 Escarpment,2025-09-23,2025-09-27,2025-10-17,214251.99,10712.59,203539.40,0.00,0.00
PA-00592,CW-2025-0417-CIV,Ridgeway Civil Engineering LLC,S-03 Access Road,Z4 Escarpment,2025-04-10,2025-04-23,2025-04-25,461316.60,23065.83,438250.77,0.00,0.00
PA-00593,CW-2025-0417-CIV,Ridgeway Civil Engineering LLC,S-05 Compound Extension,Z4 Escarpment,2026-05-22,2026-05-31,2026-06-12,246544.32,12327.21,234217.11,0.00,0.00
PA-00594,CW-2025-0417-CIV,Ridgeway Civil Engineering LLC,S-05 Compound Extension,Z4 Escarpment,2025-07-09,2025-07-14,2025-07-19,36951.85,1847.59,35104.26,0.00,0.00
PA-00595,CW-2025-0417-CIV,Ridgeway Civil Engineering LLC,S-04 Drainage Corridor,Z2 North Spur,2026-04-01,2026-04-13,2026-04-25,213544.90,10677.24,202867.66,0.00,0.00
PA-00596,CW-2025-0417-CIV,Ridgeway Civil Engineering LLC,S-02 Platform South,Z4 Escarpment,2025-10-16,2025-11-01,2025-11-13,193822.49,9691.12,184131.37,0.00,0.00
PA-00597,CW-2025-0417-CIV,Ridgeway Civil Engineering LLC,S-03 Access Road,Z1 Compound,2025-06-26,2025-07-05,2025-07-18,167594.41,8379.72,159214.69,0.00,0.00
PA-00598,CW-2025-0417-CIV,Ridgeway Civil Engineering LLC,S-04 Drainage Corridor,Z1 Compound,2026-06-27,2026-07-08,2026-07-27,242703.17,12135.15,230568.02,0.00,0.00
PA-00599,CW-2025-0417-CIV,Ridgeway Civil Engineering LLC,S-03 Access Road,Z3 Wadi Crossing,2025-05-19,2025-05-24,2025-06-02,168339.93,8416.99,159922.94,0.00,0.00
PA-00600,CW-2025-0417-CIV,Ridgeway Civil Engineering LLC,S-04 Drainage Corridor,Z3 Wadi Crossing,2026-04-22,2026-05-08,2026-05-21,269014.91,13450.74,255564.17,0.00,0.00
PA-00601,CW-2025-0417-CIV,Ridgeway Civil Engineering LLC,S-05 Compound Extension,Z2 North Spur,2026-08-20,2026-08-28,2026-09-06,40995.74,2049.78,38945.96,0.00,0.00
PA-00602,CW-2025-0417-CIV,Ridgeway Civil Engineering LLC,S-04 Drainage Corridor,Z4 Escarpment,2026-07-21,2026-07-29,2026-08-12,183576.73,9178.83,174397.90,0.00,0.00
PA-00603,CW-2025-0417-CIV,Ridgeway Civil Engineering LLC,S-05 Compound Extension,Z2 North Spur,2026-03-26,2026-04-07,2026-04-13,86541.54,4327.07,82214.47,0.00,0.00
PA-00604,CW-2025-0417-CIV,Ridgeway Civil Engineering LLC,S-02 Platform South,Z2 North Spur,2026-06-27,2026-07-04,2026-07-09,47818.61,2390.93,45427.68,0.00,0.00
PA-00605,CW-2025-0417-CIV,Ridgeway Civil Engineering LLC,S-03 Access Road,Z1 Compound,2025-11-19,2025-11-30,2025-12-14,62211.02,3110.55,59100.47,0.00,0.00
PA-00606,CW-2025-0417-CIV,Ridgeway Civil Engineering LLC,S-05 Compound Extension,Z4 Escarpment,2025-06-20,2025-07-02,2025-07-16,125299.62,6264.98,119034.64,0.00,0.00
PA-00607,CW-2025-0417-CIV,Ridgeway Civil Engineering LLC,S-05 Compound Extension,Z3 Wadi Crossing,2025-05-03,2025-05-13,2025-05-19,288111.27,14405.56,273705.71,0.00,0.00
PA-00608,CW-2025-0417-CIV,Ridgeway Civil Engineering LLC,S-02 Platform South,Z4 Escarpment,2026-08-14,2026-08-27,2026-09-13,171545.02,8577.25,162967.77,0.00,0.00
PA-00609,CW-2025-0417-CIV,Ridgeway Civil Engineering LLC,S-05 Compound Extension,Z2 North Spur,2025-07-15,2025-07-21,2025-08-09,118237.40,5911.87,112325.53,0.00,0.00
PA-00610,CW-2025-0417-CIV,Ridgeway Civil Engineering LLC,S-01 Platform North,Z1 Compound,2026-05-27,2026-06-08,2026-06-24,47873.44,2393.67,45479.77,0.00,0.00
PA-00611,CW-2025-0417-CIV,Ridgeway Civil Engineering LLC,S-01 Platform North,Z1 Compound,2025-04-13,2025-04-22,2025-05-10,177311.79,8865.58,168446.21,0.00,0.00
PA-00612,CW-2025-0417-CIV,Ridgeway Civil Engineering LLC,S-02 Platform South,Z4 Escarpment,2026-05-25,2026-06-02,2026-06-13,139792.17,6989.60,132802.57,0.00,0.00
PA-00613,CW-2025-0417-CIV,Ridgeway Civil Engineering LLC,S-02 Platform South,Z3 Wadi Crossing,2025-07-07,2025-07-14,2025-08-09,88779.08,4438.95,84340.13,0.00,0.00
PA-00614,CW-2025-0417-CIV,Ridgeway Civil Engineering LLC,S-04 Drainage Corridor,Z4 Escarpment,2025-10-15,2025-10-28,2025-11-09,16206.65,810.33,15396.32,0.00,0.00
PA-00615,CW-2025-0417-CIV,Ridgeway Civil Engineering LLC,S-01 Platform North,Z3 Wadi Crossing,2025-07-19,2025-08-08,2025-08-14,400669.30,20033.46,380635.84,0.00,0.00
PA-00616,CW-2025-0417-CIV,Ridgeway Civil Engineering LLC,S-03 Access Road,Z2 North Spur,2025-03-06,2025-03-21,2025-04-04,74942.36,3747.11,71195.25,0.00,0.00
PA-00617,CW-2025-0417-CIV,Ridgeway Civil Engineering LLC,S-05 Compound Extension,Z4 Escarpment,2026-06-05,2026-06-12,2026-07-03,51246.19,2562.30,48683.89,0.00,0.00
PA-00618,CW-2025-0417-CIV,Ridgeway Civil Engineering LLC,S-02 Platform South,Z3 Wadi Crossing,2026-02-19,2026-03-03,2026-03-22,110548.79,5527.43,105021.36,0.00,0.00
PA-00619,CW-2025-0417-CIV,Ridgeway Civil Engineering LLC,S-04 Drainage Corridor,Z1 Compound,2025-06-03,2025-06-20,2025-06-22,75081.80,3754.09,71327.71,0.00,0.00
PA-00620,CW-2025-0417-CIV,Ridgeway Civil Engineering LLC,S-02 Platform South,Z3 Wadi Crossing,2025-06-29,2025-07-13,2025-07-28,160540.59,8027.02,152513.57,0.00,0.00
PA-00621,CW-2025-0417-CIV,Ridgeway Civil Engineering LLC,S-01 Platform North,Z4 Escarpment,2026-02-01,2026-02-08,2026-02-13,122237.73,6111.88,116125.85,0.00,0.00
PA-00622,CW-2025-0417-CIV,Ridgeway Civil Engineering LLC,S-03 Access Road,Z1 Compound,2025-04-02,2025-04-13,2025-04-19,363685.11,18184.25,345500.86,0.00,0.00
PA-00623,CW-2025-0417-CIV,Ridgeway Civil Engineering LLC,S-03 Access Road,Z2 North Spur,2026-03-29,2026-04-06,2026-04-26,300923.60,15046.18,285877.42,0.00,0.00
PA-00624,CW-2025-0417-CIV,Ridgeway Civil Engineering LLC,S-02 Platform South,Z1 Compound,2025-05-12,2025-05-25,2025-06-04,184158.83,9207.94,174950.89,0.00,0.00
PA-00625,CW-2025-0417-CIV,Ridgeway Civil Engineering LLC,S-02 Platform South,Z3 Wadi Crossing,2025-08-06,2025-08-24,2025-08-28,298146.36,14907.31,283239.05,0.00,0.00
PA-00626,CW-2025-0417-CIV,Ridgeway Civil Engineering LLC,S-01 Platform North,Z1 Compound,2025-05-29,2025-06-06,2025-06-11,33687.72,1684.38,32003.34,0.00,0.00
PA-00627,CW-2025-0417-CIV,Ridgeway Civil Engineering LLC,S-03 Access Road,Z2 North Spur,2026-01-31,2026-02-15,2026-03-04,364142.94,18207.14,345935.80,0.00,0.00
PA-00628,CW-2025-0417-CIV,Ridgeway Civil Engineering LLC,S-04 Drainage Corridor,Z1 Compound,2025-06-14,2025-06-22,2025-06-27,291039.65,14551.98,276487.67,0.00,0.00
PA-00629,CW-2025-0417-CIV,Ridgeway Civil Engineering LLC,S-03 Access Road,Z2 North Spur,2026-05-21,2026-05-26,2026-06-07,21540.01,1077.00,20463.01,0.00,0.00
PA-00630,CW-2025-0417-CIV,Ridgeway Civil Engineering LLC,S-02 Platform South,Z1 Compound,2026-02-20,2026-02-28,2026-03-16,49086.97,2454.34,46632.63,0.00,0.00
PA-00631,CW-2025-0417-CIV,Ridgeway Civil Engineering LLC,S-03 Access Road,Z3 Wadi Crossing,2025-05-09,2025-05-17,2025-05-21,219994.52,10999.72,208994.80,0.00,0.00
PA-00632,CW-2025-0417-CIV,Ridgeway Civil Engineering LLC,S-03 Access Road,Z1 Compound,2026-07-25,2026-08-05,2026-08-10,62903.93,3145.19,59758.74,0.00,0.00
PA-00633,CW-2025-0417-CIV,Ridgeway Civil Engineering LLC,S-02 Platform South,Z4 Escarpment,2026-01-16,2026-02-02,2026-02-05,216653.94,10832.69,205821.25,0.00,0.00
PA-00634,CW-2025-0417-CIV,Ridgeway Civil Engineering LLC,S-01 Platform North,Z4 Escarpment,2026-08-11,2026-08-21,2026-08-24,61024.05,3051.20,57972.85,0.00,0.00
PA-00635,CW-2025-0417-CIV,Ridgeway Civil Engineering LLC,S-03 Access Road,Z4 Escarpment,2026-05-21,2026-06-06,2026-06-11,254092.00,12704.60,241387.40,0.00,0.00
PA-00636,CW-2025-0417-CIV,Ridgeway Civil Engineering LLC,S-04 Drainage Corridor,Z3 Wadi Crossing,2025-02-28,2025-03-10,2025-03-29,149066.61,7453.33,141613.28,0.00,0.00
PA-00637,CW-2025-0417-CIV,Ridgeway Civil Engineering LLC,S-02 Platform South,Z4 Escarpment,2025-10-14,2025-10-23,2025-10-31,463170.85,23158.54,440012.31,0.00,0.00
PA-00638,CW-2025-0417-CIV,Ridgeway Civil Engineering LLC,S-04 Drainage Corridor,Z4 Escarpment,2025-06-19,2025-06-28,2025-07-04,560673.41,28033.67,532639.74,0.00,0.00
PA-00639,CW-2025-0417-CIV,Ridgeway Civil Engineering LLC,S-04 Drainage Corridor,Z2 North Spur,2025-07-24,2025-08-01,2025-08-15,49641.05,2482.05,47159.00,0.00,0.00
PA-00640,CW-2025-0417-CIV,Ridgeway Civil Engineering LLC,S-01 Platform North,Z4 Escarpment,2025-07-30,2025-08-11,2025-08-21,309251.96,15462.59,293789.37,0.00,0.00
PA-00641,CW-2025-0417-CIV,Ridgeway Civil Engineering LLC,S-05 Compound Extension,Z2 North Spur,2026-01-21,2026-01-28,2026-02-17,43901.52,2195.07,41706.45,0.00,0.00
PA-00642,CW-2025-0417-CIV,Ridgeway Civil Engineering LLC,S-05 Compound Extension,Z3 Wadi Crossing,2026-01-23,2026-02-08,2026-02-28,215334.57,10766.72,204567.85,0.00,0.00
PA-00643,CW-2025-0417-CIV,Ridgeway Civil Engineering LLC,S-01 Platform North,Z3 Wadi Crossing,2025-09-23,2025-10-06,2025-10-22,242676.59,12133.82,230542.77,0.00,0.00
PA-00644,CW-2025-0417-CIV,Ridgeway Civil Engineering LLC,S-02 Platform South,Z3 Wadi Crossing,2025-10-27,2025-11-05,2025-11-26,34153.80,1707.69,32446.11,0.00,0.00
PA-00645,CW-2025-0417-CIV,Ridgeway Civil Engineering LLC,S-05 Compound Extension,Z1 Compound,2026-06-02,2026-06-11,2026-07-02,86714.64,4335.73,82378.91,0.00,0.00
PA-00646,CW-2025-0417-CIV,Ridgeway Civil Engineering LLC,S-01 Platform North,Z3 Wadi Crossing,2025-06-27,2025-07-11,2025-07-18,409893.45,20494.67,389398.78,0.00,0.00
PA-00647,CW-2025-0417-CIV,Ridgeway Civil Engineering LLC,S-01 Platform North,Z2 North Spur,2026-05-10,2026-05-20,2026-05-28,257731.28,12886.56,244844.72,0.00,0.00
PA-00648,CW-2025-0417-CIV,Ridgeway Civil Engineering LLC,S-02 Platform South,Z1 Compound,2025-07-17,2025-07-28,2025-08-18,96213.73,4810.68,91403.05,0.00,0.00
PA-00649,CW-2025-0417-CIV,Ridgeway Civil Engineering LLC,S-03 Access Road,Z3 Wadi Crossing,2025-10-20,2025-10-24,2025-10-29,73936.78,3696.83,70239.95,0.00,0.00
PA-00650,CW-2025-0417-CIV,Ridgeway Civil Engineering LLC,S-02 Platform South,Z4 Escarpment,2025-02-10,2025-02-19,2025-03-03,114341.23,5717.06,108624.17,0.00,0.00
PA-00651,CW-2025-0417-CIV,Ridgeway Civil Engineering LLC,S-01 Platform North,Z2 North Spur,2025-02-10,2025-02-18,2025-02-24,390065.54,19503.27,370562.27,0.00,0.00
PA-00652,CW-2025-0417-CIV,Ridgeway Civil Engineering LLC,S-04 Drainage Corridor,Z4 Escarpment,2025-08-10,2025-08-20,2025-08-29,63377.14,3168.85,60208.29,0.00,0.00
PA-00653,CW-2025-0417-CIV,Ridgeway Civil Engineering LLC,S-01 Platform North,Z2 North Spur,2025-07-29,2025-08-07,2025-08-26,247973.23,12398.66,235574.57,0.00,0.00
PA-00654,CW-2025-0417-CIV,Ridgeway Civil Engineering LLC,S-04 Drainage Corridor,Z4 Escarpment,2026-05-24,2026-06-07,2026-06-22,220953.01,11047.65,209905.36,0.00,0.00
PA-00655,CW-2025-0417-CIV,Ridgeway Civil Engineering LLC,S-03 Access Road,Z4 Escarpment,2025-06-14,2025-06-21,2025-07-07,374291.92,18714.59,355577.33,0.00,0.00
PA-00656,CW-2025-0417-CIV,Ridgeway Civil Engineering LLC,S-04 Drainage Corridor,Z3 Wadi Crossing,2025-10-06,2025-10-23,2025-10-28,210309.96,10515.49,199794.47,0.00,0.00
PA-00657,CW-2025-0417-CIV,Ridgeway Civil Engineering LLC,S-02 Platform South,Z3 Wadi Crossing,2025-07-28,2025-08-08,2025-08-25,89069.67,4453.48,84616.19,0.00,0.00
PA-00658,CW-2025-0417-CIV,Ridgeway Civil Engineering LLC,S-03 Access Road,Z4 Escarpment,2025-11-11,2025-11-25,2025-12-02,82321.97,4116.09,78205.88,0.00,0.00
PA-00659,CW-2025-0417-CIV,Ridgeway Civil Engineering LLC,S-03 Access Road,Z1 Compound,2025-06-22,2025-07-02,2025-07-18,300595.57,15029.77,285565.80,0.00,0.00
PA-00660,CW-2025-0417-CIV,Ridgeway Civil Engineering LLC,S-02 Platform South,Z1 Compound,2026-07-22,2026-08-07,2026-08-14,236322.09,11816.10,224505.99,0.00,0.00
PA-00661,CW-2025-0417-CIV,Ridgeway Civil Engineering LLC,S-03 Access Road,Z3 Wadi Crossing,2025-05-30,2025-06-12,2025-06-23,296160.40,14808.02,281352.38,0.00,0.00
PA-00662,CW-2025-0417-CIV,Ridgeway Civil Engineering LLC,S-04 Drainage Corridor,Z1 Compound,2025-02-28,2025-03-12,2025-03-25,161663.36,8083.16,153580.20,0.00,0.00
PA-00663,CW-2025-0417-CIV,Ridgeway Civil Engineering LLC,S-05 Compound Extension,Z3 Wadi Crossing,2026-02-21,2026-03-05,2026-03-22,33413.26,1670.66,31742.60,0.00,0.00
PA-00664,CW-2025-0417-CIV,Ridgeway Civil Engineering LLC,S-05 Compound Extension,Z1 Compound,2026-03-05,2026-03-20,2026-04-02,290012.58,14500.62,275511.96,0.00,0.00
PA-00665,CW-2025-0417-CIV,Ridgeway Civil Engineering LLC,S-05 Compound Extension,Z3 Wadi Crossing,2026-01-15,2026-01-31,2026-02-10,253482.54,12674.12,240808.42,0.00,0.00
PA-00666,CW-2025-0417-CIV,Ridgeway Civil Engineering LLC,S-02 Platform South,Z3 Wadi Crossing,2025-03-22,2025-03-31,2025-04-06,178361.44,8918.07,169443.37,0.00,0.00
PA-00667,CW-2025-0417-CIV,Ridgeway Civil Engineering LLC,S-03 Access Road,Z1 Compound,2025-08-04,2025-08-15,2025-08-18,176053.72,8802.68,167251.04,0.00,0.00
PA-00668,CW-2025-0417-CIV,Ridgeway Civil Engineering LLC,S-04 Drainage Corridor,Z4 Escarpment,2025-01-15,2025-01-23,2025-02-13,88993.72,4449.68,84544.04,0.00,0.00
PA-00669,CW-2025-0417-CIV,Ridgeway Civil Engineering LLC,S-02 Platform South,Z2 North Spur,2025-10-16,2025-10-18,2025-10-23,37516.60,1875.83,35640.77,0.00,0.00
PA-00670,CW-2025-0417-CIV,Ridgeway Civil Engineering LLC,S-05 Compound Extension,Z3 Wadi Crossing,2026-07-02,2026-07-14,2026-07-28,38587.62,1929.38,36658.24,0.00,0.00
PA-00671,CW-2025-0417-CIV,Ridgeway Civil Engineering LLC,S-04 Drainage Corridor,Z3 Wadi Crossing,2026-06-22,2026-06-25,2026-07-12,150808.37,7540.41,143267.96,0.00,0.00
PA-00672,CW-2025-0417-CIV,Ridgeway Civil Engineering LLC,S-03 Access Road,Z1 Compound,2025-06-22,2025-06-27,2025-07-13,96171.04,4808.55,91362.49,0.00,0.00
PA-00673,CW-2025-0417-CIV,Ridgeway Civil Engineering LLC,S-02 Platform South,Z4 Escarpment,2026-08-16,2026-08-27,2026-09-10,148510.13,7425.50,141084.63,0.00,0.00
PA-00674,CW-2025-0417-CIV,Ridgeway Civil Engineering LLC,S-05 Compound Extension,Z4 Escarpment,2026-01-12,2026-01-17,2026-02-02,498772.90,24938.64,473834.26,0.00,0.00
PA-00675,CW-2025-0417-CIV,Ridgeway Civil Engineering LLC,S-05 Compound Extension,Z3 Wadi Crossing,2026-08-25,2026-08-30,2026-09-11,148528.42,7426.42,141102.00,0.00,0.00
PA-00676,CW-2025-0417-CIV,Ridgeway Civil Engineering LLC,S-03 Access Road,Z3 Wadi Crossing,2026-04-27,2026-05-07,2026-05-26,62974.90,3148.74,59826.16,0.00,0.00
PA-00677,CW-2025-0417-CIV,Ridgeway Civil Engineering LLC,S-02 Platform South,Z3 Wadi Crossing,2026-01-14,2026-01-26,2026-02-13,93596.51,4679.82,88916.69,0.00,0.00
PA-00678,CW-2025-0417-CIV,Ridgeway Civil Engineering LLC,S-01 Platform North,Z3 Wadi Crossing,2026-01-31,2026-10-22,2026-10-28,526097.77,26304.88,499792.89,0.00,0.00
PA-00679,CW-2025-0417-CIV,Ridgeway Civil Engineering LLC,S-03 Access Road,Z2 North Spur,2026-07-31,2026-08-07,2026-08-18,120080.89,6004.04,114076.85,0.00,0.00
PA-00680,CW-2025-0417-CIV,Ridgeway Civil Engineering LLC,S-05 Compound Extension,Z3 Wadi Crossing,2026-06-28,2026-07-11,2026-07-27,62642.58,3132.12,59510.46,0.00,0.00
PA-00681,CW-2025-0417-CIV,Ridgeway Civil Engineering LLC,S-04 Drainage Corridor,Z3 Wadi Crossing,2025-07-04,2025-07-11,2025-07-27,85948.53,4297.42,81651.11,0.00,0.00
PA-00682,CW-2025-0417-CIV,Ridgeway Civil Engineering LLC,S-02 Platform South,Z4 Escarpment,2026-03-15,2026-03-16,2026-03-25,18738.66,936.93,17801.73,0.00,0.00
PA-00683,CW-2025-0417-CIV,Ridgeway Civil Engineering LLC,S-05 Compound Extension,Z2 North Spur,2026-02-12,2026-02-19,2026-02-21,27912.32,1395.61,26516.71,0.00,0.00
PA-00684,CW-2025-0417-CIV,Ridgeway Civil Engineering LLC,S-05 Compound Extension,Z1 Compound,2025-09-21,2025-10-05,2025-10-24,290208.49,14510.42,275698.07,0.00,0.00
PA-00685,CW-2025-0417-CIV,Ridgeway Civil Engineering LLC,S-05 Compound Extension,Z1 Compound,2025-11-12,2025-11-26,2025-12-13,303198.46,15159.92,288038.54,0.00,0.00
PA-00686,CW-2025-0417-CIV,Ridgeway Civil Engineering LLC,S-01 Platform North,Z4 Escarpment,2025-04-21,2025-05-06,2025-05-16,300607.19,15030.35,285576.84,0.00,0.00
PA-00687,CW-2025-0417-CIV,Ridgeway Civil Engineering LLC,S-05 Compound Extension,Z1 Compound,2026-03-18,2026-03-29,2026-04-09,322475.95,16123.79,306352.16,0.00,0.00
PA-00688,CW-2025-0417-CIV,Ridgeway Civil Engineering LLC,S-02 Platform South,Z3 Wadi Crossing,2025-10-14,2025-10-25,2025-10-30,208968.05,10448.40,198519.65,0.00,0.00
PA-00689,CW-2025-0417-CIV,Ridgeway Civil Engineering LLC,S-05 Compound Extension,Z1 Compound,2025-06-30,2025-07-11,2025-07-28,223780.90,11189.04,212591.86,0.00,0.00
PA-00690,CW-2025-0417-CIV,Ridgeway Civil Engineering LLC,S-02 Platform South,Z1 Compound,2025-06-29,2025-07-15,2025-07-30,302906.02,15145.30,287760.72,0.00,0.00
PA-00691,CW-2025-0417-CIV,Ridgeway Civil Engineering LLC,S-04 Drainage Corridor,Z1 Compound,2026-06-27,2026-07-02,2026-07-20,106452.66,5322.63,101130.03,0.00,0.00
PA-00692,CW-2025-0417-CIV,Ridgeway Civil Engineering LLC,S-01 Platform North,Z1 Compound,2025-06-08,2025-06-24,2025-07-05,124892.82,6244.64,118648.18,0.00,0.00
PA-00693,CW-2025-0417-CIV,Ridgeway Civil Engineering LLC,S-04 Drainage Corridor,Z4 Escarpment,2026-06-01,2026-06-07,2026-06-27,156822.32,7841.11,148981.21,0.00,0.00
PA-00694,CW-2025-0417-CIV,Ridgeway Civil Engineering LLC,S-03 Access Road,Z2 North Spur,2025-09-13,2025-09-21,2025-09-26,33689.93,1684.49,32005.44,0.00,0.00
PA-00695,CW-2025-0417-CIV,Ridgeway Civil Engineering LLC,S-04 Drainage Corridor,Z1 Compound,2025-03-04,2025-03-06,2025-03-09,73793.40,3689.67,70103.73,0.00,0.00
PA-00696,CW-2025-0417-CIV,Ridgeway Civil Engineering LLC,S-04 Drainage Corridor,Z4 Escarpment,2025-08-29,2025-09-03,2025-09-11,155579.22,7778.96,147800.26,0.00,0.00
PA-00697,CW-2025-0417-CIV,Ridgeway Civil Engineering LLC,S-01 Platform North,Z3 Wadi Crossing,2025-11-20,2025-11-27,2025-11-29,196906.67,9845.33,187061.34,0.00,0.00
PA-00698,CW-2025-0417-CIV,Ridgeway Civil Engineering LLC,S-04 Drainage Corridor,Z3 Wadi Crossing,2025-08-20,2025-08-31,2025-09-10,185342.89,9267.14,176075.75,0.00,0.00
PA-00699,CW-2025-0417-CIV,Ridgeway Civil Engineering LLC,S-04 Drainage Corridor,Z2 North Spur,2025-10-04,2025-10-17,2025-12-05,42823.05,2141.15,40681.90,0.00,0.00
PA-00700,CW-2025-0417-CIV,Ridgeway Civil Engineering LLC,S-02 Platform South,Z3 Wadi Crossing,2025-02-18,2025-02-24,2025-02-27,49814.70,2490.73,47323.97,0.00,0.00
PA-00701,CW-2025-0417-CIV,Ridgeway Civil Engineering LLC,S-02 Platform South,Z2 North Spur,2025-02-25,2025-03-14,2025-03-29,101455.36,5072.76,96382.60,0.00,0.00
PA-00702,CW-2025-0417-CIV,Ridgeway Civil Engineering LLC,S-03 Access Road,Z3 Wadi Crossing,2026-06-07,2026-06-20,2026-07-01,126680.19,6334.00,120346.19,0.00,0.00
PA-00703,CW-2025-0417-CIV,Ridgeway Civil Engineering LLC,S-05 Compound Extension,Z1 Compound,2025-01-14,2025-01-24,2025-01-26,313442.95,15672.14,297770.81,0.00,0.00
PA-00704,CW-2025-0417-CIV,Ridgeway Civil Engineering LLC,S-01 Platform North,Z2 North Spur,2025-06-08,2025-06-24,2025-06-27,153680.91,7684.04,145996.87,0.00,0.00
PA-00705,CW-2025-0417-CIV,Ridgeway Civil Engineering LLC,S-05 Compound Extension,Z2 North Spur,2025-02-06,2025-02-22,2025-02-25,79409.93,3970.49,75439.44,0.00,0.00
PA-00706,CW-2025-0417-CIV,Ridgeway Civil Engineering LLC,S-02 Platform South,Z2 North Spur,2025-07-10,2025-07-20,2025-07-26,22347.68,1117.38,21230.30,0.00,0.00
PA-00707,CW-2025-0417-CIV,Ridgeway Civil Engineering LLC,S-01 Platform North,Z2 North Spur,2025-04-30,2025-05-05,2025-05-17,35989.42,1799.47,34189.95,0.00,0.00
PA-00708,CW-2025-0417-CIV,Ridgeway Civil Engineering LLC,S-01 Platform North,Z4 Escarpment,2025-12-20,2026-01-01,2026-02-14,213031.90,10651.59,202380.31,0.00,0.00
PA-00709,CW-2025-0417-CIV,Ridgeway Civil Engineering LLC,S-02 Platform South,Z3 Wadi Crossing,2025-10-24,2025-11-10,2025-11-15,135026.85,6751.34,128275.51,0.00,0.00
PA-00710,CW-2025-0417-CIV,Ridgeway Civil Engineering LLC,S-02 Platform South,Z3 Wadi Crossing,2025-05-27,2025-06-12,2025-06-18,350405.97,17520.29,332885.68,0.00,0.00
PA-00711,CW-2024-0417-CIV,Ridgeway Civil Engineering LLC,S-02 Platform South,Z3 Wadi Crossing,2025-09-05,2025-09-21,2025-10-04,210965.21,10548.26,200416.95,0.00,0.00
PA-00712,CW-2025-0417-CIV,Ridgeway Civil Engineering LLC,S-02 Platform South,Z4 Escarpment,2025-08-31,2025-09-13,2025-09-23,409317.67,20465.88,388851.79,0.00,0.00
PA-00713,CW-2025-0417-CIV,Ridgeway Civil Engineering LLC,S-05 Compound Extension,Z4 Escarpment,2025-06-18,2025-06-25,2025-07-16,205337.55,10266.87,195070.68,0.00,0.00
PA-00714,CW-2025-0417-CIV,Ridgeway Civil Engineering LLC,S-02 Platform South,Z4 Escarpment,2025-01-07,2025-01-24,2025-01-30,68225.35,3411.26,64814.09,0.00,0.00
PA-00715,CW-2025-0417-CIV,Ridgeway Civil Engineering LLC,S-01 Platform North,Z2 North Spur,2026-02-12,2026-02-26,2026-03-13,211599.12,10579.95,201019.17,0.00,0.00
PA-00716,CW-2025-0417-CIV,Ridgeway Civil Engineering LLC,S-04 Drainage Corridor,Z2 North Spur,2025-06-02,2025-06-15,2025-06-21,266353.48,13317.67,253035.81,0.00,0.00
PA-00717,CW-2025-0417-CIV,Ridgeway Civil Engineering LLC,S-03 Access Road,Z1 Compound,2026-04-23,2026-04-29,2026-05-08,233945.91,11697.29,222248.62,0.00,0.00
PA-00718,CW-2025-0417-CIV,Ridgeway Civil Engineering LLC,S-02 Platform South,Z1 Compound,2025-01-16,2025-01-27,2025-02-15,40711.94,2035.59,38676.35,0.00,0.00
PA-00719,CW-2025-0417-CIV,Ridgeway Civil Engineering LLC,S-05 Compound Extension,Z2 North Spur,2026-02-09,2026-02-17,2026-02-22,127999.15,6399.95,121599.20,0.00,0.00
PA-00720,CW-2025-0417-CIV,Ridgeway Civil Engineering LLC,S-03 Access Road,Z1 Compound,2026-05-26,2026-06-06,2026-06-16,56839.65,2841.98,53997.67,0.00,0.00
PA-00721,CW-2025-0417-CIV,Ridgeway Civil Engineering LLC,S-03 Access Road,Z4 Escarpment,2025-08-10,2025-08-24,2025-09-01,161349.60,8067.48,153282.12,0.00,0.00
PA-00722,CW-2025-0417-CIV,Ridgeway Civil Engineering LLC,S-05 Compound Extension,Z3 Wadi Crossing,2025-08-17,2025-08-26,2025-09-04,438118.38,21905.91,416212.47,0.00,0.00
PA-00723,CW-2025-0417-CIV,Ridgeway Civil Engineering LLC,S-01 Platform North,Z3 Wadi Crossing,2025-12-12,2025-12-16,2026-01-01,128877.27,6443.86,122433.41,0.00,0.00
PA-00724,CW-2025-0417-CIV,Ridgeway Civil Engineering LLC,S-03 Access Road,Z4 Escarpment,2026-07-01,2026-07-12,2026-07-29,208591.82,10429.59,198162.23,0.00,0.00
PA-00725,CW-2025-0417-CIV,Ridgeway Civil Engineering LLC,S-04 Drainage Corridor,Z1 Compound,2025-11-14,2025-11-28,2025-12-12,356123.32,17806.16,338317.16,0.00,0.00
PA-00726,CW-2025-0417-CIV,Ridgeway Civil Engineering LLC,S-05 Compound Extension,Z3 Wadi Crossing,2025-05-16,2025-05-24,2025-06-05,131561.85,6578.09,124983.76,0.00,0.00
PA-00727,CW-2025-0417-CIV,Ridgeway Civil Engineering LLC,S-04 Drainage Corridor,Z2 North Spur,2025-03-27,2025-04-01,2025-04-06,40360.34,2018.01,38342.33,0.00,0.00
PA-00728,CW-2025-0417-CIV,Ridgeway Civil Engineering LLC,S-01 Platform North,Z2 North Spur,2026-02-09,2026-02-22,2026-03-06,468831.43,23441.57,445389.86,0.00,0.00
PA-00729,CW-2025-0417-CIV,Ridgeway Civil Engineering LLC,S-05 Compound Extension,Z4 Escarpment,2025-06-26,2025-07-06,2025-07-18,117874.52,5893.72,111980.80,0.00,0.00
PA-00730,CW-2025-0417-CIV,Ridgeway Civil Engineering LLC,S-03 Access Road,Z2 North Spur,2025-07-30,2025-08-09,2025-08-22,238166.53,11908.32,226258.21,0.00,0.00
PA-00731,CW-2025-0417-CIV,Ridgeway Civil Engineering LLC,S-01 Platform North,Z2 North Spur,2025-05-03,2025-05-12,2025-05-17,317311.68,15865.58,301446.10,0.00,0.00
PA-00732,CW-2025-0417-CIV,Ridgeway Civil Engineering LLC,S-01 Platform North,Z2 North Spur,2025-06-01,2025-06-10,2025-06-12,184907.74,9245.38,175662.36,0.00,0.00
PA-00733,CW-2025-0417-CIV,Ridgeway Civil Engineering LLC,S-01 Platform North,Z1 Compound,2025-04-18,2025-04-26,2025-04-28,99989.70,4999.48,94990.22,0.00,0.00
PA-00734,CW-2025-0417-CIV,Ridgeway Civil Engineering LLC,S-02 Platform South,Z2 North Spur,2026-02-02,2026-02-12,2026-02-21,221077.53,11053.87,210023.66,0.00,0.00
PA-00735,CW-2025-0417-CIV,Ridgeway Civil Engineering LLC,S-05 Compound Extension,Z4 Escarpment,2025-03-26,2025-04-05,2025-04-08,61568.79,3078.43,58490.36,0.00,0.00
PA-00736,CW-2025-0417-CIV,Ridgeway Civil Engineering LLC,S-04 Drainage Corridor,Z4 Escarpment,2025-10-17,2025-11-01,2025-11-14,146266.65,7313.33,138953.32,0.00,0.00
PA-00737,CW-2025-0417-CIV,Ridgeway Civil Engineering LLC,S-04 Drainage Corridor,Z4 Escarpment,2025-09-30,2025-10-15,2025-10-22,293497.68,14674.88,278822.80,0.00,0.00
PA-00738,CW-2025-0417-CIV,Ridgeway Civil Engineering LLC,S-01 Platform North,Z1 Compound,2026-07-05,2026-07-14,2026-08-04,230452.21,11522.61,218929.60,0.00,0.00
PA-00739,CW-2025-0417-CIV,Ridgeway Civil Engineering LLC,S-04 Drainage Corridor,Z2 North Spur,2025-04-04,2025-04-19,2025-04-27,528513.45,26425.67,502087.78,0.00,0.00
PA-00740,CW-2025-0417-CIV,Ridgeway Civil Engineering LLC,S-02 Platform South,Z4 Escarpment,2025-04-07,2025-04-19,2025-05-05,320550.78,16027.53,304523.25,0.00,0.00
PA-00741,CW-2025-0417-CIV,Ridgeway Civil Engineering LLC,S-05 Compound Extension,Z4 Escarpment,2026-03-24,2026-04-04,2026-04-12,38890.50,1944.52,36945.98,0.00,0.00
PA-00742,CW-2025-0417-CIV,Ridgeway Civil Engineering LLC,S-02 Platform South,Z2 North Spur,2026-06-13,2026-06-27,2026-07-01,107792.35,5389.61,102402.74,0.00,0.00
PA-00743,CW-2025-0417-CIV,Ridgeway Civil Engineering LLC,S-03 Access Road,Z3 Wadi Crossing,2025-07-25,2025-08-03,2025-08-13,97503.86,4875.19,92628.67,0.00,0.00
PA-00744,CW-2025-0417-CIV,Ridgeway Civil Engineering LLC,S-03 Access Road,Z3 Wadi Crossing,2026-01-29,2026-02-09,2026-02-20,185347.60,9267.38,176080.22,0.00,0.00
PA-00745,CW-2025-0417-CIV,Ridgeway Civil Engineering LLC,S-04 Drainage Corridor,Z1 Compound,2025-04-15,2025-04-27,2025-05-06,138854.71,6942.73,131911.98,0.00,0.00
PA-00746,CW-2025-0417-CIV,Ridgeway Civil Engineering LLC,S-03 Access Road,Z2 North Spur,2025-08-02,2025-08-09,2025-08-11,56265.30,2813.26,53452.04,0.00,0.00
PA-00747,CW-2025-0417-CIV,Ridgeway Civil Engineering LLC,S-05 Compound Extension,Z3 Wadi Crossing,2025-07-24,2025-07-30,2025-08-13,241785.46,12089.27,229696.19,0.00,0.00
PA-00748,CW-2025-0417-CIV,Ridgeway Civil Engineering LLC,S-05 Compound Extension,Z4 Escarpment,2025-03-30,2025-04-14,2025-05-05,291920.96,14596.04,277324.92,0.00,0.00
PA-00749,CW-2025-0417-CIV,Ridgeway Civil Engineering LLC,S-02 Platform South,Z1 Compound,2026-01-28,2026-02-09,2026-02-21,126173.20,6308.66,119864.54,0.00,0.00
PA-00750,CW-2025-0417-CIV,Ridgeway Civil Engineering LLC,S-03 Access Road,Z3 Wadi Crossing,2026-04-12,2026-04-17,2026-05-08,124229.38,6211.46,118017.92,0.00,0.00
PA-00751,CW-2025-0417-CIV,Ridgeway Civil Engineering LLC,S-04 Drainage Corridor,Z4 Escarpment,2026-04-09,2026-04-23,2026-05-11,118805.81,5940.29,112865.52,0.00,0.00
PA-00752,CW-2025-0417-CIV,Ridgeway Civil Engineering LLC,S-04 Drainage Corridor,Z2 North Spur,2025-11-01,2025-11-08,2025-11-23,57306.19,2865.30,54440.89,0.00,0.00
PA-00753,CW-2025-0417-CIV,Ridgeway Civil Engineering LLC,S-04 Drainage Corridor,Z4 Escarpment,2025-12-16,2025-12-28,2025-12-31,221968.97,11098.44,210870.53,0.00,0.00
PA-00754,CW-2025-0417-CIV,Ridgeway Civil Engineering LLC,S-03 Access Road,Z4 Escarpment,2025-05-17,2025-05-26,2025-06-01,217455.77,10872.78,206582.99,0.00,0.00
PA-00755,CW-2025-0417-CIV,Ridgeway Civil Engineering LLC,S-01 Platform North,Z2 North Spur,2026-05-11,2026-05-17,2026-06-03,103511.10,5175.55,98335.55,0.00,0.00
PA-00756,CW-2025-0417-CIV,Ridgeway Civil Engineering LLC,S-02 Platform South,Z1 Compound,2026-03-17,2026-03-20,2026-03-22,29869.50,1493.47,28376.03,0.00,0.00
PA-00757,CW-2025-0417-CIV,Ridgeway Civil Engineering LLC,S-03 Access Road,Z3 Wadi Crossing,2025-10-26,2025-11-01,2025-11-14,171488.52,8574.42,162914.10,0.00,0.00
PA-00758,CW-2025-0417-CIV,Ridgeway Civil Engineering LLC,S-03 Access Road,Z4 Escarpment,2025-03-13,2025-03-17,2025-03-28,256387.35,12819.36,243567.99,0.00,0.00
PA-00759,CW-2025-0417-CIV,Ridgeway Civil Engineering LLC,S-01 Platform North,Z3 Wadi Crossing,2025-08-01,2025-08-11,2025-08-21,177031.44,8851.57,168179.87,0.00,0.00
PA-00760,CW-2025-0417-CIV,Ridgeway Civil Engineering LLC,S-03 Access Road,Z4 Escarpment,2025-11-07,2025-11-11,2025-11-23,324786.67,16239.33,308547.34,0.00,0.00
PA-00761,CW-2025-0417-CIV,Ridgeway Civil Engineering LLC,S-04 Drainage Corridor,Z2 North Spur,2025-03-17,2025-03-27,2025-04-11,84513.96,4225.69,80288.27,0.00,0.00
PA-00762,CW-2025-0417-CIV,Ridgeway Civil Engineering LLC,S-04 Drainage Corridor,Z2 North Spur,2025-09-11,2025-09-19,2025-09-25,98249.15,4912.45,93336.70,0.00,0.00
PA-00763,CW-2025-0417-CIV,Ridgeway Civil Engineering LLC,S-03 Access Road,Z4 Escarpment,2025-10-05,2025-10-19,2025-10-21,287129.18,14356.45,272772.73,0.00,0.00
PA-00764,CW-2025-0417-CIV,Ridgeway Civil Engineering LLC,S-01 Platform North,Z1 Compound,2026-01-13,2026-01-21,2026-02-08,6087.20,304.36,5782.84,0.00,0.00
PA-00765,CW-2025-0417-CIV,Ridgeway Civil Engineering LLC,S-02 Platform South,Z1 Compound,2025-01-25,2025-02-09,2025-03-01,237793.19,11889.65,225903.54,0.00,0.00
PA-00766,CW-2025-0417-CIV,Ridgeway Civil Engineering LLC,S-01 Platform North,Z1 Compound,2026-01-02,2026-01-10,2026-01-30,313278.66,15663.93,297614.73,0.00,0.00
PA-00767,CW-2025-0417-CIV,Ridgeway Civil Engineering LLC,S-05 Compound Extension,Z3 Wadi Crossing,2025-12-24,2026-01-01,2026-01-04,89963.74,4498.18,85465.56,0.00,0.00
PA-00768,CW-2025-0417-CIV,Ridgeway Civil Engineering LLC,S-03 Access Road,Z1 Compound,2025-09-25,2025-10-05,2025-10-12,81520.26,4076.01,77444.25,0.00,0.00
PA-00769,CW-2025-0417-CIV,Ridgeway Civil Engineering LLC,S-01 Platform North,Z4 Escarpment,2025-08-03,2025-08-11,2025-08-29,376632.88,18831.64,357801.24,0.00,0.00
PA-00770,CW-2025-0417-CIV,Ridgeway Civil Engineering LLC,S-03 Access Road,Z4 Escarpment,2025-08-22,2025-08-30,2025-09-07,174062.01,8703.10,165358.91,0.00,0.00
PA-00771,CW-2025-0417-CIV,Ridgeway Civil Engineering LLC,S-03 Access Road,Z4 Escarpment,2026-07-02,2026-07-16,2026-08-01,132315.75,6615.78,125699.97,0.00,0.00
PA-00772,CW-2025-0417-CIV,Ridgeway Civil Engineering LLC,S-03 Access Road,Z3 Wadi Crossing,2025-01-18,2025-01-24,2025-02-12,64976.08,3248.80,61727.28,0.00,0.00
PA-00773,CW-2025-0417-CIV,Ridgeway Civil Engineering LLC,S-01 Platform North,Z2 North Spur,2025-08-27,2025-09-04,2025-09-18,14444.39,722.21,13722.18,0.00,0.00
PA-00774,CW-2025-0417-CIV,Ridgeway Civil Engineering LLC,S-02 Platform South,Z4 Escarpment,2025-06-21,2025-07-01,2025-07-14,316850.80,15842.54,301008.26,0.00,0.00
PA-00775,CW-2025-0417-CIV,Ridgeway Civil Engineering LLC,S-04 Drainage Corridor,Z1 Compound,2026-07-03,2026-07-10,2026-07-17,144042.59,7202.12,136840.47,0.00,0.00
PA-00776,CW-2025-0417-CIV,Ridgeway Civil Engineering LLC,S-02 Platform South,Z3 Wadi Crossing,2026-05-25,2026-06-02,2026-06-22,168122.36,8406.11,159716.25,0.00,0.00
PA-00777,CW-2025-0417-CIV,Ridgeway Civil Engineering LLC,S-03 Access Road,Z1 Compound,2025-04-01,2025-04-13,2025-04-20,46328.40,2316.42,44011.98,0.00,0.00
PA-00778,CW-2025-0417-CIV,Ridgeway Civil Engineering LLC,S-03 Access Road,Z2 North Spur,2025-04-26,2025-05-03,2025-05-21,42106.11,2105.30,40000.81,0.00,0.00
PA-00779,CW-2025-0417-CIV,Ridgeway Civil Engineering LLC,S-04 Drainage Corridor,Z2 North Spur,2025-07-04,2025-07-13,2025-07-26,298165.43,14908.27,283257.16,0.00,0.00
PA-00780,CW-2025-0417-CIV,Ridgeway Civil Engineering LLC,S-02 Platform South,Z1 Compound,2026-08-06,2026-08-13,2026-09-03,112043.84,5602.19,106441.65,0.00,0.00
PA-00781,CW-2025-0417-CIV,Ridgeway Civil Engineering LLC,S-05 Compound Extension,Z1 Compound,2026-05-21,2026-05-27,2026-06-13,179937.29,8996.86,170940.43,0.00,0.00
PA-00782,CW-2025-0417-CIV,Ridgeway Civil Engineering LLC,S-04 Drainage Corridor,Z3 Wadi Crossing,2025-08-19,2025-09-02,2025-09-13,295544.96,14777.24,280767.72,0.00,0.00
PA-00783,CW-2025-0417-CIV,Ridgeway Civil Engineering LLC,S-05 Compound Extension,Z2 North Spur,2026-06-24,2026-07-03,2026-07-14,35356.09,1767.80,33588.29,0.00,0.00
PA-00784,CW-2025-0417-CIV,Ridgeway Civil Engineering LLC,S-03 Access Road,Z3 Wadi Crossing,2025-10-14,2025-10-30,2025-11-14,233308.80,11665.44,221643.36,0.00,0.00
PA-00785,CW-2025-0417-CIV,Ridgeway Civil Engineering LLC,S-03 Access Road,Z3 Wadi Crossing,2025-07-11,2025-07-19,2025-08-01,83739.98,4186.99,79552.99,0.00,0.00
PA-00786,CW-2025-0417-CIV,Ridgeway Civil Engineering LLC,S-03 Access Road,Z4 Escarpment,2025-03-30,2025-04-14,2025-04-28,367445.24,18372.26,349072.98,0.00,0.00
PA-00787,CW-2025-0417-CIV,Ridgeway Civil Engineering LLC,S-01 Platform North,Z1 Compound,2025-08-12,2025-08-25,2025-09-10,180257.83,9012.89,171244.94,0.00,0.00
PA-00788,CW-2025-0417-CIV,Ridgeway Civil Engineering LLC,S-04 Drainage Corridor,Z2 North Spur,2026-07-26,2026-08-07,2026-08-18,320819.07,16040.95,304778.12,0.00,0.00
PA-00789,CW-2025-0417-CIV,Ridgeway Civil Engineering LLC,S-05 Compound Extension,Z4 Escarpment,2025-10-22,2025-10-30,2025-11-17,194031.56,9701.57,184329.99,0.00,0.00
PA-00790,CW-2025-0417-CIV,Ridgeway Civil Engineering LLC,S-03 Access Road,Z1 Compound,2026-02-19,2026-03-04,2026-03-14,250683.72,12534.18,238149.54,0.00,0.00
PA-00791,CW-2025-0417-CIV,Ridgeway Civil Engineering LLC,S-05 Compound Extension,Z1 Compound,2026-04-02,2026-04-20,2026-04-23,180858.39,9042.91,171815.48,0.00,0.00
PA-00792,CW-2025-0417-CIV,Ridgeway Civil Engineering LLC,S-04 Drainage Corridor,Z3 Wadi Crossing,2025-01-25,2025-02-02,2025-02-10,135432.13,6771.60,128660.53,0.00,0.00
PA-00793,CW-2025-0417-CIV,Ridgeway Civil Engineering LLC,S-04 Drainage Corridor,Z2 North Spur,2025-05-28,2025-06-03,2025-06-13,284062.98,14203.14,269859.84,0.00,0.00
PA-00794,CW-2025-0417-CIV,Ridgeway Civil Engineering LLC,S-01 Platform North,Z4 Escarpment,2025-05-11,2025-05-23,2025-05-28,374510.50,18725.52,355784.98,0.00,0.00
PA-00795,CW-2025-0417-CIV,Ridgeway Civil Engineering LLC,S-01 Platform North,Z3 Wadi Crossing,2026-05-23,2026-05-29,2026-06-08,44574.38,2228.71,42345.67,0.00,0.00
PA-00796,CW-2025-0417-CIV,Ridgeway Civil Engineering LLC,S-05 Compound Extension,Z4 Escarpment,2025-06-19,2025-06-30,2025-07-17,424840.37,21242.01,403598.36,0.00,0.00
PA-00797,CW-2025-0417-CIV,Ridgeway Civil Engineering LLC,S-03 Access Road,Z4 Escarpment,2025-03-28,2025-04-02,2025-04-12,109987.14,5499.35,104487.79,0.00,0.00
PA-00798,CW-2025-0417-CIV,Ridgeway Civil Engineering LLC,S-05 Compound Extension,Z4 Escarpment,2025-02-22,2025-03-02,2025-03-22,116723.22,5836.16,110887.06,0.00,0.00
PA-00799,CW-2025-0417-CIV,Ridgeway Civil Engineering LLC,S-02 Platform South,Z2 North Spur,2026-06-21,2026-06-28,2026-07-08,273919.13,13695.95,260223.18,0.00,0.00
PA-00800,CW-2025-0417-CIV,Ridgeway Civil Engineering LLC,S-04 Drainage Corridor,Z4 Escarpment,2026-03-24,2026-04-01,2026-04-06,136228.48,6811.42,129417.06,0.00,0.00
PA-00801,CW-2025-0417-CIV,Ridgeway Civil Engineering LLC,S-04 Drainage Corridor,Z1 Compound,2026-08-07,2026-08-15,2026-08-29,112149.23,5607.46,106541.77,0.00,0.00
PA-00802,CW-2025-0417-CIV,Ridgeway Civil Engineering LLC,S-02 Platform South,Z4 Escarpment,2026-05-11,2026-05-16,2026-05-21,26070.55,1303.52,24767.03,0.00,0.00
PA-00803,CW-2025-0417-CIV,Ridgeway Civil Engineering LLC,S-03 Access Road,Z1 Compound,2025-07-05,2025-07-09,2025-07-12,403350.62,20167.53,383183.09,0.00,0.00
PA-00804,CW-2025-0417-CIV,Ridgeway Civil Engineering LLC,S-04 Drainage Corridor,Z2 North Spur,2025-04-09,2025-04-23,2025-05-13,225483.51,11274.17,214209.34,0.00,0.00
PA-00805,CW-2025-0417-CIV,Ridgeway Civil Engineering LLC,S-02 Platform South,Z3 Wadi Crossing,2025-08-07,2025-08-24,2025-09-09,401033.55,20051.67,380981.88,0.00,0.00
PA-00806,CW-2025-0417-CIV,Ridgeway Civil Engineering LLC,S-03 Access Road,Z1 Compound,2026-03-07,2026-03-16,2026-03-24,261806.92,13090.34,248716.58,0.00,0.00
PA-00807,CW-2025-0417-CIV,Ridgeway Civil Engineering LLC,S-01 Platform North,Z2 North Spur,2026-01-30,2026-02-14,2026-02-20,109811.66,5490.58,104321.08,0.00,0.00
PA-00808,CW-2025-0417-CIV,Ridgeway Civil Engineering LLC,S-05 Compound Extension,Z4 Escarpment,2025-07-28,2025-08-06,2025-08-17,175305.63,8765.28,166540.35,0.00,0.00
PA-00809,CW-2025-0417-CIV,Ridgeway Civil Engineering LLC,S-04 Drainage Corridor,Z4 Escarpment,2025-09-23,2025-10-11,2025-10-30,261793.13,13089.65,248703.48,0.00,0.00
PA-00810,CW-2025-0417-CIV,Ridgeway Civil Engineering LLC,S-01 Platform North,Z4 Escarpment,2025-10-24,2025-11-01,2025-11-11,240808.31,12040.41,228767.90,0.00,0.00
PA-00811,CW-2025-0417-CIV,Ridgeway Civil Engineering LLC,S-04 Drainage Corridor,Z3 Wadi Crossing,2026-05-17,2026-05-31,2026-06-13,140221.11,7011.05,133210.06,0.00,0.00
PA-00812,CW-2025-0417-CIV,Ridgeway Civil Engineering LLC,S-03 Access Road,Z4 Escarpment,2025-08-14,2025-08-24,2025-09-12,181022.47,9051.12,171971.35,0.00,0.00
PA-00813,CW-2025-0417-CIV,Ridgeway Civil Engineering LLC,S-04 Drainage Corridor,Z4 Escarpment,2025-04-23,2025-05-07,2025-05-12,302835.55,15141.77,287693.78,0.00,0.00
PA-00814,CW-2025-0417-CIV,Ridgeway Civil Engineering LLC,S-02 Platform South,Z1 Compound,2025-11-30,2025-12-02,2025-12-20,50792.20,2539.61,48252.59,0.00,0.00
PA-00815,CW-2025-0417-CIV,Ridgeway Civil Engineering LLC,S-01 Platform North,Z4 Escarpment,2025-03-15,2025-03-25,2025-04-07,257174.10,12858.70,244315.40,0.00,0.00
PA-00816,CW-2025-0417-CIV,Ridgeway Civil Engineering LLC,S-05 Compound Extension,Z2 North Spur,2025-03-18,2025-04-01,2025-04-07,319310.27,15965.51,303344.76,0.00,0.00
PA-00817,CW-2025-0417-CIV,Ridgeway Civil Engineering LLC,S-04 Drainage Corridor,Z3 Wadi Crossing,2026-08-03,2026-08-11,2026-08-27,174812.18,8740.60,166071.58,0.00,0.00
PA-00818,CW-2025-0417-CIV,Ridgeway Civil Engineering LLC,S-05 Compound Extension,Z2 North Spur,2025-06-07,2025-06-15,2025-07-02,263977.56,13198.87,250778.69,0.00,0.00
PA-00819,CW-2025-0417-CIV,Ridgeway Civil Engineering LLC,S-04 Drainage Corridor,Z2 North Spur,2026-07-25,2026-08-01,2026-08-07,209685.85,10484.29,199201.56,0.00,0.00
PA-00820,CW-2025-0417-CIV,Ridgeway Civil Engineering LLC,S-04 Drainage Corridor,Z3 Wadi Crossing,2026-01-05,2026-01-25,2026-02-05,188186.09,9409.30,178776.79,0.00,0.00
PA-00821,CW-2025-0417-CIV,Ridgeway Civil Engineering LLC,S-03 Access Road,Z3 Wadi Crossing,2025-10-02,2025-10-14,2025-10-29,278589.75,13929.48,264660.27,0.00,0.00
PA-00822,CW-2025-0417-CIV,Ridgeway Civil Engineering LLC,S-05 Compound Extension,Z2 North Spur,2026-05-07,2026-05-14,2026-06-03,84484.32,4224.21,80260.11,0.00,0.00
PA-00823,CW-2025-0417-CIV,Ridgeway Civil Engineering LLC,S-04 Drainage Corridor,Z1 Compound,2025-11-22,2025-11-26,2025-12-07,75118.80,3755.94,71362.86,0.00,0.00
PA-00824,CW-2025-0417-CIV,Ridgeway Civil Engineering LLC,S-03 Access Road,Z2 North Spur,2025-01-30,2025-02-07,2025-02-27,161577.12,8078.85,153498.27,0.00,0.00
PA-00825,CW-2025-0417-CIV,Ridgeway Civil Engineering LLC,S-02 Platform South,Z2 North Spur,2026-03-17,2026-04-06,2026-04-18,101196.63,5059.83,96136.80,0.00,0.00
PA-00826,CW-2025-0417-CIV,Ridgeway Civil Engineering LLC,S-04 Drainage Corridor,Z4 Escarpment,2025-05-28,2025-06-06,2025-06-15,214145.51,10707.27,203438.24,0.00,0.00
PA-00827,CW-2025-0417-CIV,Ridgeway Civil Engineering LLC,S-01 Platform North,Z4 Escarpment,2025-05-16,2025-05-19,2025-05-31,384096.69,19204.83,364891.86,0.00,0.00
PA-00828,CW-2025-0417-CIV,Ridgeway Civil Engineering LLC,S-04 Drainage Corridor,Z3 Wadi Crossing,2025-05-01,2025-05-09,2025-05-23,82439.75,4121.98,78317.77,0.00,0.00
PA-00829,CW-2025-0417-CIV,Ridgeway Civil Engineering LLC,S-04 Drainage Corridor,Z3 Wadi Crossing,2026-07-04,2026-07-17,2026-07-25,383957.46,19197.87,364759.59,0.00,0.00
PA-00830,CW-2025-0417-CIV,Ridgeway Civil Engineering LLC,S-04 Drainage Corridor,Z2 North Spur,2025-02-26,2025-03-10,2025-03-13,119338.97,5966.94,113372.03,0.00,0.00
PA-00831,CW-2025-0417-CIV,Ridgeway Civil Engineering LLC,S-02 Platform South,Z2 North Spur,2025-04-04,2025-04-20,2025-05-03,201743.31,10087.16,191656.15,0.00,0.00
PA-00832,CW-2025-0417-CIV,Ridgeway Civil Engineering LLC,S-05 Compound Extension,Z3 Wadi Crossing,2025-09-03,2025-09-13,2025-09-30,231027.59,11551.37,219476.22,0.00,0.00
PA-00833,CW-2025-0417-CIV,Ridgeway Civil Engineering LLC,S-03 Access Road,Z1 Compound,2025-08-26,2025-09-02,2025-09-16,52758.67,2637.93,50120.74,0.00,0.00
PA-00834,CW-2025-0417-CIV,Ridgeway Civil Engineering LLC,S-05 Compound Extension,Z1 Compound,2026-04-13,2026-04-21,2026-05-07,90665.61,4533.28,86132.33,0.00,0.00
PA-00835,CW-2025-0417-CIV,Ridgeway Civil Engineering LLC,S-02 Platform South,Z3 Wadi Crossing,2026-01-03,2026-01-20,2026-01-30,170230.54,8511.52,161719.02,0.00,0.00
PA-00836,CW-2025-0417-CIV,Ridgeway Civil Engineering LLC,S-01 Platform North,Z4 Escarpment,2025-03-23,2025-03-27,2025-04-01,26159.60,1307.98,24851.62,0.00,0.00
PA-00837,CW-2025-0417-CIV,Ridgeway Civil Engineering LLC,S-05 Compound Extension,Z2 North Spur,2025-02-14,2025-03-02,2025-03-21,49104.71,2455.23,46649.48,0.00,0.00
PA-00838,CW-2025-0417-CIV,Ridgeway Civil Engineering LLC,S-01 Platform North,Z2 North Spur,2026-02-17,2026-02-23,2026-03-01,19098.90,954.94,18143.96,0.00,0.00
PA-00839,CW-2025-0417-CIV,Ridgeway Civil Engineering LLC,S-05 Compound Extension,Z4 Escarpment,2025-09-07,2025-09-24,2025-09-30,644050.48,32202.52,611847.96,0.00,0.00
PA-00840,CW-2025-0417-CIV,Ridgeway Civil Engineering LLC,S-05 Compound Extension,Z3 Wadi Crossing,2026-07-21,2026-07-28,2026-08-04,165136.92,8256.84,156880.08,0.00,0.00
PA-00841,CW-2025-0417-CIV,Ridgeway Civil Engineering LLC,S-05 Compound Extension,Z1 Compound,2025-07-27,2025-08-09,2025-08-13,243262.86,12163.14,231099.72,0.00,0.00
PA-00842,CW-2025-0417-CIV,Ridgeway Civil Engineering LLC,S-04 Drainage Corridor,Z4 Escarpment,2025-06-29,2025-07-03,2025-07-16,37629.15,1881.45,35747.70,0.00,0.00
PA-00843,CW-2025-0417-CIV,Ridgeway Civil Engineering LLC,S-04 Drainage Corridor,Z1 Compound,2026-01-01,2026-01-10,2026-01-30,175515.59,8775.77,166739.82,0.00,0.00
PA-00844,CW-2025-0417-CIV,Ridgeway Civil Engineering LLC,S-03 Access Road,Z3 Wadi Crossing,2025-03-19,2025-03-27,2025-04-05,37975.46,1898.77,36076.69,0.00,0.00
PA-00845,CW-2025-0417-CIV,Ridgeway Civil Engineering LLC,S-01 Platform North,Z2 North Spur,2025-09-14,2025-09-20,2025-10-02,392233.85,19611.69,372622.16,0.00,0.00
PA-00846,CW-2025-0417-CIV,Ridgeway Civil Engineering LLC,S-04 Drainage Corridor,Z3 Wadi Crossing,2025-06-10,2025-06-18,2025-07-09,33706.92,1685.34,32021.58,0.00,0.00
PA-00847,CW-2025-0417-CIV,Ridgeway Civil Engineering LLC,S-03 Access Road,Z3 Wadi Crossing,2025-07-12,2025-07-22,2025-08-06,9295.58,464.77,8830.81,0.00,0.00
PA-00848,CW-2025-0417-CIV,Ridgeway Civil Engineering LLC,S-01 Platform North,Z3 Wadi Crossing,2026-01-13,2026-01-27,2026-02-15,185534.74,9276.73,176258.01,0.00,0.00
PA-00849,CW-2025-0417-CIV,Ridgeway Civil Engineering LLC,S-03 Access Road,Z2 North Spur,2025-11-12,2025-11-22,2025-12-05,87458.89,4372.94,83085.95,0.00,0.00
PA-00850,CW-2025-0417-CIV,Ridgeway Civil Engineering LLC,S-03 Access Road,Z1 Compound,2025-03-22,2025-04-02,2025-04-21,410263.26,20513.16,389750.10,0.00,0.00
PA-00851,CW-2025-0417-CIV,Ridgeway Civil Engineering LLC,S-01 Platform North,Z1 Compound,2025-12-27,2026-01-04,2026-01-10,166132.39,8306.61,157825.78,0.00,0.00
PA-00852,CW-2025-0417-CIV,Ridgeway Civil Engineering LLC,S-05 Compound Extension,Z2 North Spur,2026-04-03,2026-04-20,2026-04-28,174047.09,8702.35,165344.74,0.00,0.00
PA-00853,CW-2025-0417-CIV,Ridgeway Civil Engineering LLC,S-02 Platform South,Z2 North Spur,2025-12-18,2025-12-24,2025-12-28,54687.03,2734.35,51952.68,0.00,0.00
PA-00854,CW-2025-0417-CIV,Ridgeway Civil Engineering LLC,S-02 Platform South,Z2 North Spur,2025-05-28,2025-06-10,2025-06-21,63635.90,3181.79,60454.11,0.00,0.00
PA-00855,CW-2025-0417-CIV,Ridgeway Civil Engineering LLC,S-03 Access Road,Z3 Wadi Crossing,2025-08-14,2025-08-22,2025-09-08,505385.24,25269.26,480115.98,0.00,0.00
PA-00856,CW-2025-0417-CIV,Ridgeway Civil Engineering LLC,S-01 Platform North,Z2 North Spur,2026-03-23,2026-04-01,2026-04-10,133438.28,6671.91,126766.37,0.00,0.00
PA-00857,CW-2025-0417-CIV,Ridgeway Civil Engineering LLC,S-04 Drainage Corridor,Z3 Wadi Crossing,2026-02-08,2026-02-16,2026-02-23,70792.16,3539.60,67252.56,0.00,0.00
PA-00858,CW-2025-0417-CIV,Ridgeway Civil Engineering LLC,S-05 Compound Extension,Z3 Wadi Crossing,2025-03-01,2025-03-17,2025-04-03,75097.00,3754.85,71342.15,0.00,0.00
PA-00859,CW-2025-0417-CIV,Ridgeway Civil Engineering LLC,S-02 Platform South,Z1 Compound,2025-11-28,2025-12-08,2025-12-19,141398.24,7069.91,134328.33,0.00,0.00
PA-00860,CW-2025-0417-CIV,Ridgeway Civil Engineering LLC,S-05 Compound Extension,Z3 Wadi Crossing,2025-11-29,2025-12-18,2026-01-03,206764.03,10338.20,196425.83,0.00,0.00
PA-00861,CW-2025-0417-CIV,Ridgeway Civil Engineering LLC,S-03 Access Road,Z3 Wadi Crossing,2025-03-20,2025-03-24,2025-04-12,101966.19,5098.30,96867.89,0.00,0.00
PA-00862,CW-2025-0417-CIV,Ridgeway Civil Engineering LLC,S-02 Platform South,Z4 Escarpment,2025-09-19,2025-10-03,2025-10-08,327574.02,16378.70,311195.32,0.00,0.00
PA-00863,CW-2025-0417-CIV,Ridgeway Civil Engineering LLC,S-02 Platform South,Z1 Compound,2025-12-23,2026-01-07,2026-01-23,507003.67,25350.18,481653.49,0.00,0.00
PA-00864,CW-2025-0417-CIV,Ridgeway Civil Engineering LLC,S-02 Platform South,Z4 Escarpment,2025-02-07,2025-02-22,2025-02-24,28731.45,1436.57,27294.88,0.00,0.00
PA-00865,CW-2025-0417-CIV,Ridgeway Civil Engineering LLC,S-02 Platform South,Z1 Compound,2025-10-12,2025-10-23,2025-11-02,238514.57,11925.72,226588.85,0.00,0.00
PA-00866,CW-2025-0417-CIV,Ridgeway Civil Engineering LLC,S-05 Compound Extension,Z1 Compound,2025-08-21,2025-08-28,2025-09-02,108663.00,5433.15,103229.85,0.00,0.00
PA-00867,CW-2025-0417-CIV,Ridgeway Civil Engineering LLC,S-04 Drainage Corridor,Z2 North Spur,2025-08-03,2025-08-11,2025-08-23,224933.71,11246.68,213687.03,0.00,0.00
PA-00868,CW-2025-0417-CIV,Ridgeway Civil Engineering LLC,S-03 Access Road,Z2 North Spur,2026-03-21,2026-04-07,2026-04-15,185127.21,9256.36,175870.85,0.00,0.00
PA-00869,CW-2025-0417-CIV,Ridgeway Civil Engineering LLC,S-02 Platform South,Z1 Compound,2025-03-05,2025-03-11,2025-03-27,166043.22,8302.16,157741.06,0.00,0.00
PA-00870,CW-2025-0417-CIV,Ridgeway Civil Engineering LLC,S-03 Access Road,Z3 Wadi Crossing,2025-07-20,2025-08-04,2025-08-09,93277.50,4663.87,88613.63,0.00,0.00
PA-00871,CW-2025-0417-CIV,Ridgeway Civil Engineering LLC,S-04 Drainage Corridor,Z3 Wadi Crossing,2025-04-17,2025-05-01,2025-05-06,85224.47,4261.22,80963.25,0.00,0.00
PA-00872,CW-2025-0417-CIV,Ridgeway Civil Engineering LLC,S-01 Platform North,Z3 Wadi Crossing,2026-05-20,2026-05-29,2026-06-02,119244.54,5962.22,113282.32,0.00,0.00
PA-00873,CW-2025-0417-CIV,Ridgeway Civil Engineering LLC,S-05 Compound Extension,Z3 Wadi Crossing,2026-08-22,2026-08-29,2026-09-18,114449.07,5722.45,108726.62,0.00,0.00
PA-00874,CW-2025-0417-CIV,Ridgeway Civil Engineering LLC,S-02 Platform South,Z3 Wadi Crossing,2026-02-03,2026-02-10,2026-02-25,83722.91,4186.14,79536.77,0.00,0.00
PA-00875,CW-2025-0417-CIV,Ridgeway Civil Engineering LLC,S-03 Access Road,Z4 Escarpment,2025-02-11,2025-02-21,2025-03-09,121556.75,6077.83,115478.92,0.00,0.00
PA-00876,CW-2025-0417-CIV,Ridgeway Civil Engineering LLC,S-01 Platform North,Z1 Compound,2025-11-01,2025-11-07,2025-11-27,451565.00,22578.25,428986.75,0.00,0.00
PA-00877,CW-2025-0417-CIV,Ridgeway Civil Engineering LLC,S-03 Access Road,Z3 Wadi Crossing,2025-06-05,2025-06-22,2025-06-24,430042.06,21502.10,408539.96,0.00,0.00
PA-00878,CW-2025-0417-CIV,Ridgeway Civil Engineering LLC,S-03 Access Road,Z4 Escarpment,2026-01-31,2026-02-12,2026-02-25,38637.49,1931.87,36705.62,0.00,0.00
PA-00879,CW-2025-0417-CIV,Ridgeway Civil Engineering LLC,S-04 Drainage Corridor,Z4 Escarpment,2025-04-06,2025-04-18,2025-05-08,184737.09,9236.85,175500.24,0.00,0.00
PA-00880,CW-2025-0417-CIV,Ridgeway Civil Engineering LLC,S-05 Compound Extension,Z4 Escarpment,2026-01-07,2026-01-16,2026-02-03,242427.24,12121.36,230305.88,0.00,0.00
PA-00881,CW-2025-0417-CIV,Ridgeway Civil Engineering LLC,S-03 Access Road,Z4 Escarpment,2025-07-09,2025-07-14,2025-07-20,220027.59,11001.37,209026.22,0.00,0.00
PA-00882,CW-2025-0417-CIV,Ridgeway Civil Engineering LLC,S-02 Platform South,Z3 Wadi Crossing,2026-01-02,2026-01-14,2026-01-19,69992.25,3499.61,66492.64,0.00,0.00
PA-00883,CW-2025-0417-CIV,Ridgeway Civil Engineering LLC,S-03 Access Road,Z1 Compound,2025-11-04,2025-11-13,2025-11-19,106348.20,5317.41,101030.79,0.00,0.00
PA-00884,CW-2025-0417-CIV,Ridgeway Civil Engineering LLC,S-02 Platform South,Z3 Wadi Crossing,2026-07-02,2026-07-13,2026-07-29,312516.23,15625.81,296890.42,0.00,0.00
PA-00885,CW-2025-0417-CIV,Ridgeway Civil Engineering LLC,S-03 Access Road,Z3 Wadi Crossing,2025-02-07,2025-02-10,2025-02-25,62913.15,3145.65,59767.50,0.00,0.00
PA-00886,CW-2025-0417-CIV,Ridgeway Civil Engineering LLC,S-01 Platform North,Z1 Compound,2025-12-24,2026-01-02,2026-01-10,228750.60,11437.53,217313.07,0.00,0.00
PA-00887,CW-2025-0417-CIV,Ridgeway Civil Engineering LLC,S-05 Compound Extension,Z3 Wadi Crossing,2025-12-27,2026-01-08,2026-01-14,271572.19,13578.60,257993.59,0.00,0.00
PA-00888,CW-2025-0417-CIV,Ridgeway Civil Engineering LLC,S-04 Drainage Corridor,Z4 Escarpment,2026-01-19,2026-02-01,2026-02-19,200435.07,10021.75,190413.32,0.00,0.00
PA-00889,CW-2025-0417-CIV,Ridgeway Civil Engineering LLC,S-05 Compound Extension,Z4 Escarpment,2026-07-21,2026-08-06,2026-08-13,311490.48,15574.52,295915.96,0.00,0.00
PA-00890,CW-2025-0417-CIV,Ridgeway Civil Engineering LLC,S-01 Platform North,Z4 Escarpment,2026-05-21,2026-06-08,2026-06-23,286203.96,14310.19,271893.77,0.00,0.00
PA-00891,CW-2025-0417-CIV,Ridgeway Civil Engineering LLC,S-05 Compound Extension,Z1 Compound,2026-02-14,2026-02-20,2026-03-05,16405.30,820.26,15585.04,0.00,0.00
PA-00892,CW-2025-0417-CIV,Ridgeway Civil Engineering LLC,S-01 Platform North,Z4 Escarpment,2026-05-30,2026-06-07,2026-06-10,75201.33,3760.06,71441.27,0.00,0.00
PA-00893,CW-2025-0417-CIV,Ridgeway Civil Engineering LLC,S-05 Compound Extension,Z3 Wadi Crossing,2026-08-08,2026-08-23,2026-08-29,259388.76,12969.43,246419.33,0.00,0.00
PA-00894,CW-2025-0417-CIV,Ridgeway Civil Engineering LLC,S-03 Access Road,Z4 Escarpment,2025-07-19,2025-08-02,2025-08-08,61423.37,3071.16,58352.21,0.00,0.00
PA-00895,CW-2025-0417-CIV,Ridgeway Civil Engineering LLC,S-01 Platform North,Z4 Escarpment,2025-12-06,2025-12-21,2026-01-02,299581.82,14979.09,284602.73,0.00,0.00
PA-00896,CW-2025-0417-CIV,Ridgeway Civil Engineering LLC,S-03 Access Road,Z3 Wadi Crossing,2025-08-22,2025-08-27,2025-09-15,144097.16,7204.85,136892.31,0.00,0.00
PA-00897,CW-2025-0417-CIV,Ridgeway Civil Engineering LLC,S-05 Compound Extension,Z4 Escarpment,2025-10-16,2025-10-22,2025-10-29,670891.46,33544.57,637346.89,0.00,0.00
PA-00898,CW-2025-0417-CIV,Ridgeway Civil Engineering LLC,S-04 Drainage Corridor,Z2 North Spur,2025-06-10,2025-06-19,2025-07-09,62756.66,3137.83,59618.83,0.00,0.00
PA-00899,CW-2025-0417-CIV,Ridgeway Civil Engineering LLC,S-04 Drainage Corridor,Z2 North Spur,2025-09-15,2025-09-28,2025-10-09,73213.34,3660.66,69552.68,0.00,0.00
PA-00900,CW-2025-0417-CIV,Ridgeway Civil Engineering LLC,S-05 Compound Extension,Z1 Compound,2025-09-18,2025-09-26,2025-10-13,109031.10,5451.55,103579.55,0.00,0.00
